{
  "probas-mean-bl": {
    "score": 0.3164384912751625,
    "bin_accuracy": [
      0.05,
      0.18181818181818182,
      0.0,
      0.2857142857142857,
      0.3,
      0.5,
      0.4305555555555556,
      0.4666666666666667,
      0.5161290322580645,
      0.6248153618906942
    ],
    "bin_confidence": [
      0.04012254411354661,
      0.15346258415868788,
      0.2557627027509389,
      0.3468223222270829,
      0.436718672948579,
      0.5536497157398789,
      0.6530813115849183,
      0.7552860651550319,
      0.851668015844165,
      0.9944612332757488
    ],
    "bin_count": [
      20,
      11,
      9,
      14,
      10,
      50,
      72,
      75,
      62,
      677
    ],
    "bin_edges": [
      0.0,
      0.1,
      0.2,
      0.30000000000000004,
      0.4,
      0.5,
      0.6000000000000001,
      0.7000000000000001,
      0.8,
      0.9,
      1.0
    ],
    "n_samples": 1000
  },
  "probas-min-bl": {
    "score": 0.3123127543120645,
    "bin_accuracy": [
      0.25274725274725274,
      0.49122807017543857,
      0.4230769230769231,
      0.4444444444444444,
      0.5789473684210527,
      0.45,
      0.42105263157894735,
      0.5925925925925926,
      0.37142857142857144,
      0.6366459627329193
    ],
    "bin_confidence": [
      0.048650039242232566,
      0.14580546358698293,
      0.24863333942798468,
      0.35534772442446816,
      0.4466059364770588,
      0.5500590950250626,
      0.6468415134831479,
      0.757570970941473,
      0.8537410429545811,
      0.9963218330041222
    ],
    "bin_count": [
      91,
      57,
      52,
      36,
      19,
      20,
      19,
      27,
      35,
      644
    ],
    "bin_edges": [
      0.0,
      0.1,
      0.2,
      0.30000000000000004,
      0.4,
      0.5,
      0.6000000000000001,
      0.7000000000000001,
      0.8,
      0.9,
      1.0
    ],
    "n_samples": 1000
  },
  "token-sar-bl": {
    "score": 0.34899452639184897,
    "bin_accuracy": [
      0.18518518518518517,
      0.5,
      0.47619047619047616,
      0.48,
      0.5555555555555556,
      0.38095238095238093,
      0.35714285714285715,
      0.7142857142857143,
      0.42857142857142855,
      0.6005361930294906
    ],
    "bin_confidence": [
      0.049294774903467405,
      0.14639464256010556,
      0.2453016968710082,
      0.3550941705703735,
      0.4437495254808002,
      0.5498018718901134,
      0.6457908238683429,
      0.7548412226495289,
      0.8466904447192237,
      0.9975440774622296
    ],
    "bin_count": [
      54,
      38,
      42,
      25,
      18,
      21,
      14,
      21,
      21,
      746
    ],
    "bin_edges": [
      0.0,
      0.1,
      0.2,
      0.30000000000000004,
      0.4,
      0.5,
      0.6000000000000001,
      0.7000000000000001,
      0.8,
      0.9,
      1.0
    ],
    "n_samples": 1000
  },
  "probas-mean": {
    "score": 0.2621682512109555,
    "bin_accuracy": [
      0.25,
      0.0,
      0.0,
      0.15384615384615385,
      0.35,
      0.42857142857142855,
      0.37037037037037035,
      0.5212765957446809,
      0.5637860082304527,
      0.6830601092896175
    ],
    "bin_confidence": [
      0.04768017097376287,
      0.1788386876384417,
      0.24763490229964513,
      0.3606195090371722,
      0.45891052974284835,
      0.5603893262971537,
      0.6529611830105065,
      0.7541329595680881,
      0.8491258600896567,
      0.9682429427637015
    ],
    "bin_count": [
      4,
      3,
      6,
      13,
      20,
      49,
      108,
      188,
      243,
      366
    ],
    "bin_edges": [
      0.0,
      0.1,
      0.2,
      0.30000000000000004,
      0.4,
      0.5,
      0.6000000000000001,
      0.7000000000000001,
      0.8,
      0.9,
      1.0
    ],
    "n_samples": 1000
  },
  "probas-min": {
    "score": 0.1533588300199669,
    "bin_accuracy": [
      0.25925925925925924,
      0.26666666666666666,
      0.36538461538461536,
      0.4027777777777778,
      0.5,
      0.5,
      0.5405405405405406,
      0.6147540983606558,
      0.625,
      0.7063197026022305
    ],
    "bin_confidence": [
      0.05865086894226249,
      0.15469613718466235,
      0.25174355653902175,
      0.34982986086115997,
      0.45591210737785615,
      0.5533135411664909,
      0.6464924681773107,
      0.7542215599738891,
      0.8451214619856964,
      0.9727782069934422
    ],
    "bin_count": [
      27,
      45,
      52,
      72,
      78,
      120,
      111,
      122,
      104,
      269
    ],
    "bin_edges": [
      0.0,
      0.1,
      0.2,
      0.30000000000000004,
      0.4,
      0.5,
      0.6000000000000001,
      0.7000000000000001,
      0.8,
      0.9,
      1.0
    ],
    "n_samples": 1000
  },
  "token-sar": {
    "score": 0.2662144223306044,
    "bin_accuracy": [
      0.2,
      0.0,
      0.125,
      0.14285714285714285,
      0.3,
      0.37037037037037035,
      0.4158415841584158,
      0.5060240963855421,
      0.5625,
      0.6736842105263158
    ],
    "bin_confidence": [
      0.05691774786429429,
      0.18169444244452984,
      0.25164379792555785,
      0.3657041641602931,
      0.4600652770914004,
      0.560073802745051,
      0.6585040295263165,
      0.7570115073977135,
      0.852508290366102,
      0.9673705822969476
    ],
    "bin_count": [
      5,
      3,
      8,
      14,
      20,
      54,
      101,
      166,
      240,
      380
    ],
    "bin_edges": [
      0.0,
      0.1,
      0.2,
      0.30000000000000004,
      0.4,
      0.5,
      0.6000000000000001,
      0.7000000000000001,
      0.8,
      0.9,
      1.0
    ],
    "n_samples": 1000
  },
  "probas-mean-alltokens": {
    "score": 0.22406429512679404,
    "bin_accuracy": [
      NaN,
      NaN,
      NaN,
      NaN,
      0.25,
      0.2962962962962963,
      0.4322033898305085,
      0.5395348837209303,
      0.5921787709497207,
      0.8253968253968254
    ],
    "bin_confidence": [
      NaN,
      NaN,
      NaN,
      NaN,
      0.47537072688006743,
      0.559374016149638,
      0.6613393694685177,
      0.7569915723625816,
      0.8427537771642762,
      0.9176101562734524
    ],
    "bin_count": [
      0,
      0,
      0,
      0,
      4,
      27,
      118,
      430,
      358,
      63
    ],
    "bin_edges": [
      0.0,
      0.1,
      0.2,
      0.30000000000000004,
      0.4,
      0.5,
      0.6000000000000001,
      0.7000000000000001,
      0.8,
      0.9,
      1.0
    ],
    "n_samples": 1000
  },
  "probas-min-alltokens": {
    "score": 0.5222472051559016,
    "bin_accuracy": [
      0.5360602798708288,
      0.7843137254901961,
      0.9230769230769231,
      0.6666666666666666,
      1.0,
      NaN,
      NaN,
      NaN,
      NaN,
      NaN
    ],
    "bin_confidence": [
      0.023117444082990338,
      0.13184013699783997,
      0.222432302740904,
      0.3408064941565196,
      0.4097007215023041,
      NaN,
      NaN,
      NaN,
      NaN,
      NaN
    ],
    "bin_count": [
      929,
      51,
      13,
      3,
      4,
      0,
      0,
      0,
      0,
      0
    ],
    "bin_edges": [
      0.0,
      0.1,
      0.2,
      0.30000000000000004,
      0.4,
      0.5,
      0.6000000000000001,
      0.7000000000000001,
      0.8,
      0.9,
      1.0
    ],
    "n_samples": 1000
  },
  "token-sar-alltokens": {
    "score": 0.3411428938433528,
    "bin_accuracy": [
      0.45161290322580644,
      0.6101694915254238,
      0.5232558139534884,
      0.48484848484848486,
      0.5609756097560976,
      0.5853658536585366,
      0.5,
      0.52,
      0.4482758620689655,
      0.5919811320754716
    ],
    "bin_confidence": [
      0.05559023830198472,
      0.16042630847985462,
      0.23956795322687127,
      0.350817367886052,
      0.4512194504098194,
      0.5437148213386536,
      0.65146803855896,
      0.7530431127548218,
      0.8538718942938179,
      0.9943265588778369
    ],