{
  "probas-mean-bl": {
    "score": 0.2749009192418492,
    "bin_accuracy": [
      0.0,
      0.2222222222222222,
      0.4444444444444444,
      0.7222222222222222,
      0.6571428571428571,
      0.5543478260869565,
      0.5368421052631579,
      0.5,
      0.5352112676056338,
      0.6954707985697258
    ],
    "bin_confidence": [
      0.050221426929864615,
      0.13808076994286644,
      0.2671222060021978,
      0.3748706683378529,
      0.44260407033065957,
      0.5568461663119755,
      0.6533667196317954,
      0.7575624589081799,
      0.8525322171514041,
      0.9953635225482851
    ],
    "bin_count": [
      9,
      9,
      9,
      18,
      35,
      92,
      95,
      140,
      142,
      1678
    ],
    "bin_edges": [
      0.0,
      0.1,
      0.2,
      0.30000000000000004,
      0.4,
      0.5,
      0.6000000000000001,
      0.7000000000000001,
      0.8,
      0.9,
      1.0
    ],
    "n_samples": 2227
  },
  "probas-min-bl": {
    "score": 0.3004669994791216,
    "bin_accuracy": [
      0.5740740740740741,
      0.472,
      0.5384615384615384,
      0.4772727272727273,
      0.6511627906976745,
      0.575,
      0.5454545454545454,
      0.38461538461538464,
      0.5616438356164384,
      0.7037735849056603
    ],
    "bin_confidence": [
      0.059558234088421785,
      0.14372290766239165,
      0.24707929216898405,
      0.3434942053122954,
      0.4552568481412045,
      0.557086992263794,
      0.646610514684157,
      0.7569503486156464,
      0.8574178594432466,
      0.997167395945615
    ],
    "bin_count": [
      162,
      125,
      65,
      44,
      43,
      40,
      33,
      52,
      73,
      1590
    ],
    "bin_edges": [
      0.0,
      0.1,
      0.2,
      0.30000000000000004,
      0.4,
      0.5,
      0.6000000000000001,
      0.7000000000000001,
      0.8,
      0.9,
      1.0
    ],
    "n_samples": 2227
  },
  "token-sar-bl": {
    "score": 0.3250191468782272,
    "bin_accuracy": [
      0.5777777777777777,
      0.59375,
      0.6129032258064516,
      0.5581395348837209,
      0.7333333333333333,
      0.48484848484848486,
      0.4583333333333333,
      0.4482758620689655,
      0.42857142857142855,
      0.6786922209695603
    ],
    "bin_confidence": [
      0.0584005868062377,
      0.14794412266928703,
      0.2546489719421633,
      0.33639455742614216,
      0.4489224672317505,
      0.553917767423572,
      0.6447451412677765,
      0.7560186098361837,
      0.8492262414523534,
      0.999057120138521
    ],
    "bin_count": [
      90,
      64,
      62,
      86,
      30,
      33,
      24,
      29,
      35,
      1774
    ],
    "bin_edges": [
      0.0,
      0.1,
      0.2,
      0.30000000000000004,
      0.4,
      0.5,
      0.6000000000000001,
      0.7000000000000001,
      0.8,
      0.9,
      1.0
    ],
    "n_samples": 2227
  },
  "probas-mean": {
    "score": 0.2182529558557995,
    "bin_accuracy": [
      0.5,
      0.3333333333333333,
      0.6666666666666666,
      0.21052631578947367,
      0.59375,
      0.5303030303030303,
      0.527027027027027,
      0.5173611111111112,
      0.6094069529652352,
      0.7403598971722365
    ],
    "bin_confidence": [
      0.05357280947888891,
      0.15465691930377015,
      0.24736859944365572,
      0.3491369272642931,
      0.4438733425490894,
      0.5627175735107651,
      0.6566768103124903,
      0.7559428011272588,
      0.8558030863074999,
      0.9640999480181793
    ],
    "bin_count": [
      6,
      3,
      9,
      19,
      32,
      66,
      148,
      288,
      489,
      1167
    ],
    "bin_edges": [
      0.0,
      0.1,
      0.2,
      0.30000000000000004,
      0.4,
      0.5,
      0.6000000000000001,
      0.7000000000000001,
      0.8,
      0.9,
      1.0
    ],
    "n_samples": 2227
  },
  "probas-min": {
    "score": 0.14672208500020312,
    "bin_accuracy": [
      0.5272727272727272,
      0.3902439024390244,
      0.6071428571428571,
      0.5132743362831859,
      0.5608108108108109,
      0.5096153846153846,
      0.6135458167330677,
      0.685064935064935,
      0.7091988130563798,
      0.7706708268330733
    ],
    "bin_confidence": [
      0.05530590636492679,
      0.14649248637320939,
      0.24438935852683677,
      0.358349834075097,
      0.4528160506183754,
      0.5515336422149957,
      0.6516407585076114,
      0.7515629690190583,
      0.8523422623274656,
      0.973232043772279
    ],
    "bin_count": [
      55,
      82,
      84,
      113,
      148,
      208,
      251,
      308,
      337,
      641
    ],
    "bin_edges": [
      0.0,
      0.1,
      0.2,
      0.30000000000000004,
      0.4,
      0.5,
      0.6000000000000001,
      0.7000000000000001,
      0.8,
      0.9,
      1.0
    ],
    "n_samples": 2227
  },
  "token-sar": {
    "score": 0.2149335030784156,
    "bin_accuracy": [
      0.42857142857142855,
      0.1111111111111111,
      0.6666666666666666,
      0.36363636363636365,
      0.55,
      0.43333333333333335,
      0.52,
      0.5285714285714286,
      0.5738916256157636,
      0.7363481228668942
    ],
    "bin_confidence": [
      0.05801803319520214,
      0.1656402375183864,
      0.24618914084201324,
      0.34750037403865375,
      0.45715892876423025,
      0.5627638386741093,
      0.6551951470430206,
      0.7520230219564344,
      0.853677275148561,
      0.9698017624617918
    ],
    "bin_count": [
      7,
      9,
      21,
      22,
      40,
      90,
      125,
      210,
      406,
      1172
    ],
    "bin_edges": [
      0.0,
      0.1,
      0.2,
      0.30000000000000004,
      0.4,
      0.5,
      0.6000000000000001,
      0.7000000000000001,
      0.8,
      0.9,
      1.0
    ],
    "n_samples": 2227
  },
  "p-true-bl": {
    "score": 0.1249895035604966,
    "bin_accuracy": [
      NaN,
      NaN,
      NaN,
      NaN,
      NaN,
      0.42857142857142855,
      0.7049180327868853,
      0.6769352290679305,
      0.6072463768115942,
      0.3
    ],
    "bin_confidence": [
      NaN,
      NaN,
      NaN,
      NaN,
      NaN,
      0.5517915572438922,
      0.6693757989856063,
      0.7565415968168027,
      0.8330585986807726,
      0.9112341910600662
    ],
    "bin_count": [
      0,
      0,
      0,
      0,
      0,
      7,
      244,
      1266,
      690,
      20
    ],
    "bin_edges": [
      0.0,
      0.1,
      0.2,
      0.30000000000000004,
      0.4,
      0.5,
      0.6000000000000001,
      0.7000000000000001,
      0.8,
      0.9,
      1.0
    ],
    "n_samples": 2227
  },
  "p-true-allsteps": {
    "score": 0.0859127279804274,
    "bin_accuracy": [
      NaN,
      NaN,
      NaN,
      NaN,
      0.5,
      0.6643835616438356,
      0.677027027027027,
      0.6517073170731708,
      0.6133333333333333,
      0.0
    ],
    "bin_confidence": [
      NaN,
      NaN,
      NaN,
      NaN,
      0.4707727538687842,
      0.5664371027521891,
      0.6592301960732486,
      0.7463113437629327,
      0.8288882035017013,
      0.9065187275409698
    ],
    "bin_count": [
      0,
      0,
      0,
      0,
      14,
      146,
      740,
      1025,
      300,
      2
    ],
    "bin_edges": [
      0.0,
      0.1,
      0.2,
      0.30000000000000004,
      0.4,
      0.5,
      0.6000000000000001,
      0.7000000000000001,
      0.8,
      0.9,
      1.0
    ],
    "n_samples": 2227
  },
  "p-true-keystep": {
    "score": 0.12672949953361862,
    "bin_accuracy": [
      NaN,
      NaN,
      NaN,
      NaN,
      NaN,
      0.7142857142857143,
      0.592,
      0.6818181818181818,
      0.6498800959232613,
      0.38636363636363635
    ],
    "bin_confidence": [
      NaN,
      NaN,
      NaN,
      NaN,
      NaN,
      0.5631422854605175,
      0.663344628572464,
      0.7580827840626351,
      0.8365344937613828,
      0.9166685749184001
    ],
    "bin_count": [
      0,
      0,
      0,
      0,
      0,
      21,
      250,
      1078,
      834,
      44
    ],