{
  "probas-mean-bl": {
    "score": 0.32744478867815496,
    "bin_accuracy": [
      0.0,
      0.25,
      0.2,
      0.4666666666666667,
      0.4375,
      0.46938775510204084,
      0.5,
      0.5128205128205128,
      0.6,
      0.5914454277286135
    ],
    "bin_confidence": [
      0.034837840590626,
      0.14146408415399492,
      0.2551829452315966,
      0.36346408452976625,
      0.45428714312618557,
      0.5549723892619005,
      0.6490324104210881,
      0.7536849545527113,
      0.8550064810068564,
      0.995014567871114
    ],
    "bin_count": [
      18,
      12,
      5,
      15,
      16,
      49,
      58,
      78,
      70,
      678
    ],
    "bin_edges": [
      0.0,
      0.1,
      0.2,
      0.30000000000000004,
      0.4,
      0.5,
      0.6000000000000001,
      0.7000000000000001,
      0.8,
      0.9,
      1.0
    ],
    "n_samples": 999
  },
  "probas-min-bl": {
    "score": 0.3554500056303911,
    "bin_accuracy": [
      0.34615384615384615,
      0.44642857142857145,
      0.48936170212765956,
      0.875,
      0.52,
      0.46153846153846156,
      0.39285714285714285,
      0.4117647058823529,
      0.4642857142857143,
      0.6033690658499234
    ],
    "bin_confidence": [
      0.05041937270942025,
      0.1428183282592467,
      0.24290047173804424,
      0.35162055244048435,
      0.4570264148712158,
      0.5548741932098682,
      0.648602449468204,
      0.7644898260340971,
      0.8538771165268761,
      0.9966572096848013
    ],
    "bin_count": [
      78,
      56,
      47,
      24,
      25,
      26,
      28,
      34,
      28,
      653
    ],
    "bin_edges": [
      0.0,
      0.1,
      0.2,
      0.30000000000000004,
      0.4,
      0.5,
      0.6000000000000001,
      0.7000000000000001,
      0.8,
      0.9,
      1.0
    ],
    "n_samples": 999
  },
  "token-sar-bl": {
    "score": 0.3678164309630911,
    "bin_accuracy": [
      0.20454545454545456,
      0.40540540540540543,
      0.53125,
      0.8,
      0.5909090909090909,
      0.43478260869565216,
      0.3333333333333333,
      0.52,
      0.6,
      0.586436170212766
    ],
    "bin_confidence": [
      0.04804489266296679,
      0.1390405091884974,
      0.2483841022476554,
      0.35969003438949587,
      0.45996819707480346,
      0.5602516920670219,
      0.6568675388892492,
      0.7633521771430969,
      0.8496628212928772,
      0.9975984653735415
    ],
    "bin_count": [
      44,
      37,
      32,
      15,
      22,
      23,
      24,
      25,
      25,
      752
    ],
    "bin_edges": [
      0.0,
      0.1,
      0.2,
      0.30000000000000004,
      0.4,
      0.5,
      0.6000000000000001,
      0.7000000000000001,
      0.8,
      0.9,
      1.0
    ],
    "n_samples": 999
  },
  "probas-mean": {
    "score": 0.27793221355685915,
    "bin_accuracy": [
      0.0,
      0.0,
      0.5,
      0.2857142857142857,
      0.2777777777777778,
      0.38596491228070173,
      0.44554455445544555,
      0.4968152866242038,
      0.5411764705882353,
      0.6590330788804071
    ],
    "bin_confidence": [
      0.07655714079737663,
      0.1933224567522605,
      0.2653379162886378,
      0.3501795819977555,
      0.4694815239022538,
      0.5568646342079188,
      0.654492881229624,
      0.7525009828397917,
      0.8506942435065499,
      0.9681860217837752
    ],
    "bin_count": [
      1,
      2,
      8,
      7,
      18,
      57,
      101,
      157,
      255,
      393
    ],
    "bin_edges": [
      0.0,
      0.1,
      0.2,
      0.30000000000000004,
      0.4,
      0.5,
      0.6000000000000001,
      0.7000000000000001,
      0.8,
      0.9,
      1.0
    ],
    "n_samples": 999
  },
  "probas-min": {
    "score": 0.17770836245273888,
    "bin_accuracy": [
      0.4583333333333333,
      0.42,
      0.3157894736842105,
      0.35714285714285715,
      0.44047619047619047,
      0.5384615384615384,
      0.4857142857142857,
      0.6,
      0.5984251968503937,
      0.6819787985865724
    ],
    "bin_confidence": [
      0.05685807265607374,
      0.1548604520412652,
      0.24950884813205243,
      0.35340288738495634,
      0.4544189494279174,
      0.5501922470726283,
      0.6524791032659277,
      0.750510823973845,
      0.8499107109906636,
      0.9738825894116582
    ],
    "bin_count": [
      24,
      50,
      38,
      56,
      84,
      117,
      105,
      115,
      127,
      283
    ],
    "bin_edges": [
      0.0,
      0.1,
      0.2,
      0.30000000000000004,
      0.4,
      0.5,
      0.6000000000000001,
      0.7000000000000001,
      0.8,
      0.9,
      1.0
    ],
    "n_samples": 999
  },
  "token-sar": {
    "score": 0.2781281247164854,
    "bin_accuracy": [
      0.0,
      0.25,
      0.375,
      0.2222222222222222,
      0.38095238095238093,
      0.328125,
      0.5,
      0.5070422535211268,
      0.5061728395061729,
      0.6601941747572816
    ],
    "bin_confidence": [
      0.0812135169593875,
      0.17006922872605895,
      0.26211770125189804,
      0.3574613140371547,
      0.4712770534063786,
      0.5593538042428752,
      0.6567442504797643,
      0.7537869711052558,
      0.8496812878666278,
      0.9675802907536892
    ],
    "bin_count": [
      1,
      4,
      8,
      9,
      21,
      64,
      86,
      142,
      243,
      412
    ],
    "bin_edges": [
      0.0,
      0.1,
      0.2,
      0.30000000000000004,
      0.4,
      0.5,
      0.6000000000000001,
      0.7000000000000001,
      0.8,
      0.9,
      1.0
    ],
    "n_samples": 999
  },
  "probas-mean-alltokens": {
    "score": 0.23494491439827198,
    "bin_accuracy": [
      NaN,
      NaN,
      NaN,
      NaN,
      1.0,
      0.6785714285714286,
      0.5370370370370371,
      0.536036036036036,
      0.5576407506702413,
      0.627906976744186
    ],
    "bin_confidence": [
      NaN,
      NaN,
      NaN,
      NaN,
      0.47804388638913115,
      0.5633957631903639,
      0.6628634711143074,
      0.7549876638139533,
      0.8437652476222313,
      0.9160690124543848
    ],
    "bin_count": [
      0,
      0,
      0,
      0,
      3,
      28,
      108,
      444,
      373,
      43
    ],
    "bin_edges": [
      0.0,
      0.1,
      0.2,
      0.30000000000000004,
      0.4,
      0.5,
      0.6000000000000001,
      0.7000000000000001,
      0.8,
      0.9,
      1.0
    ],
    "n_samples": 999
  },
  "probas-min-alltokens": {
    "score": 0.5246418481338415,
    "bin_accuracy": [
      0.5430672268907563,
      0.717948717948718,
      1.0,
      NaN,
      NaN,
      NaN,
      NaN,
      NaN,
      NaN,
      NaN
    ],
    "bin_confidence": [
      0.022863319845079687,
      0.13451702109514138,
      0.23384367488324642,
      NaN,
      NaN,
      NaN,
      NaN,
      NaN,
      NaN,
      NaN
    ],
    "bin_count": [
      952,
      39,
      8,
      0,
      0,
      0,
      0,
      0,
      0,
      0
    ],
    "bin_edges": [
      0.0,
      0.1,
      0.2,
      0.30000000000000004,
      0.4,
      0.5,
      0.6000000000000001,
      0.7000000000000001,
      0.8,
      0.9,
      1.0
    ],
    "n_samples": 999
  },
  "token-sar-alltokens": {
    "score": 0.33540879561378434,
    "bin_accuracy": [
      0.46,
      0.5984251968503937,
      0.5515463917525774,
      0.45454545454545453,
      0.4838709677419355,
      0.5,
      0.5333333333333333,
      0.5,
      0.5238095238095238,
      0.5926892950391645
    ],
    "bin_confidence": [
      0.05857041858136654,
      0.15535831950076923,
      0.23986087954535926,
      0.35589985143054614,
      0.4498844886979749,
      0.5479475328555474,
      0.6462384402751923,
      0.7452054066317422,
      0.8571749868847075,
      0.9951389271658955
    ],
    "bin_count": [
      100,
      127,
      194,
      33,
      31,
      52,
      30,
      28,
      21,
      383
    ],