{
  "probas-mean-bl": {
    "score": 0.6270110306687591,
    "bin_accuracy": [
      0.0,
      0.06451612903225806,
      0.1282051282051282,
      0.0979020979020979,
      0.0963302752293578,
      0.14950980392156862,
      0.1544461778471139,
      0.1584385763490241,
      0.18739770867430441,
      0.25976768743400214
    ],
    "bin_confidence": [
      0.05568739320213596,
      0.15380822221343313,
      0.25415639326516354,
      0.35395726199011573,
      0.45529933699793157,
      0.5522227029194611,
      0.6544589233978986,
      0.7531095261911631,
      0.8523988582303873,
      0.9799276063080606
    ],
    "bin_count": [
      25,
      62,
      78,
      143,
      218,
      408,
      641,
      871,
      1222,
      3788
    ],
    "bin_edges": [
      0.0,
      0.1,
      0.2,
      0.30000000000000004,
      0.4,
      0.5,
      0.6000000000000001,
      0.7000000000000001,
      0.8,
      0.9,
      1.0
    ],
    "n_samples": 7456
  },
  "probas-min-bl": {
    "score": 0.41043110011222167,
    "bin_accuracy": [
      0.12269938650306748,
      0.19207317073170732,
      0.15602836879432624,
      0.14331210191082802,
      0.21203438395415472,
      0.20317460317460317,
      0.16932907348242812,
      0.20253164556962025,
      0.22007722007722008,
      0.2801182557280118
    ],
    "bin_confidence": [
      0.043793592707716794,
      0.14543799323415973,
      0.24281349330788246,
      0.3488207043735844,
      0.45343334379373784,
      0.5558128483711727,
      0.6503895917258704,
      0.7553111215180989,
      0.8522957755561961,
      0.989966247778686
    ],
    "bin_count": [
      1467,
      656,
      423,
      314,
      349,
      315,
      313,
      395,
      518,
      2706
    ],
    "bin_edges": [
      0.0,
      0.1,
      0.2,
      0.30000000000000004,
      0.4,
      0.5,
      0.6000000000000001,
      0.7000000000000001,
      0.8,
      0.9,
      1.0
    ],
    "n_samples": 7456
  },
  "token-sar-bl": {
    "score": 0.6356559029451567,
    "bin_accuracy": [
      0.11076923076923077,
      0.19293478260869565,
      0.16095890410958905,
      0.1340782122905028,
      0.18691588785046728,
      0.2422360248447205,
      0.08333333333333333,
      0.16666666666666666,
      0.16071428571428573,
      0.2242940863079382
    ],
    "bin_confidence": [
      0.05189683390351442,
      0.15354295081013572,
      0.2427470951966227,
      0.35076940192856604,
      0.454055122404455,
      0.5449110369504608,
      0.6485206193867183,
      0.7508394963211483,
      0.854806164013488,
      0.9984838864007739
    ],
    "bin_count": [
      325,
      368,
      292,
      179,
      214,
      161,
      84,
      90,
      112,
      5631
    ],
    "bin_edges": [
      0.0,
      0.1,
      0.2,
      0.30000000000000004,
      0.4,
      0.5,
      0.6000000000000001,
      0.7000000000000001,
      0.8,
      0.9,
      1.0
    ],
    "n_samples": 7456
  },
  "probas-mean": {
    "score": 0.436659038842275,
    "bin_accuracy": [
      0.17819706498951782,
      0.17532467532467533,
      0.15945330296127563,
      0.12526096033402923,
      0.14471544715447154,
      0.1864406779661017,
      0.20717131474103587,
      0.2223756906077348,
      0.24162011173184358,
      0.27022900763358776
    ],
    "bin_confidence": [
      0.053181740599507504,
      0.14779808345682743,
      0.2519594143897342,
      0.35190135303191444,
      0.45306141418406737,
      0.5477792946834421,
      0.6500219086959002,
      0.7508908999921077,
      0.8486151509375692,
      0.9803515742322233
    ],
    "bin_count": [
      477,
      462,
      439,
      479,
      615,
      826,
      753,
      724,
      716,
      1965
    ],
    "bin_edges": [
      0.0,
      0.1,
      0.2,
      0.30000000000000004,
      0.4,
      0.5,
      0.6000000000000001,
      0.7000000000000001,
      0.8,
      0.9,
      1.0
    ],
    "n_samples": 7456
  },
  "probas-min": {
    "score": 0.31964066985909234,
    "bin_accuracy": [
      0.16308470290771176,
      0.1784090909090909,
      0.16236162361623616,
      0.17328519855595667,
      0.19489981785063754,
      0.2379421221864952,
      0.24557522123893805,
      0.24607329842931938,
      0.27932960893854747,
      0.26123778501628664
    ],
    "bin_confidence": [
      0.05034866769744064,
      0.14247174313821734,
      0.2511322299877041,
      0.34862374874415125,
      0.4508155255262841,
      0.5468814402266357,
      0.6501418844904429,
      0.7488509281037526,
      0.8517705400462389,
      0.9879474373120619
    ],
    "bin_count": [
      1582,
      880,
      542,
      554,
      549,
      622,
      452,
      382,
      358,
      1535
    ],
    "bin_edges": [
      0.0,
      0.1,
      0.2,
      0.30000000000000004,
      0.4,
      0.5,
      0.6000000000000001,
      0.7000000000000001,
      0.8,
      0.9,
      1.0
    ],
    "n_samples": 7456
  },
  "token-sar": {
    "score": 0.4151602644487225,
    "bin_accuracy": [
      0.18495934959349594,
      0.1669793621013133,
      0.14193548387096774,
      0.1468682505399568,
      0.12974683544303797,
      0.2,
      0.2027439024390244,
      0.2328966521106259,
      0.2384393063583815,
      0.2613818960899839
    ],
    "bin_confidence": [
      0.05378041918330746,
      0.14923446762318215,
      0.2506536902594587,
      0.3519323122964947,
      0.4520345618204145,
      0.5484838006792345,
      0.6496991630365331,
      0.7500784033222851,
      0.8514437946867536,
      0.9772048795426674
    ],
    "bin_count": [
      492,
      533,
      465,
      463,
      632,
      755,
      656,
      687,
      692,
      1867
    ],
    "bin_edges": [
      0.0,
      0.1,
      0.2,
      0.30000000000000004,
      0.4,
      0.5,
      0.6000000000000001,
      0.7000000000000001,
      0.8,
      0.9,
      1.0
    ],
    "n_samples": 7456
  },
  "probas-mean-alltokens": {
    "score": 0.5252859379515971,
    "bin_accuracy": [
      NaN,
      NaN,
      NaN,
      0.0,
      0.10810810810810811,
      0.16872427983539096,
      0.1616,
      0.1920257988859572,
      0.3007570543702684,
      0.4114583333333333
    ],
    "bin_confidence": [
      NaN,
      NaN,
      NaN,
      0.3478608705987054,
      0.47053865876239764,
      0.5626336287322169,
      0.658763256395241,
      0.7491580198614209,
      0.8369481733888954,
      0.9288622409655983
    ],
    "bin_count": [
      0,
      0,
      0,
      2,
      37,
      486,
      1875,
      3411,
      1453,
      192
    ],
    "bin_edges": [
      0.0,
      0.1,
      0.2,
      0.30000000000000004,
      0.4,
      0.5,
      0.6000000000000001,
      0.7000000000000001,
      0.8,
      0.9,
      1.0
    ],
    "n_samples": 7456
  },
  "probas-min-alltokens": {
    "score": 0.19085449871142837,
    "bin_accuracy": [
      0.20553955848073496,
      0.381294964028777,
      0.4,
      0.5,
      0.0,
      0.5,
      0.0,
      0.0,
      NaN,
      NaN
    ],
    "bin_confidence": [
      0.01596059700589457,
      0.13634970392897833,
      0.224709352850914,
      0.31598667800426483,
      0.4687906503677368,
      0.5716423988342285,
      0.6286506652832031,
      0.7488110363483429,
      NaN,
      NaN
    ],
    "bin_count": [
      7293,
      139,
      15,
      2,
      1,
      2,
      2,
      2,
      0,
      0
    ],
    "bin_edges": [
      0.0,
      0.1,
      0.2,
      0.30000000000000004,
      0.4,
      0.5,
      0.6000000000000001,
      0.7000000000000001,
      0.8,
      0.9,
      1.0
    ],
    "n_samples": 7456
  },
  "token-sar-alltokens": {
    "score": 0.3825601742689322,