{
  "probas-mean-bl": {
    "score": 0.268305142088991,
    "bin_accuracy": [
      0.0,
      0.0,
      0.3333333333333333,
      0.47058823529411764,
      0.42424242424242425,
      0.5982142857142857,
      0.55,
      0.5035971223021583,
      0.5514705882352942,
      0.6928183464091732
    ],
    "bin_confidence": [
      0.038619666872546074,
      0.1533096172762188,
      0.25627948112334265,
      0.3668936678555374,
      0.4537588562958835,
      0.5582596370559382,
      0.6496259235829156,
      0.7548084054745817,
      0.8513345489249582,
      0.9955606957271523
    ],
    "bin_count": [
      10,
      11,
      12,
      17,
      33,
      112,
      100,
      139,
      136,
      1657
    ],
    "bin_edges": [
      0.0,
      0.1,
      0.2,
      0.30000000000000004,
      0.4,
      0.5,
      0.6000000000000001,
      0.7000000000000001,
      0.8,
      0.9,
      1.0
    ],
    "n_samples": 2227
  },
  "probas-min-bl": {
    "score": 0.2972498229243945,
    "bin_accuracy": [
      0.4550561797752809,
      0.5620437956204379,
      0.5616438356164384,
      0.5,
      0.4,
      0.5714285714285714,
      0.5434782608695652,
      0.5581395348837209,
      0.4492753623188406,
      0.7043147208121827
    ],
    "bin_confidence": [
      0.05820004078245648,
      0.14277200732570494,
      0.24697631311743226,
      0.3422731041908264,
      0.4508266766866048,
      0.5504573260034834,
      0.6496677813322648,
      0.7519064046615778,
      0.8543211480845576,
      0.9969487794991677
    ],
    "bin_count": [
      178,
      137,
      73,
      40,
      30,
      35,
      46,
      43,
      69,
      1576
    ],
    "bin_edges": [
      0.0,
      0.1,
      0.2,
      0.30000000000000004,
      0.4,
      0.5,
      0.6000000000000001,
      0.7000000000000001,
      0.8,
      0.9,
      1.0
    ],
    "n_samples": 2227
  },
  "token-sar-bl": {
    "score": 0.3160174542293203,
    "bin_accuracy": [
      0.48514851485148514,
      0.6125,
      0.5942028985507246,
      0.5,
      0.42857142857142855,
      0.5555555555555556,
      0.5555555555555556,
      0.5428571428571428,
      0.3,
      0.6803185437997725
    ],
    "bin_confidence": [
      0.05983992929266083,
      0.14175442894920706,
      0.2524557923493178,
      0.33691585146718556,
      0.4477425856249673,
      0.5424206610079165,
      0.6541299488809373,
      0.7528888940811157,
      0.8554319441318512,
      0.9990133310205158
    ],
    "bin_count": [
      101,
      80,
      69,
      72,
      28,
      27,
      27,
      35,
      30,
      1758
    ],
    "bin_edges": [
      0.0,
      0.1,
      0.2,
      0.30000000000000004,
      0.4,
      0.5,
      0.6000000000000001,
      0.7000000000000001,
      0.8,
      0.9,
      1.0
    ],
    "n_samples": 2227
  },
  "probas-mean": {
    "score": 0.21748682177985074,
    "bin_accuracy": [
      0.75,
      0.42857142857142855,
      0.375,
      0.38095238095238093,
      0.47619047619047616,
      0.425,
      0.4507042253521127,
      0.5223880597014925,
      0.610236220472441,
      0.7489025460930641
    ],
    "bin_confidence": [
      0.06573753513614922,
      0.1372228616419884,
      0.2604152872494947,
      0.3667504598298547,
      0.46065277772380514,
      0.5549449096611279,
      0.6560541414597663,
      0.7535355980079262,
      0.8592176788266968,
      0.967337209150414
    ],
    "bin_count": [
      4,
      7,
      16,
      21,
      42,
      80,
      142,
      268,
      508,
      1139
    ],
    "bin_edges": [
      0.0,
      0.1,
      0.2,
      0.30000000000000004,
      0.4,
      0.5,
      0.6000000000000001,
      0.7000000000000001,
      0.8,
      0.9,
      1.0
    ],
    "n_samples": 2227
  },
  "probas-min": {
    "score": 0.143788521111122,
    "bin_accuracy": [
      0.43209876543209874,
      0.4675324675324675,
      0.41025641025641024,
      0.4766355140186916,
      0.5176470588235295,
      0.6062176165803109,
      0.592741935483871,
      0.6654929577464789,
      0.7281553398058253,
      0.7661764705882353
    ],
    "bin_confidence": [
      0.05275817056843543,
      0.14673480071440206,
      0.2525311639023071,
      0.3508564781533119,
      0.45234410969933003,
      0.55387639156743,
      0.6522709617194918,
      0.7503610918432954,
      0.8500219339098378,
      0.9739738499788759
    ],
    "bin_count": [
      81,
      77,
      78,
      107,
      170,
      193,
      248,
      284,
      309,
      680
    ],
    "bin_edges": [
      0.0,
      0.1,
      0.2,
      0.30000000000000004,
      0.4,
      0.5,
      0.6000000000000001,
      0.7000000000000001,
      0.8,
      0.9,
      1.0
    ],
    "n_samples": 2227
  },
  "token-sar": {
    "score": 0.20753937530618322,
    "bin_accuracy": [
      0.2,
      0.5454545454545454,
      0.38095238095238093,
      0.4074074074074074,
      0.42857142857142855,
      0.4625,
      0.43448275862068964,
      0.5260869565217391,
      0.5883905013192612,
      0.7422497785651019
    ],
    "bin_confidence": [
      0.051112964805411075,
      0.14872783912529283,
      0.2591605127407597,
      0.35955097956213783,
      0.4552446131523792,
      0.5507094027428111,
      0.6516483631480683,
      0.7559846523225865,
      0.8553504705072553,
      0.9706254096087308
    ],
    "bin_count": [
      15,
      11,
      21,
      27,
      49,
      80,
      145,
      230,
      379,
      1129
    ],
    "bin_edges": [
      0.0,
      0.1,
      0.2,
      0.30000000000000004,
      0.4,
      0.5,
      0.6000000000000001,
      0.7000000000000001,
      0.8,
      0.9,
      1.0
    ],
    "n_samples": 2227
  },
  "p-true-bl": {
    "score": 0.08190865377754605,
    "bin_accuracy": [
      NaN,
      NaN,
      NaN,
      0.6,
      0.5925925925925926,
      0.668997668997669,
      0.6732869910625621,
      0.6191222570532915,
      0.5054945054945055,
      0.0
    ],
    "bin_confidence": [
      NaN,
      NaN,
      NaN,
      0.3401440858840942,
      0.467404889287772,
      0.563320978121324,
      0.6533702217123832,
      0.7398646384197343,
      0.825421929359436,
      0.9375448028246561
    ],
    "bin_count": [
      0,
      0,
      0,
      5,
      54,
      429,
      1007,
      638,
      91,
      3
    ],
    "bin_edges": [
      0.0,
      0.1,
      0.2,
      0.30000000000000004,
      0.4,
      0.5,
      0.6000000000000001,
      0.7000000000000001,
      0.8,
      0.9,
      1.0
    ],
    "n_samples": 2227
  },
  "p-true-allsteps": {
    "score": 0.08296701132742666,
    "bin_accuracy": [
      NaN,
      NaN,
      NaN,
      0.3333333333333333,
      0.4782608695652174,
      0.6063829787234043,
      0.6478190630048465,
      0.6630901287553648,
      0.6559633027522935,
      0.38461538461538464
    ],
    "bin_confidence": [
      NaN,
      NaN,
      NaN,
      0.3677828411261241,
      0.47172711206519086,
      0.5641652478816661,
      0.6570225538075066,
      0.7481000011570975,
      0.8344949854349871,
      0.9158077056591327
    ],
    "bin_count": [
      0,
      0,
      0,
      3,
      23,
      188,
      619,
      932,
      436,
      26
    ],
    "bin_edges": [
      0.0,
      0.1,
      0.2,
      0.30000000000000004,
      0.4,
      0.5,
      0.6000000000000001,
      0.7000000000000001,
      0.8,
      0.9,
      1.0
    ],
    "n_samples": 2227
  },
  "p-true-keystep": {
    "score": 0.10549352540528771,
    "bin_accuracy": [
      NaN,
      NaN,
      NaN,
      NaN,
      0.75,
      0.5865384615384616,
      0.6348547717842323,
      0.6613386613386614,
      0.656198347107438,
      0.3870967741935484
    ],
    "bin_confidence": [
      NaN,
      NaN,
      NaN,
      NaN,
      0.44952477514743805,
      0.5684047209528776,
      0.6617928700081046,
      0.7540664450748341,
      0.8373807699227136,
      0.9169751771034733
    ],