{
  "probas-mean-bl": {
    "score": 0.6165521150419735,
    "bin_accuracy": [
      0.0,
      0.06666666666666667,
      0.11224489795918367,
      0.10236220472440945,
      0.12322274881516587,
      0.1328976034858388,
      0.15321252059308071,
      0.189873417721519,
      0.17009038619556285,
      0.2727272727272727
    ],
    "bin_confidence": [
      0.057206232375338575,
      0.15540920230284058,
      0.2542227414458282,
      0.3523274448360603,
      0.45452415822867315,
      0.5530308498302975,
      0.6531281645551869,
      0.7527947024755339,
      0.8535218511314118,
      0.9802123459708549
    ],
    "bin_count": [
      59,
      60,
      98,
      127,
      211,
      459,
      607,
      869,
      1217,
      3784
    ],
    "bin_edges": [
      0.0,
      0.1,
      0.2,
      0.30000000000000004,
      0.4,
      0.5,
      0.6000000000000001,
      0.7000000000000001,
      0.8,
      0.9,
      1.0
    ],
    "n_samples": 7491
  },
  "probas-min-bl": {
    "score": 0.3941141071926045,
    "bin_accuracy": [
      0.12795905310300704,
      0.16335227272727273,
      0.1642512077294686,
      0.1750841750841751,
      0.1437308868501529,
      0.17834394904458598,
      0.22021660649819494,
      0.17724867724867724,
      0.22772277227722773,
      0.3064159292035398
    ],
    "bin_confidence": [
      0.04342222445086121,
      0.14648269275626677,
      0.24663692561612613,
      0.34860114156196415,
      0.4498068376783202,
      0.550667328629524,
      0.6485791425842671,
      0.7545094064303807,
      0.8553207755088806,
      0.9892569898152421
    ],
    "bin_count": [
      1563,
      704,
      414,
      297,
      327,
      314,
      277,
      378,
      505,
      2712
    ],
    "bin_edges": [
      0.0,
      0.1,
      0.2,
      0.30000000000000004,
      0.4,
      0.5,
      0.6000000000000001,
      0.7000000000000001,
      0.8,
      0.9,
      1.0
    ],
    "n_samples": 7491
  },
  "token-sar-bl": {
    "score": 0.6275716147498922,
    "bin_accuracy": [
      0.1378299120234604,
      0.15625,
      0.17266187050359713,
      0.1864406779661017,
      0.1511111111111111,
      0.1875,
      0.23333333333333334,
      0.13186813186813187,
      0.16666666666666666,
      0.23208915620024764
    ],
    "bin_confidence": [
      0.05272340896755151,
      0.1503152060128438,
      0.243319035112429,
      0.34976140405498657,
      0.4534167549345228,
      0.547038062579102,
      0.6410808669196235,
      0.7567588785192468,
      0.8519664660648063,
      0.9987477909436843
    ],
    "bin_count": [
      341,
      384,
      278,
      177,
      225,
      144,
      90,
      91,
      108,
      5653
    ],
    "bin_edges": [
      0.0,
      0.1,
      0.2,
      0.30000000000000004,
      0.4,
      0.5,
      0.6000000000000001,
      0.7000000000000001,
      0.8,
      0.9,
      1.0
    ],
    "n_samples": 7491
  },
  "probas-mean": {
    "score": 0.4372629770444104,
    "bin_accuracy": [
      0.23031496062992127,
      0.17419354838709677,
      0.15254237288135594,
      0.17153284671532848,
      0.15478260869565216,
      0.18343949044585986,
      0.2,
      0.23505434782608695,
      0.2701863354037267,
      0.2559055118110236
    ],
    "bin_confidence": [
      0.053634788063406894,
      0.14665832205606655,
      0.24859876525942864,
      0.3509502618781303,
      0.4498962061074914,
      0.5482258021628365,
      0.648906854717413,
      0.7499920857982828,
      0.8493676331296812,
      0.9815753614787136
    ],
    "bin_count": [
      508,
      465,
      413,
      548,
      575,
      785,
      785,
      736,
      644,
      2032
    ],
    "bin_edges": [
      0.0,
      0.1,
      0.2,
      0.30000000000000004,
      0.4,
      0.5,
      0.6000000000000001,
      0.7000000000000001,
      0.8,
      0.9,
      1.0
    ],
    "n_samples": 7491
  },
  "probas-min": {
    "score": 0.3278983772230686,
    "bin_accuracy": [
      0.18825781748564135,
      0.17386363636363636,
      0.19343065693430658,
      0.17748091603053434,
      0.19498069498069498,
      0.2213967310549777,
      0.26180257510729615,
      0.2559366754617414,
      0.2563291139240506,
      0.25617283950617287
    ],
    "bin_confidence": [
      0.048893053138504824,
      0.1426907771710186,
      0.24574244800931028,
      0.3497833348364511,
      0.44953730427878613,
      0.5466367982167804,
      0.6468882402908988,
      0.7508624213766815,
      0.8487044522359259,
      0.9886126170326912
    ],
    "bin_count": [
      1567,
      880,
      548,
      524,
      518,
      673,
      466,
      379,
      316,
      1620
    ],
    "bin_edges": [
      0.0,
      0.1,
      0.2,
      0.30000000000000004,
      0.4,
      0.5,
      0.6000000000000001,
      0.7000000000000001,
      0.8,
      0.9,
      1.0
    ],
    "n_samples": 7491
  },
  "token-sar": {
    "score": 0.4119010223095434,
    "bin_accuracy": [
      0.22537878787878787,
      0.18129770992366412,
      0.1471861471861472,
      0.17790262172284643,
      0.14893617021276595,
      0.18533886583679116,
      0.20253164556962025,
      0.2280431432973806,
      0.2765957446808511,
      0.25039787798408486
    ],
    "bin_confidence": [
      0.054410849196501986,
      0.14657528609582124,
      0.24703767181158287,
      0.35011338729261177,
      0.45148566710633775,
      0.54926397164508,
      0.6487494890816151,
      0.7495470162394212,
      0.8491081502045411,
      0.9786775344091134
    ],
    "bin_count": [
      528,
      524,
      462,
      534,
      564,
      723,
      711,
      649,
      658,
      1885
    ],
    "bin_edges": [
      0.0,
      0.1,
      0.2,
      0.30000000000000004,
      0.4,
      0.5,
      0.6000000000000001,
      0.7000000000000001,
      0.8,
      0.9,
      1.0
    ],
    "n_samples": 7491
  },
  "probas-mean-alltokens": {
    "score": 0.5205335884385524,
    "bin_accuracy": [
      NaN,
      NaN,
      NaN,
      0.0,
      0.16071428571428573,
      0.17391304347826086,
      0.16416309012875535,
      0.1959739490822972,
      0.304,
      0.45454545454545453
    ],
    "bin_confidence": [
      NaN,
      NaN,
      NaN,
      0.3773983093701175,
      0.4731510792852312,
      0.5636371047594793,
      0.6602733657482449,
      0.7496866264643819,
      0.8366911502705275,
      0.9281283602288126
    ],
    "bin_count": [
      0,
      0,
      0,
      1,
      56,
      483,
      1864,
      3378,
      1500,
      209
    ],
    "bin_edges": [
      0.0,
      0.1,
      0.2,
      0.30000000000000004,
      0.4,
      0.5,
      0.6000000000000001,
      0.7000000000000001,
      0.8,
      0.9,
      1.0
    ],
    "n_samples": 7491
  },
  "probas-min-alltokens": {
    "score": 0.19650755767299485,
    "bin_accuracy": [
      0.20990180032733224,
      0.46511627906976744,
      0.4,
      0.7142857142857143,
      NaN,
      NaN,
      0.0,
      0.0,
      NaN,
      NaN
    ],
    "bin_confidence": [
      0.015872172376798162,
      0.1448882785300876,
      0.2255331352353096,
      0.36397107584135874,
      NaN,
      NaN,
      0.636528491973877,
      0.7627010345458984,
      NaN,
      NaN
    ],
    "bin_count": [
      7332,
      129,
      20,
      7,
      0,
      0,
      1,
      2,
      0,
      0
    ],
    "bin_edges": [
      0.0,
      0.1,
      0.2,
      0.30000000000000004,
      0.4,
      0.5,
      0.6000000000000001,
      0.7000000000000001,
      0.8,
      0.9,
      1.0
    ],
    "n_samples": 7491
  },
  "token-sar-alltokens": {
    "score": 0.3877146991203882,
    "bin_accuracy": [
      0.2238648363252376,
      0.23222748815165878,
      0.20436507936507936,
      0.18061674008810572,
      0.1857707509881423,
      0.21587301587301588,
      0.1978021978021978,
      0.1728395061728395,
      0.20103092783505155,
      0.21783681214421252
    ],