{
  "probas-mean-bl": {
    "score": 0.33071079911740686,
    "bin_accuracy": [
      NaN,
      0.0,
      0.0,
      0.16666666666666666,
      0.38461538461538464,
      0.6666666666666666,
      0.574468085106383,
      0.5645161290322581,
      0.5098039215686274,
      0.6192959582790091
    ],
    "bin_confidence": [
      NaN,
      0.1790020912885666,
      0.24206913262605667,
      0.3603372524182002,
      0.4626620972576814,
      0.5547406083135495,
      0.6468811279310593,
      0.7575613234926818,
      0.8494342780034927,
      0.9959605256880214
    ],
    "bin_count": [
      0,
      1,
      3,
      6,
      13,
      48,
      47,
      62,
      51,
      767
    ],
    "bin_edges": [
      0.0,
      0.1,
      0.2,
      0.30000000000000004,
      0.4,
      0.5,
      0.6000000000000001,
      0.7000000000000001,
      0.8,
      0.9,
      1.0
    ],
    "n_samples": 998
  },
  "probas-min-bl": {
    "score": 0.3711751327833127,
    "bin_accuracy": [
      0.66,
      0.6,
      0.5555555555555556,
      0.35,
      0.5,
      0.5,
      0.5,
      0.21052631578947367,
      0.36363636363636365,
      0.6331521739130435
    ],
    "bin_confidence": [
      0.06459732573479414,
      0.14461878732993053,
      0.24574932621585,
      0.3490055322647095,
      0.4503193497657776,
      0.567062442501386,
      0.6462138518691063,
      0.7415373544943961,
      0.8576827121503425,
      0.9976055631009133
    ],
    "bin_count": [
      50,
      65,
      45,
      20,
      10,
      12,
      8,
      19,
      33,
      736
    ],
    "bin_edges": [
      0.0,
      0.1,
      0.2,
      0.30000000000000004,
      0.4,
      0.5,
      0.6000000000000001,
      0.7000000000000001,
      0.8,
      0.9,
      1.0
    ],
    "n_samples": 998
  },
  "token-sar-bl": {
    "score": 0.3786780986494435,
    "bin_accuracy": [
      0.6764705882352942,
      0.5945945945945946,
      0.5405405405405406,
      0.5357142857142857,
      0.5,
      0.5555555555555556,
      0.5714285714285714,
      0.3333333333333333,
      0.35294117647058826,
      0.6148148148148148
    ],
    "bin_confidence": [
      0.06049743754898801,
      0.14963788015616908,
      0.25585095705212774,
      0.34277062863111496,
      0.44225751161575316,
      0.56562250190311,
      0.6430321420942035,
      0.7446948223643832,
      0.858515599194695,
      0.9989037641036658
    ],
    "bin_count": [
      34,
      37,
      37,
      28,
      10,
      9,
      7,
      9,
      17,
      810
    ],
    "bin_edges": [
      0.0,
      0.1,
      0.2,
      0.30000000000000004,
      0.4,
      0.5,
      0.6000000000000001,
      0.7000000000000001,
      0.8,
      0.9,
      1.0
    ],
    "n_samples": 998
  },
  "probas-mean": {
    "score": 0.2884915501704914,
    "bin_accuracy": [
      0.3333333333333333,
      0.5,
      0.0,
      0.0,
      0.5,
      0.34615384615384615,
      0.5128205128205128,
      0.4574468085106383,
      0.5450643776824035,
      0.6706281833616299
    ],
    "bin_confidence": [
      0.061042558401823044,
      0.14332354441285133,
      0.20919045029828945,
      0.35719720191425747,
      0.4461969164020706,
      0.5512275893230034,
      0.6511877536827216,
      0.7610260408613143,
      0.8576212809814736,
      0.9646680429886564
    ],
    "bin_count": [
      3,
      2,
      1,
      1,
      10,
      26,
      39,
      94,
      233,
      589
    ],
    "bin_edges": [
      0.0,
      0.1,
      0.2,
      0.30000000000000004,
      0.4,
      0.5,
      0.6000000000000001,
      0.7000000000000001,
      0.8,
      0.9,
      1.0
    ],
    "n_samples": 998
  },
  "probas-min": {
    "score": 0.1873052879949385,
    "bin_accuracy": [
      0.35714285714285715,
      0.375,
      0.4375,
      0.4864864864864865,
      0.5178571428571429,
      0.4647887323943662,
      0.6376811594202898,
      0.5984251968503937,
      0.6470588235294118,
      0.6718266253869969
    ],
    "bin_confidence": [
      0.06112700743238812,
      0.15677503168482754,
      0.2565436653640842,
      0.3533452726083185,
      0.4470843096216465,
      0.5548510840108244,
      0.6541026539175271,
      0.7509106189912274,
      0.8517787145766014,
      0.974123543516062
    ],
    "bin_count": [
      28,
      16,
      32,
      37,
      56,
      71,
      138,
      127,
      170,
      323
    ],
    "bin_edges": [
      0.0,
      0.1,
      0.2,
      0.30000000000000004,
      0.4,
      0.5,
      0.6000000000000001,
      0.7000000000000001,
      0.8,
      0.9,
      1.0
    ],
    "n_samples": 998
  },
  "token-sar": {
    "score": 0.2716425920341936,
    "bin_accuracy": [
      0.3333333333333333,
      0.5,
      1.0,
      0.0,
      0.45454545454545453,
      0.4090909090909091,
      0.34782608695652173,
      0.5147058823529411,
      0.5126903553299492,
      0.681184668989547
    ],
    "bin_confidence": [
      0.061042558401823044,
      0.14332354441285133,
      0.23605011184425914,
      0.3543671811415261,
      0.45536917650088515,
      0.5515353108389506,
      0.6495838112573121,
      0.7566816581551835,
      0.8555886657402053,
      0.9684266634256272
    ],
    "bin_count": [
      3,
      2,
      2,
      6,
      22,
      22,
      46,
      68,
      197,
      574
    ],
    "bin_edges": [
      0.0,
      0.1,
      0.2,
      0.30000000000000004,
      0.4,
      0.5,
      0.6000000000000001,
      0.7000000000000001,
      0.8,
      0.9,
      1.0
    ],
    "n_samples": 998
  },
  "p-true-bl": {
    "score": 0.18077996815134864,
    "bin_accuracy": [
      NaN,
      NaN,
      NaN,
      NaN,
      NaN,
      0.5,
      0.5671641791044776,
      0.6003824091778203,
      0.6125,
      0.5
    ],
    "bin_confidence": [
      NaN,
      NaN,
      NaN,
      NaN,
      NaN,
      0.5907671451568604,
      0.668006754633206,
      0.7595142274240235,
      0.8318983495235444,
      0.9158567686875662
    ],
    "bin_count": [
      0,
      0,
      0,
      0,
      0,
      2,
      67,
      523,
      400,
      6
    ],
    "bin_edges": [
      0.0,
      0.1,
      0.2,
      0.30000000000000004,
      0.4,
      0.5,
      0.6000000000000001,
      0.7000000000000001,
      0.8,
      0.9,
      1.0
    ],
    "n_samples": 998
  },
  "p-true-allsteps": {
    "score": 0.1227791504355853,
    "bin_accuracy": [
      NaN,
      NaN,
      NaN,
      NaN,
      0.5714285714285714,
      0.5849056603773585,
      0.5423728813559322,
      0.6107784431137725,
      0.7021276595744681,
      1.0
    ],
    "bin_confidence": [
      NaN,
      NaN,
      NaN,
      NaN,
      0.4550957296575819,
      0.5607187365585903,
      0.6612582485554582,
      0.7462814195665295,
      0.8256931681159541,
      0.9435559511184692
    ],
    "bin_count": [
      0,
      0,
      0,
      0,
      7,
      53,
      295,
      501,
      141,
      1
    ],
    "bin_edges": [
      0.0,
      0.1,
      0.2,
      0.30000000000000004,
      0.4,
      0.5,
      0.6000000000000001,
      0.7000000000000001,
      0.8,
      0.9,
      1.0
    ],
    "n_samples": 998
  },
  "p-true-keystep": {
    "score": 0.18317667530748788,
    "bin_accuracy": [
      NaN,
      NaN,
      NaN,
      NaN,
      0.0,
      0.42857142857142855,
      0.6,
      0.5842956120092379,
      0.6278538812785388,
      0.5416666666666666
    ],
    "bin_confidence": [
      NaN,
      NaN,
      NaN,
      NaN,
      0.43206337094306946,
      0.5777918015207563,
      0.6669474902905916,
      0.7570609879824085,
      0.8359445915918916,
      0.9176068951686224
    ],
    "bin_count": [
      0,
      0,
      0,
      0,
      1,
      7,
      95,
      433,
      438,
      24
    ],
    "bin_edges": [
      0.0,
      0.1,
      0.2,
      0.30000000000000004,
      0.4,
      0.5,
      0.6000000000000001,
      0.7000000000000001,
      0.8,
      0.9,
      1.0
    ],