{
  "probas-mean-bl": {
    "score": 0.22300750744156955,
    "bin_accuracy": [
      0.15,
      0.11764705882352941,
      0.11764705882352941,
      0.17391304347826086,
      0.3902439024390244,
      0.6082474226804123,
      0.5507246376811594,
      0.6444444444444445,
      0.5168539325842697,
      0.7389322916666666
    ],
    "bin_confidence": [
      0.04935961421579123,
      0.13326104284793724,
      0.2439751495456127,
      0.3455525336512657,
      0.45357369873445574,
      0.5544089481708651,
      0.65195116437663,
      0.7501437966098673,
      0.854636232346352,
      0.9940007101913494
    ],
    "bin_count": [
      20,
      17,
      17,
      23,
      41,
      97,
      138,
      180,
      178,
      1536
    ],
    "bin_edges": [
      0.0,
      0.1,
      0.2,
      0.30000000000000004,
      0.4,
      0.5,
      0.6000000000000001,
      0.7000000000000001,
      0.8,
      0.9,
      1.0
    ],
    "n_samples": 2247
  },
  "probas-min-bl": {
    "score": 0.24963251433057962,
    "bin_accuracy": [
      0.4407894736842105,
      0.546875,
      0.5700934579439252,
      0.43243243243243246,
      0.5666666666666667,
      0.5344827586206896,
      0.6557377049180327,
      0.5142857142857142,
      0.5806451612903226,
      0.7479224376731302
    ],
    "bin_confidence": [
      0.05249988463535709,
      0.14834480272838846,
      0.24193726897796738,
      0.34533248720942317,
      0.45246689518292743,
      0.5445116902219838,
      0.6490881413709922,
      0.7486270538398198,
      0.8571987735327854,
      0.9967947377722679
    ],
    "bin_count": [
      152,
      128,
      107,
      74,
      60,
      58,
      61,
      70,
      93,
      1444
    ],
    "bin_edges": [
      0.0,
      0.1,
      0.2,
      0.30000000000000004,
      0.4,
      0.5,
      0.6000000000000001,
      0.7000000000000001,
      0.8,
      0.9,
      1.0
    ],
    "n_samples": 2247
  },
  "token-sar-bl": {
    "score": 0.27599389079757597,
    "bin_accuracy": [
      0.4647887323943662,
      0.5135135135135135,
      0.5866666666666667,
      0.39215686274509803,
      0.6271186440677966,
      0.5869565217391305,
      0.6341463414634146,
      0.5272727272727272,
      0.5074626865671642,
      0.7125292740046838
    ],
    "bin_confidence": [
      0.055004459687731634,
      0.1503784809563611,
      0.24517867902914683,
      0.3434638982894374,
      0.4532148115715738,
      0.5422173764394678,
      0.6511784762870975,
      0.752935814857483,
      0.856380387918273,
      0.9978284873853522
    ],
    "bin_count": [
      71,
      74,
      75,
      51,
      59,
      46,
      41,
      55,
      67,
      1708
    ],
    "bin_edges": [
      0.0,
      0.1,
      0.2,
      0.30000000000000004,
      0.4,
      0.5,
      0.6000000000000001,
      0.7000000000000001,
      0.8,
      0.9,
      1.0
    ],
    "n_samples": 2247
  },
  "probas-mean": {
    "score": 0.15912898499967681,
    "bin_accuracy": [
      0.6666666666666666,
      0.6666666666666666,
      0.2222222222222222,
      0.4,
      0.48,
      0.45038167938931295,
      0.5070422535211268,
      0.5844748858447488,
      0.6666666666666666,
      0.8114285714285714
    ],
    "bin_confidence": [
      0.08200308680534363,
      0.13220290622363487,
      0.2712585658844994,
      0.35915173340176876,
      0.4540731957403129,
      0.5591063817615259,
      0.6542278418612938,
      0.755180295498384,
      0.8528058647195638,
      0.9687954508464077
    ],
    "bin_count": [
      3,
      6,
      9,
      30,
      50,
      131,
      213,
      438,
      492,
      875
    ],
    "bin_edges": [
      0.0,
      0.1,
      0.2,
      0.30000000000000004,
      0.4,
      0.5,
      0.6000000000000001,
      0.7000000000000001,
      0.8,
      0.9,
      1.0
    ],
    "n_samples": 2247
  },
  "probas-min": {
    "score": 0.13004162227057983,
    "bin_accuracy": [
      0.4722222222222222,
      0.4409448818897638,
      0.5373134328358209,
      0.5579710144927537,
      0.5567567567567567,
      0.5934579439252337,
      0.6245353159851301,
      0.6923076923076923,
      0.7679324894514767,
      0.8341880341880342
    ],
    "bin_confidence": [
      0.0637237944634586,
      0.15105441097506178,
      0.24717468538370085,
      0.34675624322779997,
      0.4488009797896594,
      0.5496151498718793,
      0.6501103753368237,
      0.7500928097945802,
      0.8502758430081062,
      0.9806385162699822
    ],
    "bin_count": [
      72,
      127,
      134,
      138,
      185,
      214,
      269,
      286,
      237,
      585
    ],
    "bin_edges": [
      0.0,
      0.1,
      0.2,
      0.30000000000000004,
      0.4,
      0.5,
      0.6000000000000001,
      0.7000000000000001,
      0.8,
      0.9,
      1.0
    ],
    "n_samples": 2247
  },
  "token-sar": {
    "score": 0.16330569961195834,
    "bin_accuracy": [
      0.6666666666666666,
      0.6666666666666666,
      0.38461538461538464,
      0.29411764705882354,
      0.48333333333333334,
      0.45454545454545453,
      0.4975609756097561,
      0.5225988700564972,
      0.6666666666666666,
      0.8233404710920771
    ],
    "bin_confidence": [
      0.07371216141717978,
      0.15613213481464683,
      0.2672817671584053,
      0.3503893174129886,
      0.4533368778998641,
      0.5527947895257591,
      0.6517641351753677,
      0.7563766563398897,
      0.8549884706271524,
      0.9681953529126908
    ],
    "bin_count": [
      3,
      9,
      13,
      34,
      60,
      121,
      205,
      354,
      498,
      934
    ],
    "bin_edges": [
      0.0,
      0.1,
      0.2,
      0.30000000000000004,
      0.4,
      0.5,
      0.6000000000000001,
      0.7000000000000001,
      0.8,
      0.9,
      1.0
    ],
    "n_samples": 2247
  },
  "probas-mean-alltokens": {
    "score": 0.10973812107463483,
    "bin_accuracy": [
      NaN,
      NaN,
      NaN,
      NaN,
      0.6666666666666666,
      0.5362318840579711,
      0.615916955017301,
      0.6153039832285115,
      0.7261306532663316,
      0.9044117647058824
    ],
    "bin_confidence": [
      NaN,
      NaN,
      NaN,
      NaN,
      0.44844481940716113,
      0.5607874678142214,
      0.6616467930018907,
      0.7574022579361953,
      0.8415534311492997,
      0.9307231528693043
    ],
    "bin_count": [
      0,
      0,
      0,
      0,
      3,
      69,
      289,
      954,
      796,
      136
    ],
    "bin_edges": [
      0.0,
      0.1,
      0.2,
      0.30000000000000004,
      0.4,
      0.5,
      0.6000000000000001,
      0.7000000000000001,
      0.8,
      0.9,
      1.0
    ],
    "n_samples": 2247
  },
  "probas-min-alltokens": {
    "score": 0.6336315112314044,
    "bin_accuracy": [
      0.6534365924491772,
      0.8211382113821138,
      0.8947368421052632,
      1.0,
      1.0,
      1.0,
      NaN,
      1.0,
      1.0,
      NaN
    ],
    "bin_confidence": [
      0.02250396597851879,
      0.13930997724940136,
      0.2399140231703457,
      0.3394579128785567,
      0.4395318329334259,
      0.5336414575576782,
      NaN,
      0.7310585379600525,
      0.8490124344825745,
      NaN
    ],
    "bin_count": [
      2066,
      123,
      38,
      11,
      6,
      1,
      0,
      1,
      1,
      0
    ],
    "bin_edges": [
      0.0,
      0.1,
      0.2,
      0.30000000000000004,
      0.4,
      0.5,
      0.6000000000000001,
      0.7000000000000001,
      0.8,
      0.9,
      1.0
    ],
    "n_samples": 2247
  },
  "token-sar-alltokens": {
    "score": 0.347811624079505,
    "bin_accuracy": [
      0.6150234741784038,
      0.673202614379085,
      0.6689655172413793,
      0.6470588235294118,
      0.6341463414634146,
      0.6448598130841121,
      0.6794871794871795,
      0.7419354838709677,
      0.6805555555555556,
      0.6844660194174758
    ],