{"id": "nluds-0001", "question": "Seven red apples and two green apples are in the basket. How many apples are in the basket?", "correct answer": 9.0, "llm response": "Step 1: Add the number of red apples and green apples to get the total number of apples.\nSeven red apples + two green apples = total number of apples.  \nStep 2: Simplify the expression in Step 1 to get the total number of apples in the basket.\nSeven + two = nine. So there are nine apples in the basket.\nFinal Answer: 9", "llm answer": "9", "llm answer token probability": {"9": [1.0]}, "step-wise keywords": "Step 1: Step(/1/); 1:(/1/); Add(/1/); the(/1/); number(/1/); of(/1/); red(/1/); apples(/1/); and(/1/); green(/1/); apples(/1/); to(/1/); get(/1/); the(/1/); total(/1/); number(/1/); of(/1/); apples.ĊSeven(/1/); red(/1/); apples(/1/); +(/1/); two(/1/); green(/1/); apples(/1/); =(/1/); total(/1/); number(/1/); of(/1/); apples.(/1/)\nStep 2: Step(/1/); 2:(/1/); Simplify(/1/); the(/1/); expression(/1/); in(/1/); Step(/1/); 1(/1/); to(/1/); get(/1/); the(/1/); total(/1/); number(/1/); of(/1/); apples(/1/); in(/1/); the(/1/); basket.ĊSeven(/1/); +(/1/); two(/1/); =(/1/); nine.(/1/); So(/1/); there(/1/); are(/1/); nine(/1/); apples(/1/); in(/1/); the(/1/); basket.ĊFinal(/1/); Answer:(/1/); 9(/1/)\n", "keyword token probability": {"Step 1": {"Step": [1.0], "1:": [1.0, 1.0, 1.0], "Add": [0.03764178976416588], "the": [0.7981867790222168], "number": [0.9046505093574524], "of": [1.0], "red": [0.8421164155006409], "apples": [1.0], "and": [0.4182952344417572], "green": [1.0], "to": [0.17739859223365784], "get": [0.7527120113372803], "total": [0.02390727773308754], "apples.ĊSeven": [1.0, 0.22721977531909943, 0.04644311964511871], "+": [0.21701684594154358], "two": [0.8175744414329529], "=": [1.0], "apples.": [1.0, 0.06279773265123367]}, "Step 2": {"Step": [0.6074815988540649], "2:": [1.0, 1.0, 1.0], "Simplify": [0.03131484240293503, 1.0], "the": [1.0], "expression": [0.35323336720466614], "in": [1.0], "1": [1.0, 1.0], "to": [0.31641343235969543], "get": [0.8182401657104492], "total": [0.6390628814697266], "number": [1.0], "of": [1.0], "apples": [1.0], "basket.ĊSeven": [1.0, 0.7057850360870361, 0.8095380663871765], "+": [0.3486451506614685], "two": [1.0], "=": [1.0], "nine.": [0.6741195321083069, 0.341046005487442], "So": [0.04163086786866188], "there": [0.22270014882087708], "are": [1.0], "nine": [1.0], "basket.ĊFinal": [1.0, 0.7981867790222168, 1.0], "Answer:": [1.0, 1.0], "9": [0.5682187080383301, 1.0]}}, "keyword contribution": {"Step 1": {"Step": 1, "1:": 1, "Add": 1, "the": 1, "number": 1, "of": 1, "red": 1, "apples": 1, "and": 1, "green": 1, "to": 1, "get": 1, "total": 1, "apples.ĊSeven": 1, "+": 1, "two": 1, "=": 1, "apples.": 1}, "Step 2": {"Step": 1, "2:": 1, "Simplify": 1, "the": 1, "expression": 1, "in": 1, "1": 1, "to": 1, "get": 1, "total": 1, "number": 1, "of": 1, "apples": 1, "basket.ĊSeven": 1, "+": 1, "two": 1, "=": 1, "nine.": 1, "So": 1, "there": 1, "are": 1, "nine": 1, "basket.ĊFinal": 1, "Answer:": 1, "9": 1}}, "keyword token ids": {"Step 1": {"Step": [8468], "1:": [220, 16, 25], "Add": [2758], "the": [279], "number": [1396], "of": [315], "red": [2579], "apples": [41776], "and": [323], "green": [6307], "to": [311], "get": [636], "total": [2860], "apples.ĊSeven": [41776, 627, 60628], "+": [489], "two": [1403], "=": [284], "apples.": [41776, 13]}, "Step 2": {"Step": [15166], "2:": [220, 17, 25], "Simplify": [62342, 1463], "the": [279], "expression": [7645], "in": [304], "1": [220, 16], "to": [311], "get": [636], "total": [2860], "number": [1396], "of": [315], "apples": [41776], "basket.ĊSeven": [14351, 627, 60628], "+": [489], "two": [1403], "=": [284], "nine.": [11888, 13], "So": [2100], "there": [1070], "are": [527], "nine": [11888], "basket.ĊFinal": [14351, 627, 19918], "Answer:": [22559, 25], "9": [220, 24]}}, "final answer token ids": {"9": [24]}}
{"id": "nluds-0002", "question": "Ellen has six more balls than Marin. Marin has nine balls. How many balls does Ellen have?", "correct answer": 15.0, "llm response": "Step 1: Identify the number of balls that Marin has. Marin has 9 balls.  \nStep 2: Calculate the difference in the number of balls that Ellen and Marin have. Ellen has 6 more balls than Marin, so 6 balls.  \nStep 3: Add the difference in the number of balls (6) to the number of balls that Marin has (9) to get the number of balls that Ellen has (9+6=15).  \nFinal Answer: 15", "llm answer": "15", "llm answer token probability": {"15": [1.0]}, "step-wise keywords": "Step 1: Step(/1/); 1:(/1/); Identify(/1/); the(/1/); number(/1/); of(/1/); balls(/1/); that(/1/); Marin(/1/); has.(/1/); Marin(/1/); has(/1/); 9(/1/); balls.(/1/)\nStep 2: Step(/1/); 2:(/1/); Calculate(/1/); the(/1/); difference(/1/); in(/1/); the(/1/); number(/1/); of(/1/); balls(/1/); that(/1/); Ellen(/1/); and(/1/); Marin(/1/); have.(/1/); Ellen(/1/); has(/1/); 6(/1/); more(/1/); balls(/1/); than(/1/); Marin,(/1/); so(/1/); 6(/1/); balls.(/1/)\nStep 3: Step(/1/); 3:(/1/); Add(/1/); the(/1/); difference(/1/); in(/1/); the(/1/); number(/1/); of(/1/); balls(/1/); (6)(/1/); to(/1/); the(/1/); number(/1/); of(/1/); balls(/1/); that(/1/); Marin(/1/); has(/1/); (9)(/1/); to(/1/); get(/1/); the(/1/); number(/1/); of(/1/); balls(/1/); that(/1/); Ellen(/1/); has(/1/); (9+6=15).(/1/); ĠĊFinal(/1/); Answer:(/1/); 15(/1/)\n", "keyword token probability": {"Step 1": {"Step": [1.0], "1:": [1.0, 1.0, 1.0], "Identify": [0.5157511830329895], "the": [0.9525741338729858], "number": [0.662284791469574], "of": [1.0], "balls": [1.0], "that": [0.24508501589298248], "Marin": [0.9626730680465698], "has.": [1.0, 1.0], "has": [1.0], "9": [0.3775406777858734, 1.0], "balls.": [1.0, 0.6513549089431763]}, "Step 2": {"Step": [1.0], "2:": [1.0, 1.0, 1.0], "Calculate": [0.05538716912269592], "the": [0.7969599366188049], "difference": [0.10092692822217941], "in": [0.11920291930437088], "number": [1.0], "of": [1.0], "balls": [1.0], "that": [0.26856231689453125], "Ellen": [0.49245548248291016], "and": [0.6513549089431763], "Marin": [1.0], "have.": [1.0, 1.0], "has": [1.0], "6": [0.08114887028932571, 0.3775406777858734], "more": [1.0], "than": [1.0], "Marin,": [1.0, 0.7981867790222168], "so": [0.7981867790222168], "balls.": [0.10899055004119873, 0.44145697355270386]}, "Step 3": {"Step": [1.0], "3:": [1.0, 1.0, 1.0], "Add": [0.5847718119621277], "the": [0.7310585379600525], "difference": [0.3358888030052185], "in": [0.16126474738121033], "number": [0.562176525592804], "of": [1.0], "balls": [1.0], "(6)": [0.16402000188827515, 1.0, 1.0], "to": [1.0], "that": [1.0], "Marin": [1.0], "has": [1.0], "(9)": [1.0, 1.0, 1.0], "get": [0.8607219457626343], "Ellen": [1.0], "(9+6=15).": [0.27012643218040466, 0.14804719388484955, 0.10669060051441193, 1.0, 0.7981867790222168, 1.0, 0.531209409236908], "ĠĊFinal": [0.9241418242454529, 0.8354835510253906], "Answer:": [1.0, 1.0], "15": [0.8354835510253906, 1.0]}}, "keyword contribution": {"Step 1": {"Step": 1, "1:": 1, "Identify": 1, "the": 1, "number": 1, "of": 1, "balls": 1, "that": 1, "Marin": 1, "has.": 1, "has": 1, "9": 1, "balls.": 1}, "Step 2": {"Step": 1, "2:": 1, "Calculate": 1, "the": 1, "difference": 1, "in": 1, "number": 1, "of": 1, "balls": 1, "that": 1, "Ellen": 1, "and": 1, "Marin": 1, "have.": 1, "has": 1, "6": 1, "more": 1, "than": 1, "Marin,": 1, "so": 1, "balls.": 1}, "Step 3": {"Step": 1, "3:": 1, "Add": 1, "the": 1, "difference": 1, "in": 1, "number": 1, "of": 1, "balls": 1, "(6)": 1, "to": 1, "that": 1, "Marin": 1, "has": 1, "(9)": 1, "get": 1, "Ellen": 1, "(9+6=15).": 1, "ĠĊFinal": 1, "Answer:": 1, "15": 1}}, "keyword token ids": {"Step 1": {"Step": [8468], "1:": [220, 16, 25], "Identify": [65647], "the": [279], "number": [1396], "of": [315], "balls": [20953], "that": [430], "Marin": [64477], "has.": [706, 13], "has": [706], "9": [220, 24], "balls.": [20953, 13]}, "Step 2": {"Step": [8468], "2:": [220, 17, 25], "Calculate": [21157], "the": [279], "difference": [6811], "in": [304],