{
  "probas-mean-bl": {
    "score": 0.6196238448128369,
    "bin_accuracy": [
      0.14285714285714285,
      0.0,
      0.25,
      0.2857142857142857,
      0.27472527472527475,
      0.2088888888888889,
      0.26740947075208915,
      0.26375,
      0.2766453115899825,
      0.27705627705627706
    ],
    "bin_confidence": [
      0.050115651431094324,
      0.1667975460800032,
      0.25677157285584445,
      0.3537035762688226,
      0.45119349542440274,
      0.5561842002563054,
      0.6544572655164832,
      0.7537347043267075,
      0.8575100301731444,
      0.978989279090126
    ],
    "bin_count": [
      14,
      22,
      24,
      56,
      91,
      225,
      359,
      800,
      1717,
      5082
    ],
    "bin_edges": [
      0.0,
      0.1,
      0.2,
      0.30000000000000004,
      0.4,
      0.5,
      0.6000000000000001,
      0.7000000000000001,
      0.8,
      0.9,
      1.0
    ],
    "n_samples": 8390
  },
  "probas-min-bl": {
    "score": 0.41507352844221435,
    "bin_accuracy": [
      0.2129032258064516,
      0.26812585499316005,
      0.29588431590656283,
      0.241852487135506,
      0.251131221719457,
      0.25384615384615383,
      0.23228346456692914,
      0.23839009287925697,
      0.22975929978118162,
      0.3039020222158929
    ],
    "bin_confidence": [
      0.05553027691509855,
      0.15154345520095525,
      0.24818738184463196,
      0.3457954550484646,
      0.44904275171087876,
      0.5547189093553103,
      0.651313963602847,
      0.7528226255632406,
      0.8561856650158405,
      0.9939714942994331
    ],
    "bin_count": [
      930,
      731,
      899,
      583,
      442,
      260,
      254,
      323,
      457,
      3511
    ],
    "bin_edges": [
      0.0,
      0.1,
      0.2,
      0.30000000000000004,
      0.4,
      0.5,
      0.6000000000000001,
      0.7000000000000001,
      0.8,
      0.9,
      1.0
    ],
    "n_samples": 8390
  },
  "token-sar-bl": {
    "score": 0.5460201898702954,
    "bin_accuracy": [
      0.27816901408450706,
      0.20833333333333334,
      0.2863070539419087,
      0.24006908462867013,
      0.34813084112149534,
      0.373134328358209,
      0.20833333333333334,
      0.22,
      0.24719101123595505,
      0.2712529873677023
    ],
    "bin_confidence": [
      0.05733499380851716,
      0.1626708937921759,
      0.24980169903605476,
      0.3471107899319117,
      0.44348370826968525,
      0.5314454881112967,
      0.640684999525547,
      0.7466363131999969,
      0.8590054739727063,
      0.9993194043331075
    ],
    "bin_count": [
      284,
      264,
      723,
      579,
      428,
      67,
      48,
      50,
      89,
      5858
    ],
    "bin_edges": [
      0.0,
      0.1,
      0.2,
      0.30000000000000004,
      0.4,
      0.5,
      0.6000000000000001,
      0.7000000000000001,
      0.8,
      0.9,
      1.0
    ],
    "n_samples": 8390
  },
  "probas-mean": {
    "score": 0.45559458738176756,
    "bin_accuracy": [
      0.0,
      0.0,
      0.07692307692307693,
      0.10526315789473684,
      0.13365155131264916,
      0.1693548387096774,
      0.20388921626399528,
      0.28147163120567376,
      0.3375130616509927,
      0.4443266171792153
    ],
    "bin_confidence": [
      0.02517528459429741,
      0.1603220790357407,
      0.26920194928451124,
      0.35766136006634647,
      0.4598730635685324,
      0.5547072085150033,
      0.6534859671533352,
      0.7513774742405727,
      0.8466188662267069,
      0.9387215838492236
    ],
    "bin_count": [
      3,
      7,
      26,
      133,
      419,
      992,
      1697,
      2256,
      1914,
      943
    ],
    "bin_edges": [
      0.0,
      0.1,
      0.2,
      0.30000000000000004,
      0.4,
      0.5,
      0.6000000000000001,
      0.7000000000000001,
      0.8,
      0.9,
      1.0
    ],
    "n_samples": 8390
  },
  "probas-min": {
    "score": 0.28080233065460297,
    "bin_accuracy": [
      0.07142857142857142,
      0.06965174129353234,
      0.11886792452830189,
      0.15198451113262343,
      0.21706989247311828,
      0.2672919109026964,
      0.310580204778157,
      0.39684014869888473,
      0.43728813559322033,
      0.5019305019305019
    ],
    "bin_confidence": [
      0.06319727105627646,
      0.15848177560266516,
      0.2539899743376444,
      0.3526720601358893,
      0.45276042101113656,
      0.5509606926400883,
      0.6483851528175001,
      0.7471791455509538,
      0.8428929989750815,
      0.9382384214930393
    ],
    "bin_count": [
      42,
      201,
      530,
      1033,
      1488,
      1706,
      1465,
      1076,
      590,
      259
    ],
    "bin_edges": [
      0.0,
      0.1,
      0.2,
      0.30000000000000004,
      0.4,
      0.5,
      0.6000000000000001,
      0.7000000000000001,
      0.8,
      0.9,
      1.0
    ],
    "n_samples": 8390
  },
  "token-sar": {
    "score": 0.44544336026350856,
    "bin_accuracy": [
      0.0,
      0.0,
      0.041666666666666664,
      0.12777777777777777,
      0.15819209039548024,
      0.18806509945750452,
      0.22865853658536586,
      0.2709030100334448,
      0.33060747663551404,
      0.43601895734597157
    ],
    "bin_confidence": [
      0.02517528459429741,
      0.165434927554428,
      0.26317804403053136,
      0.3575904244134793,
      0.46038687038305837,
      0.554908065063885,
      0.6524083775475563,
      0.7504649608336686,
      0.8480189872316998,
      0.940791534256794
    ],
    "bin_count": [
      3,
      12,
      48,
      180,
      531,
      1106,
      1640,
      2093,
      1712,
      1055
    ],
    "bin_edges": [
      0.0,
      0.1,
      0.2,
      0.30000000000000004,
      0.4,
      0.5,
      0.6000000000000001,
      0.7000000000000001,
      0.8,
      0.9,
      1.0
    ],
    "n_samples": 8390
  },
  "p-true-bl": {
    "score": 0.4911177900394467,
    "bin_accuracy": [
      NaN,
      1.0,
      1.0,
      NaN,
      0.5,
      0.41284403669724773,
      0.24514338575393155,
      0.25643687707641194,
      0.30825138948268493,
      0.3793103448275862
    ],
    "bin_confidence": [
      NaN,
      0.17328819632530212,
      0.29098084568977356,
      NaN,
      0.48134261795452665,
      0.5628409538794001,
      0.666309950971471,
      0.7575607040519532,
      0.8289589850552931,
      0.9207995307856592
    ],
    "bin_count": [
      0,
      1,
      1,
      0,
      14,
      109,
      1081,
      4816,
      2339,
      29
    ],
    "bin_edges": [
      0.0,
      0.1,
      0.2,
      0.30000000000000004,
      0.4,
      0.5,
      0.6000000000000001,
      0.7000000000000001,
      0.8,
      0.9,
      1.0
    ],
    "n_samples": 8390
  },
  "p-true-allsteps": {
    "score": 0.5497743503768907,
    "bin_accuracy": [
      NaN,
      1.0,
      NaN,
      0.75,
      0.5483870967741935,
      0.42948717948717946,
      0.25526315789473686,
      0.2252673796791444,
      0.27419629188637523,
      0.33940774487471526
    ],
    "bin_confidence": [
      NaN,
      0.18952107429504395,
      NaN,
      0.36324894428253174,
      0.46991474782266923,
      0.5594308387774688,
      0.6556831464955681,
      0.7670115193023401,
      0.8475739507675982,
      0.9145839943429603
    ],
    "bin_count": [
      0,
      1,
      0,
      8,
      31,
      156,
      380,
      1496,
      5879,
      439
    ],
    "bin_edges": [
      0.0,
      0.1,
      0.2,
      0.30000000000000004,
      0.4,
      0.5,
      0.6000000000000001,
      0.7000000000000001,
      0.8,
      0.9,
      1.0
    ],
    "n_samples": 8390
  },
  "p-true-keystep": {
    "score": 0.5370205903721083,
    "bin_accuracy": [
      NaN,
      NaN,
      1.0,
      NaN,
      0.0,
      0.3684210526315789,
      0.3024054982817869,
      0.22289586305278175,
      0.2918295543393276,
      0.45569620253164556
    ],