{
  "probas-mean-bl": {
    "score": 0.4469126767307562,
    "bin_accuracy": [
      0.1111111111111111,
      0.0,
      0.0,
      0.2222222222222222,
      0.23076923076923078,
      0.36363636363636365,
      0.40789473684210525,
      0.4090909090909091,
      0.35555555555555557,
      0.48514851485148514
    ],
    "bin_confidence": [
      0.04337511765253213,
      0.14964462596584452,
      0.26512119608620804,
      0.36530184841852775,
      0.4476874384694757,
      0.5582896701759764,
      0.6549827241356762,
      0.7473727298677079,
      0.8563620826155168,
      0.9913501281829139
    ],
    "bin_count": [
      18,
      11,
      6,
      9,
      13,
      44,
      76,
      88,
      90,
      808
    ],
    "bin_edges": [
      0.0,
      0.1,
      0.2,
      0.30000000000000004,
      0.4,
      0.5,
      0.6000000000000001,
      0.7000000000000001,
      0.8,
      0.9,
      1.0
    ],
    "n_samples": 1163
  },
  "probas-min-bl": {
    "score": 0.4064641250353483,
    "bin_accuracy": [
      0.2376237623762376,
      0.37142857142857144,
      0.4666666666666667,
      0.375,
      0.48,
      0.34615384615384615,
      0.2,
      0.40625,
      0.3880597014925373,
      0.4965986394557823
    ],
    "bin_confidence": [
      0.054572699905031975,
      0.14733535381300109,
      0.23710806634691026,
      0.3504034299403429,
      0.4460189390182495,
      0.5504076618414658,
      0.6579791605472565,
      0.7508783172816038,
      0.8543465893660018,
      0.9935469924187174
    ],
    "bin_count": [
      101,
      70,
      45,
      32,
      25,
      26,
      30,
      32,
      67,
      735
    ],
    "bin_edges": [
      0.0,
      0.1,
      0.2,
      0.30000000000000004,
      0.4,
      0.5,
      0.6000000000000001,
      0.7000000000000001,
      0.8,
      0.9,
      1.0
    ],
    "n_samples": 1163
  },
  "token-sar-bl": {
    "score": 0.45737434825831935,
    "bin_accuracy": [
      0.2545454545454545,
      0.40540540540540543,
      0.42857142857142855,
      0.38636363636363635,
      0.47619047619047616,
      0.19047619047619047,
      0.25,
      0.3333333333333333,
      0.3181818181818182,
      0.47191011235955055
    ],
    "bin_confidence": [
      0.05501192939383062,
      0.1507784782631977,
      0.24217599488440014,
      0.34516173668883066,
      0.4451811029797509,
      0.554464462257567,
      0.6586279645562172,
      0.7404975811640422,
      0.8602180670608174,
      0.9989034560289276
    ],
    "bin_count": [
      55,
      37,
      42,
      44,
      21,
      21,
      16,
      15,
      22,
      890
    ],
    "bin_edges": [
      0.0,
      0.1,
      0.2,
      0.30000000000000004,
      0.4,
      0.5,
      0.6000000000000001,
      0.7000000000000001,
      0.8,
      0.9,
      1.0
    ],
    "n_samples": 1163
  },
  "probas-mean": {
    "score": 0.42408026619400835,
    "bin_accuracy": [
      0.125,
      0.2222222222222222,
      0.2857142857142857,
      0.0,
      0.35,
      0.358974358974359,
      0.21052631578947367,
      0.3228346456692913,
      0.4908256880733945,
      0.49395770392749244
    ],
    "bin_confidence": [
      0.041554363848169885,
      0.15426774457037165,
      0.26414894339820694,
      0.3507857519946591,
      0.4589526612872392,
      0.5566392210511173,
      0.6568826310246227,
      0.7526218902444548,
      0.8555420174247239,
      0.9756494758601034
    ],
    "bin_count": [
      16,
      9,
      7,
      8,
      20,
      39,
      57,
      127,
      218,
      662
    ],
    "bin_edges": [
      0.0,
      0.1,
      0.2,
      0.30000000000000004,
      0.4,
      0.5,
      0.6000000000000001,
      0.7000000000000001,
      0.8,
      0.9,
      1.0
    ],
    "n_samples": 1163
  },
  "probas-min": {
    "score": 0.3248385683146769,
    "bin_accuracy": [
      0.1794871794871795,
      0.3333333333333333,
      0.23076923076923078,
      0.2826086956521739,
      0.32857142857142857,
      0.5061728395061729,
      0.3333333333333333,
      0.5,
      0.43795620437956206,
      0.514
    ],
    "bin_confidence": [
      0.04624485505263205,
      0.1463044259444228,
      0.25276974410404224,
      0.3512229381699198,
      0.44825404362417426,
      0.5549146977977564,
      0.6502101334701069,
      0.7473523874227861,
      0.8561123627245503,
      0.979946462373034
    ],
    "bin_count": [
      39,
      39,
      39,
      46,
      70,
      81,
      90,
      122,
      137,
      500
    ],
    "bin_edges": [
      0.0,
      0.1,
      0.2,
      0.30000000000000004,
      0.4,
      0.5,
      0.6000000000000001,
      0.7000000000000001,
      0.8,
      0.9,
      1.0
    ],
    "n_samples": 1163
  },
  "token-sar": {
    "score": 0.4025246110334604,
    "bin_accuracy": [
      0.125,
      0.2222222222222222,
      0.2222222222222222,
      0.1875,
      0.4166666666666667,
      0.3055555555555556,
      0.21818181818181817,
      0.3,
      0.4271356783919598,
      0.5
    ],
    "bin_confidence": [
      0.04180917150752965,
      0.14959565212423712,
      0.26672272663758195,
      0.3570651763369253,
      0.4518226038325352,
      0.5631391962439288,
      0.6624400962654589,
      0.7518774304310581,
      0.8534930652880697,
      0.9737366047575077
    ],
    "bin_count": [
      16,
      9,
      9,
      16,
      24,
      36,
      55,
      100,
      199,
      630
    ],
    "bin_edges": [
      0.0,
      0.1,
      0.2,
      0.30000000000000004,
      0.4,
      0.5,
      0.6000000000000001,
      0.7000000000000001,
      0.8,
      0.9,
      1.0
    ],
    "n_samples": 1163
  },
  "p-true-bl": {
    "score": 0.3109157034424186,
    "bin_accuracy": [
      NaN,
      NaN,
      NaN,
      NaN,
      0.0,
      0.45454545454545453,
      0.4304932735426009,
      0.4574468085106383,
      0.4230769230769231,
      0.5
    ],
    "bin_confidence": [
      NaN,
      NaN,
      NaN,
      NaN,
      0.4455295503139496,
      0.568161995121927,
      0.655357718200427,
      0.7537542689353862,
      0.832780057685615,
      0.9145623445510864
    ],
    "bin_count": [
      0,
      0,
      0,
      0,
      1,
      33,
      223,
      564,
      338,
      4
    ],
    "bin_edges": [
      0.0,
      0.1,
      0.2,
      0.30000000000000004,
      0.4,
      0.5,
      0.6000000000000001,
      0.7000000000000001,
      0.8,
      0.9,
      1.0
    ],
    "n_samples": 1163
  },
  "p-true-allsteps": {
    "score": 0.263203868144356,
    "bin_accuracy": [
      NaN,
      NaN,
      NaN,
      0.0,
      0.2,
      0.37037037037037035,
      0.42761692650334077,
      0.4810606060606061,
      0.37373737373737376,
      NaN
    ],
    "bin_confidence": [
      NaN,
      NaN,
      NaN,
      0.3757064640522003,
      0.465432208776474,
      0.5645325875576631,
      0.6606290170503883,
      0.7450006280207273,
      0.8251851646587102,
      NaN
    ],
    "bin_count": [
      0,
      0,
      0,
      1,
      5,
      81,
      449,
      528,
      99,
      0
    ],
    "bin_edges": [
      0.0,
      0.1,
      0.2,
      0.30000000000000004,
      0.4,
      0.5,
      0.6000000000000001,
      0.7000000000000001,
      0.8,
      0.9,
      1.0
    ],
    "n_samples": 1163
  },
  "p-true-keystep": {
    "score": 0.31021364810952623,
    "bin_accuracy": [
      NaN,
      NaN,
      NaN,
      NaN,
      0.0,
      0.5,
      0.4488888888888889,
      0.4412811387900356,
      0.43209876543209874,
      0.42857142857142855
    ],
    "bin_confidence": [
      NaN,
      NaN,
      NaN,
      NaN,
      0.45519861578941345,
      0.5661432309584185,
      0.6612222700648838,
      0.7535696596013269,
      0.8355474400299566,
      0.9163488490240914
    ],
    "bin_count": [
      0,
      0,
      0,
      0,
      1,
      44,
      225,
      562,
      324,
      7
    ],