{
  "probas-mean-bl": {
    "score": 0.28196300559744136,
    "bin_accuracy": [
      0.09090909090909091,
      0.16666666666666666,
      0.2,
      0.6,
      0.41379310344827586,
      0.5116279069767442,
      0.5130434782608696,
      0.5511811023622047,
      0.4722222222222222,
      0.6837403216200119
    ],
    "bin_confidence": [
      0.046595654168138004,
      0.14992595037134984,
      0.25738479869129754,
      0.3590016993186013,
      0.45283912672861587,
      0.5577294556423674,
      0.651534229770438,
      0.7491064992734425,
      0.8493924022330775,
      0.9952761795625891
    ],
    "bin_count": [
      11,
      12,
      10,
      20,
      29,
      86,
      115,
      127,
      144,
      1679
    ],
    "bin_edges": [
      0.0,
      0.1,
      0.2,
      0.30000000000000004,
      0.4,
      0.5,
      0.6000000000000001,
      0.7000000000000001,
      0.8,
      0.9,
      1.0
    ],
    "n_samples": 2233
  },
  "probas-min-bl": {
    "score": 0.3029635407208256,
    "bin_accuracy": [
      0.4853801169590643,
      0.5476190476190477,
      0.4166666666666667,
      0.5116279069767442,
      0.4482758620689655,
      0.5,
      0.46153846153846156,
      0.6444444444444445,
      0.64,
      0.6825895663104965
    ],
    "bin_confidence": [
      0.05552449166142975,
      0.1418031593636861,
      0.25065093026274726,
      0.34158243134964345,
      0.4518390534252956,
      0.5573706169923146,
      0.6543009143609267,
      0.7477545155419244,
      0.8589153679211935,
      0.9969908251168966
    ],
    "bin_count": [
      171,
      126,
      84,
      43,
      29,
      30,
      39,
      45,
      75,
      1591
    ],
    "bin_edges": [
      0.0,
      0.1,
      0.2,
      0.30000000000000004,
      0.4,
      0.5,
      0.6000000000000001,
      0.7000000000000001,
      0.8,
      0.9,
      1.0
    ],
    "n_samples": 2233
  },
  "token-sar-bl": {
    "score": 0.3204220750056744,
    "bin_accuracy": [
      0.5411764705882353,
      0.4864864864864865,
      0.5434782608695652,
      0.5063291139240507,
      0.4230769230769231,
      0.5454545454545454,
      0.4,
      0.6363636363636364,
      0.5135135135135135,
      0.6670441676104191
    ],
    "bin_confidence": [
      0.05682090220644193,
      0.1495885808725615,
      0.2565510162840719,
      0.33606309868112394,
      0.44047489762306213,
      0.5621448944915425,
      0.6527196347713471,
      0.746654442765496,
      0.8557800505612347,
      0.9989026725832225
    ],
    "bin_count": [
      85,
      74,
      92,
      79,
      26,
      22,
      30,
      22,
      37,
      1766
    ],
    "bin_edges": [
      0.0,
      0.1,
      0.2,
      0.30000000000000004,
      0.4,
      0.5,
      0.6000000000000001,
      0.7000000000000001,
      0.8,
      0.9,
      1.0
    ],
    "n_samples": 2233
  },
  "probas-mean": {
    "score": 0.22891865702814118,
    "bin_accuracy": [
      0.14285714285714285,
      0.4,
      0.5714285714285714,
      0.1111111111111111,
      0.42105263157894735,
      0.48484848484848486,
      0.46153846153846156,
      0.5467625899280576,
      0.6016260162601627,
      0.7226528854435831
    ],
    "bin_confidence": [
      0.06199013426595805,
      0.150854953401722,
      0.2406919331994322,
      0.3564787159851892,
      0.46378364418279444,
      0.5541793320955731,
      0.6583698581487678,
      0.7535881793158237,
      0.8538205050152005,
      0.9663251969652381
    ],
    "bin_count": [
      7,
      10,
      7,
      18,
      38,
      66,
      156,
      278,
      492,
      1161
    ],
    "bin_edges": [
      0.0,
      0.1,
      0.2,
      0.30000000000000004,
      0.4,
      0.5,
      0.6000000000000001,
      0.7000000000000001,
      0.8,
      0.9,
      1.0
    ],
    "n_samples": 2233
  },
  "probas-min": {
    "score": 0.1582613529577704,
    "bin_accuracy": [
      0.43243243243243246,
      0.3918918918918919,
      0.4691358024691358,
      0.5357142857142857,
      0.5555555555555556,
      0.5233160621761658,
      0.5826446280991735,
      0.6666666666666666,
      0.7142857142857143,
      0.7369186046511628
    ],
    "bin_confidence": [
      0.056517645601210184,
      0.1493889326332658,
      0.2570439801606148,
      0.35571167128697373,
      0.4552548340120527,
      0.5558982283948135,
      0.6527663123088656,
      0.7506777742296854,
      0.8533031387311897,
      0.9725024108216686
    ],
    "bin_count": [
      74,
      74,
      81,
      112,
      162,
      193,
      242,
      285,
      322,
      688
    ],
    "bin_edges": [
      0.0,
      0.1,
      0.2,
      0.30000000000000004,
      0.4,
      0.5,
      0.6000000000000001,
      0.7000000000000001,
      0.8,
      0.9,
      1.0
    ],
    "n_samples": 2233
  },
  "token-sar": {
    "score": 0.21708878675760238,
    "bin_accuracy": [
      0.14285714285714285,
      0.3333333333333333,
      0.2857142857142857,
      0.2857142857142857,
      0.3469387755102041,
      0.4835164835164835,
      0.46405228758169936,
      0.5656108597285068,
      0.6010362694300518,
      0.7116724738675958
    ],
    "bin_confidence": [
      0.06635726095667609,
      0.1508396045437941,
      0.2542724740681516,
      0.35719252490360515,
      0.45127355827236665,
      0.5539397932467668,
      0.6519070091065748,
      0.7582208947784013,
      0.8556482091214819,
      0.9716440635458163
    ],
    "bin_count": [
      14,
      12,
      14,
      21,
      49,
      91,
      153,
      221,
      386,
      1148
    ],
    "bin_edges": [
      0.0,
      0.1,
      0.2,
      0.30000000000000004,
      0.4,
      0.5,
      0.6000000000000001,
      0.7000000000000001,
      0.8,
      0.9,
      1.0
    ],
    "n_samples": 2233
  },
  "p-true-bl": {
    "score": 0.1376273149179868,
    "bin_accuracy": [
      NaN,
      NaN,
      NaN,
      NaN,
      NaN,
      0.42857142857142855,
      0.6597510373443983,
      0.6796812749003984,
      0.5572625698324022,
      0.2857142857142857
    ],
    "bin_confidence": [
      NaN,
      NaN,
      NaN,
      NaN,
      NaN,
      0.5726385627474103,
      0.669554402966717,
      0.7571485648117218,
      0.8336745603790496,
      0.9155913633959634
    ],
    "bin_count": [
      0,
      0,
      0,
      0,
      0,
      7,
      241,
      1255,
      716,
      14
    ],
    "bin_edges": [
      0.0,
      0.1,
      0.2,
      0.30000000000000004,
      0.4,
      0.5,
      0.6000000000000001,
      0.7000000000000001,
      0.8,
      0.9,
      1.0
    ],
    "n_samples": 2233
  },
  "p-true-allsteps": {
    "score": 0.09274786686715766,
    "bin_accuracy": [
      NaN,
      NaN,
      NaN,
      NaN,
      0.5384615384615384,
      0.6301369863013698,
      0.6638888888888889,
      0.6295955882352942,
      0.5968992248062015,
      0.25
    ],
    "bin_confidence": [
      NaN,
      NaN,
      NaN,
      NaN,
      0.46611705193152797,
      0.564811014149287,
      0.6588759494324525,
      0.7473700404276743,
      0.8275625241357226,
      0.921108104288578
    ],
    "bin_count": [
      0,
      0,
      0,
      0,
      13,
      146,
      720,
      1088,
      258,
      8
    ],
    "bin_edges": [
      0.0,
      0.1,
      0.2,
      0.30000000000000004,
      0.4,
      0.5,
      0.6000000000000001,
      0.7000000000000001,
      0.8,
      0.9,
      1.0
    ],
    "n_samples": 2233
  },
  "p-true-keystep": {
    "score": 0.1438643684367989,
    "bin_accuracy": [
      NaN,
      NaN,
      NaN,
      NaN,
      NaN,
      0.45454545454545453,
      0.6384615384615384,
      0.6425166825548141,
      0.639766081871345,
      0.44680851063829785
    ],
    "bin_confidence": [
      NaN,
      NaN,
      NaN,
      NaN,
      NaN,
      0.5668351027098569,
      0.6681019340570157,
      0.7580425746106784,
      0.8360259742764702,
      0.9166678900414325
    ],