{
  "probas-mean-bl": {
    "score": 0.7495732077524884,
    "bin_accuracy": [
      0.0,
      0.0,
      0.0,
      0.0,
      0.0,
      0.0,
      0.057692307692307696,
      0.023529411764705882,
      0.04195804195804196,
      0.043209876543209874
    ],
    "bin_confidence": [
      0.053709955187514424,
      0.14363616877623525,
      0.2556331826190492,
      0.36869779668462577,
      0.45601455536513624,
      0.5544325354971557,
      0.64797633350442,
      0.7500164869574262,
      0.8549719545649882,
      0.9492888076215044
    ],
    "bin_count": [
      3,
      4,
      4,
      9,
      24,
      37,
      52,
      85,
      143,
      162
    ],
    "bin_edges": [
      0.0,
      0.1,
      0.2,
      0.30000000000000004,
      0.4,
      0.5,
      0.6000000000000001,
      0.7000000000000001,
      0.8,
      0.9,
      1.0
    ],
    "n_samples": 523
  },
  "probas-min-bl": {
    "score": 0.2592728317173885,
    "bin_accuracy": [
      0.0319634703196347,
      0.017543859649122806,
      0.029411764705882353,
      0.0,
      0.0,
      0.14285714285714285,
      0.14285714285714285,
      0.0,
      0.1111111111111111,
      0.022727272727272728
    ],
    "bin_confidence": [
      0.0420482219196856,
      0.1439576679677294,
      0.24406271493610213,
      0.34624846445189583,
      0.45079339827810017,
      0.5578108940805707,
      0.6535154453345707,
      0.7567415423691273,
      0.8495999795419199,
      0.9658292261036959
    ],
    "bin_count": [
      219,
      57,
      68,
      36,
      28,
      14,
      14,
      16,
      27,
      44
    ],
    "bin_edges": [
      0.0,
      0.1,
      0.2,
      0.30000000000000004,
      0.4,
      0.5,
      0.6000000000000001,
      0.7000000000000001,
      0.8,
      0.9,
      1.0
    ],
    "n_samples": 523
  },
  "token-sar-bl": {
    "score": 0.6197328051466702,
    "bin_accuracy": [
      0.03333333333333333,
      0.022727272727272728,
      0.03636363636363636,
      0.0,
      0.02631578947368421,
      0.16666666666666666,
      0.0,
      0.0,
      0.125,
      0.03663003663003663
    ],
    "bin_confidence": [
      0.057128579122945666,
      0.15913677046244795,
      0.23798147521235727,
      0.3493565134704113,
      0.4460929169466621,
      0.5361677606900533,
      0.6421478748321533,
      0.7567310035228729,
      0.8614160269498825,
      0.9977255382817307
    ],
    "bin_count": [
      60,
      44,
      55,
      24,
      38,
      6,
      5,
      10,
      8,
      273
    ],
    "bin_edges": [
      0.0,
      0.1,
      0.2,
      0.30000000000000004,
      0.4,
      0.5,
      0.6000000000000001,
      0.7000000000000001,
      0.8,
      0.9,
      1.0
    ],
    "n_samples": 523
  },
  "probas-mean": {
    "score": 0.5927649230592427,
    "bin_accuracy": [
      0.0,
      0.12,
      0.037037037037037035,
      0.0,
      0.04878048780487805,
      0.03773584905660377,
      0.0,
      0.046875,
      0.057971014492753624,
      0.025423728813559324
    ],
    "bin_confidence": [
      0.050822506165774224,
      0.14684538723617144,
      0.2588804007928552,
      0.35377552847305094,
      0.4490359657060168,
      0.5477802933381926,
      0.6468056772243986,
      0.7585719434438285,
      0.8464342589937686,
      0.9670534965046577
    ],
    "bin_count": [
      42,
      25,
      27,
      26,
      41,
      53,
      58,
      64,
      69,
      118
    ],
    "bin_edges": [
      0.0,
      0.1,
      0.2,
      0.30000000000000004,
      0.4,
      0.5,
      0.6000000000000001,
      0.7000000000000001,
      0.8,
      0.9,
      1.0
    ],
    "n_samples": 523
  },
  "probas-min": {
    "score": 0.3391981926555219,
    "bin_accuracy": [
      0.01875,
      0.06060606060606061,
      0.019230769230769232,
      0.07317073170731707,
      0.0,
      0.08333333333333333,
      0.0,
      0.07142857142857142,
      0.043478260869565216,
      0.014925373134328358
    ],
    "bin_confidence": [
      0.041299544734311924,
      0.14079766024378146,
      0.24856633970387965,
      0.3500745515310839,
      0.45101905829486355,
      0.5455831590231893,
      0.6461623654190812,
      0.7605821826498073,
      0.8514697257048691,
      0.9825684788326269
    ],
    "bin_count": [
      160,
      66,
      52,
      41,
      33,
      36,
      17,
      28,
      23,
      67
    ],
    "bin_edges": [
      0.0,
      0.1,
      0.2,
      0.30000000000000004,
      0.4,
      0.5,
      0.6000000000000001,
      0.7000000000000001,
      0.8,
      0.9,
      1.0
    ],
    "n_samples": 523
  },
  "token-sar": {
    "score": 0.5780615341408277,
    "bin_accuracy": [
      0.0,
      0.14814814814814814,
      0.02702702702702703,
      0.02564102564102564,
      0.0,
      0.045454545454545456,
      0.0,
      0.04918032786885246,
      0.04054054054054054,
      0.03305785123966942
    ],
    "bin_confidence": [
      0.0523941740681462,
      0.14707505312718033,
      0.2601114607461751,
      0.3568824232817887,
      0.4527424760423157,
      0.547088694771911,
      0.6437477466587872,
      0.7548276072554573,
      0.8518615741929081,
      0.9648213470534573
    ],
    "bin_count": [
      45,
      27,
      37,
      39,
      34,
      44,
      39,
      61,
      74,
      121
    ],
    "bin_edges": [
      0.0,
      0.1,
      0.2,
      0.30000000000000004,
      0.4,
      0.5,
      0.6000000000000001,
      0.7000000000000001,
      0.8,
      0.9,
      1.0
    ],
    "n_samples": 523
  },
  "probas-mean-alltokens": {
    "score": 0.6924066837174909,
    "bin_accuracy": [
      NaN,
      NaN,
      NaN,
      NaN,
      0.0,
      0.0,
      0.03289473684210526,
      0.038461538461538464,
      0.039603960396039604,
      0.0
    ],
    "bin_confidence": [
      NaN,
      NaN,
      NaN,
      NaN,
      0.4595826486788632,
      0.5647569072094107,
      0.6572032976558682,
      0.7526030067379602,
      0.8314826092406127,
      0.9043267708946401
    ],
    "bin_count": [
      0,
      0,
      0,
      0,
      5,
      30,
      152,
      234,
      101,
      1
    ],
    "bin_edges": [
      0.0,
      0.1,
      0.2,
      0.30000000000000004,
      0.4,
      0.5,
      0.6000000000000001,
      0.7000000000000001,
      0.8,
      0.9,
      1.0
    ],
    "n_samples": 523
  },
  "probas-min-alltokens": {
    "score": 0.019658890514978232,
    "bin_accuracy": [
      0.03441682600382409,
      NaN,
      NaN,
      NaN,
      NaN,
      NaN,
      NaN,
      NaN,
      NaN,
      NaN
    ],
    "bin_confidence": [
      0.014757935488845861,
      NaN,
      NaN,
      NaN,
      NaN,
      NaN,
      NaN,
      NaN,
      NaN,
      NaN
    ],
    "bin_count": [
      523,
      0,
      0,
      0,
      0,
      0,
      0,
      0,
      0,
      0
    ],
    "bin_edges": [
      0.0,
      0.1,
      0.2,
      0.30000000000000004,
      0.4,
      0.5,
      0.6000000000000001,
      0.7000000000000001,
      0.8,
      0.9,
      1.0
    ],
    "n_samples": 523
  },
  "token-sar-alltokens": {
    "score": 0.48127072880910016,
    "bin_accuracy": [
      0.03389830508474576,
      0.047619047619047616,
      0.02631578947368421,
      0.0,
      0.018518518518518517,
      0.07142857142857142,
      0.0,
      0.0,
      0.0,
      0.05555555555555555
    ],
    "bin_confidence": [
      0.05508777544975786,
      0.1523871436005547,
      0.24752644155370562,
      0.34795871572416337,
      0.4426957926264516,
      0.531850129365921,
      0.6497947610914707,
      0.7261901845534643,
      0.8503783245881399,
      0.9953814086354809
    ],
    "bin_count": [
      59,
      63,
      76,
      61,
      54,
      14,
      16,
      12,
      6,
      162
    ],
    "bin_edges": [
      0.0,
      0.1,
      0.2,
      0.30000000000000004,
      0.4,
      0.5,
      0.6000000000000001,
      0.7000000000000001,
      0.8,
      0.9,
      1.0
    ],