{
  "probas-mean-bl": {
    "score": 0.7534813573471361,
    "bin_accuracy": [
      0.25,
      0.0,
      0.0,
      0.0,
      0.0,
      0.0,
      0.08064516129032258,
      0.04672897196261682,
      0.05333333333333334,
      0.011428571428571429
    ],
    "bin_confidence": [
      0.05284161735714103,
      0.14845002638176083,
      0.2505879299404721,
      0.3483986949468659,
      0.4526032702077273,
      0.5533669612594116,
      0.657208841568679,
      0.7566577545742779,
      0.8543119517017999,
      0.9578795773140611
    ],
    "bin_count": [
      4,
      2,
      4,
      19,
      21,
      29,
      62,
      107,
      150,
      175
    ],
    "bin_edges": [
      0.0,
      0.1,
      0.2,
      0.30000000000000004,
      0.4,
      0.5,
      0.6000000000000001,
      0.7000000000000001,
      0.8,
      0.9,
      1.0
    ],
    "n_samples": 573
  },
  "probas-min-bl": {
    "score": 0.2672670532073208,
    "bin_accuracy": [
      0.03765690376569038,
      0.06329113924050633,
      0.03508771929824561,
      0.08571428571428572,
      0.0,
      0.0,
      0.0,
      0.043478260869565216,
      0.034482758620689655,
      0.0
    ],
    "bin_confidence": [
      0.04449948381289653,
      0.14391626125272317,
      0.2481176416602051,
      0.3502708511693137,
      0.44300660490989685,
      0.5525540050707365,
      0.6492064034237581,
      0.7659353380617888,
      0.852589044077643,
      0.9636420499194752
    ],
    "bin_count": [
      239,
      79,
      57,
      35,
      20,
      19,
      17,
      23,
      29,
      55
    ],
    "bin_edges": [
      0.0,
      0.1,
      0.2,
      0.30000000000000004,
      0.4,
      0.5,
      0.6000000000000001,
      0.7000000000000001,
      0.8,
      0.9,
      1.0
    ],
    "n_samples": 573
  },
  "token-sar-bl": {
    "score": 0.6174936903044126,
    "bin_accuracy": [
      0.08620689655172414,
      0.07547169811320754,
      0.046875,
      0.027777777777777776,
      0.0,
      0.1,
      0.0,
      0.0,
      0.0,
      0.02356902356902357
    ],
    "bin_confidence": [
      0.059149908520088626,
      0.1495499629175888,
      0.2464843757916242,
      0.3575214056505097,
      0.4432717603113916,
      0.5502076208591461,
      0.656355619430542,
      0.7579226195812225,
      0.8309818903605143,
      0.9980324221781207
    ],
    "bin_count": [
      58,
      53,
      64,
      36,
      36,
      10,
      8,
      8,
      3,
      297
    ],
    "bin_edges": [
      0.0,
      0.1,
      0.2,
      0.30000000000000004,
      0.4,
      0.5,
      0.6000000000000001,
      0.7000000000000001,
      0.8,
      0.9,
      1.0
    ],
    "n_samples": 573
  },
  "probas-mean": {
    "score": 0.6126429134537369,
    "bin_accuracy": [
      0.0,
      0.034482758620689655,
      0.0,
      0.0,
      0.06521739130434782,
      0.05084745762711865,
      0.047619047619047616,
      0.037037037037037035,
      0.05263157894736842,
      0.024793388429752067
    ],
    "bin_confidence": [
      0.05505722816106518,
      0.14090613248938746,
      0.24774189824254506,
      0.3410778892389244,
      0.4512430534283016,
      0.5554337940993768,
      0.6438684379021662,
      0.7486773964856708,
      0.8478845054581188,
      0.9647680238339125
    ],
    "bin_count": [
      30,
      29,
      26,
      23,
      46,
      59,
      63,
      81,
      95,
      121
    ],
    "bin_edges": [
      0.0,
      0.1,
      0.2,
      0.30000000000000004,
      0.4,
      0.5,
      0.6000000000000001,
      0.7000000000000001,
      0.8,
      0.9,
      1.0
    ],
    "n_samples": 573
  },
  "probas-min": {
    "score": 0.3537256794471429,
    "bin_accuracy": [
      0.013422818791946308,
      0.05,
      0.02,
      0.044444444444444446,
      0.0425531914893617,
      0.046511627906976744,
      0.04878048780487805,
      0.09375,
      0.0,
      0.04918032786885246
    ],
    "bin_confidence": [
      0.046673697903867085,
      0.14828900311071178,
      0.24654732274735625,
      0.349377327483916,
      0.4459385694420105,
      0.5623360141286019,
      0.6497520059801094,
      0.7467546405236514,
      0.8454558744987426,
      0.983705380931499
    ],
    "bin_count": [
      149,
      80,
      50,
      45,
      47,
      43,
      41,
      32,
      25,
      61
    ],
    "bin_edges": [
      0.0,
      0.1,
      0.2,
      0.30000000000000004,
      0.4,
      0.5,
      0.6000000000000001,
      0.7000000000000001,
      0.8,
      0.9,
      1.0
    ],
    "n_samples": 573
  },
  "token-sar": {
    "score": 0.594775379802097,
    "bin_accuracy": [
      0.0,
      0.030303030303030304,
      0.0,
      0.0,
      0.0425531914893617,
      0.07272727272727272,
      0.0392156862745098,
      0.02666666666666667,
      0.06451612903225806,
      0.03305785123966942
    ],
    "bin_confidence": [
      0.05905195402119552,
      0.14309622712713432,
      0.2539865113208981,
      0.3510067173754086,
      0.44422693227516924,
      0.5466054148192234,
      0.6469333515858308,
      0.7533176041157792,
      0.8543436680045631,
      0.9643570340532684
    ],
    "bin_count": [
      34,
      33,
      30,
      31,
      47,
      55,
      51,
      75,
      93,
      121
    ],
    "bin_edges": [
      0.0,
      0.1,
      0.2,
      0.30000000000000004,
      0.4,
      0.5,
      0.6000000000000001,
      0.7000000000000001,
      0.8,
      0.9,
      1.0
    ],
    "n_samples": 573
  },
  "probas-mean-alltokens": {
    "score": 0.6959062803776659,
    "bin_accuracy": [
      NaN,
      NaN,
      NaN,
      NaN,
      0.3333333333333333,
      0.08571428571428572,
      0.020134228187919462,
      0.05384615384615385,
      0.0,
      0.0
    ],
    "bin_confidence": [
      NaN,
      NaN,
      NaN,
      NaN,
      0.48597324773654577,
      0.5715494967404843,
      0.6601433712696148,
      0.7474111259149809,
      0.8365235695330512,
      0.9038308058810275
    ],
    "bin_count": [
      0,
      0,
      0,
      0,
      3,
      35,
      149,
      260,
      123,
      3
    ],
    "bin_edges": [
      0.0,
      0.1,
      0.2,
      0.30000000000000004,
      0.4,
      0.5,
      0.6000000000000001,
      0.7000000000000001,
      0.8,
      0.9,
      1.0
    ],
    "n_samples": 573
  },
  "probas-min-alltokens": {
    "score": 0.021837035465471923,
    "bin_accuracy": [
      0.03664921465968586,
      NaN,
      NaN,
      NaN,
      NaN,
      NaN,
      NaN,
      NaN,
      NaN,
      NaN
    ],
    "bin_confidence": [
      0.014812179194213937,
      NaN,
      NaN,
      NaN,
      NaN,
      NaN,
      NaN,
      NaN,
      NaN,
      NaN
    ],
    "bin_count": [
      573,
      0,
      0,
      0,
      0,
      0,
      0,
      0,
      0,
      0
    ],
    "bin_edges": [
      0.0,
      0.1,
      0.2,
      0.30000000000000004,
      0.4,
      0.5,
      0.6000000000000001,
      0.7000000000000001,
      0.8,
      0.9,
      1.0
    ],
    "n_samples": 573
  },
  "token-sar-alltokens": {
    "score": 0.47197513822969994,
    "bin_accuracy": [
      0.0625,
      0.06896551724137931,
      0.041666666666666664,
      0.043478260869565216,
      0.0,
      0.0,
      0.0,
      0.09090909090909091,
      0.0,
      0.02531645569620253
    ],
    "bin_confidence": [
      0.05631562149937963,
      0.15197857045407953,
      0.24581703000391522,
      0.35526208557944366,
      0.45084715336561204,
      0.5425040756954866,
      0.6574693703651429,
      0.7385444424369119,
      0.8648660778999329,
      0.9981145779543286
    ],
    "bin_count": [
      64,
      58,
      96,
      69,
      60,
      17,
      25,
      22,
      4,
      158
    ],
    "bin_edges": [
      0.0,
      0.1,
      0.2,
      0.30000000000000004,
      0.4,
      0.5,
      0.6000000000000001,
      0.7000000000000001,
      0.8,
      0.9,
      1.0
    ],
    "n_samples": 573
  },