{
  "probas-mean-bl": {
    "score": 0.6219337019214107,
    "bin_accuracy": [
      0.10416666666666667,
      0.02040816326530612,
      0.05,
      0.12403100775193798,
      0.07738095238095238,
      0.14204545454545456,
      0.16338582677165353,
      0.15858453473132372,
      0.1780264496439471,
      0.2671584348941629
    ],
    "bin_confidence": [
      0.05582557873438216,
      0.15146370054995578,
      0.2553241849084486,
      0.3528577844047325,
      0.45258895844275804,
      0.5505511055217244,
      0.6520659264099714,
      0.7531104156044205,
      0.8511757616761488,
      0.9795762559422506
    ],
    "bin_count": [
      48,
      49,
      60,
      129,
      168,
      352,
      508,
      763,
      983,
      3118
    ],
    "bin_edges": [
      0.0,
      0.1,
      0.2,
      0.30000000000000004,
      0.4,
      0.5,
      0.6000000000000001,
      0.7000000000000001,
      0.8,
      0.9,
      1.0
    ],
    "n_samples": 6178
  },
  "probas-min-bl": {
    "score": 0.39020934801175766,
    "bin_accuracy": [
      0.11213517665130568,
      0.17045454545454544,
      0.16417910447761194,
      0.17578125,
      0.20735785953177258,
      0.20434782608695654,
      0.14847161572052403,
      0.22054380664652568,
      0.24296675191815856,
      0.2904977375565611
    ],
    "bin_confidence": [
      0.04298262495566131,
      0.1472059812566096,
      0.246555636066999,
      0.3483197564492002,
      0.4534016056204321,
      0.5547214855318484,
      0.6506519122415234,
      0.7509668492838696,
      0.8585733541137422,
      0.9899057675271012
    ],
    "bin_count": [
      1302,
      528,
      402,
      256,
      299,
      230,
      229,
      331,
      391,
      2210
    ],
    "bin_edges": [
      0.0,
      0.1,
      0.2,
      0.30000000000000004,
      0.4,
      0.5,
      0.6000000000000001,
      0.7000000000000001,
      0.8,
      0.9,
      1.0
    ],
    "n_samples": 6178
  },
  "token-sar-bl": {
    "score": 0.6306974718727228,
    "bin_accuracy": [
      0.12589928057553956,
      0.14715719063545152,
      0.11522633744855967,
      0.18243243243243243,
      0.21164021164021163,
      0.23357664233576642,
      0.1643835616438356,
      0.11940298507462686,
      0.1511627906976744,
      0.22778016316015456
    ],
    "bin_confidence": [
      0.053084921425128044,
      0.15484391965196284,
      0.24310604430765773,
      0.34855675516096324,
      0.4531237462525645,
      0.5454687406546879,
      0.6440013916525122,
      0.7585120236695703,
      0.8548050328742626,
      0.9988260719974751
    ],
    "bin_count": [
      278,
      299,
      243,
      148,
      189,
      137,
      73,
      67,
      86,
      4658
    ],
    "bin_edges": [
      0.0,
      0.1,
      0.2,
      0.30000000000000004,
      0.4,
      0.5,
      0.6000000000000001,
      0.7000000000000001,
      0.8,
      0.9,
      1.0
    ],
    "n_samples": 6178
  },
  "probas-mean": {
    "score": 0.4421386137142327,
    "bin_accuracy": [
      0.2458233890214797,
      0.1554959785522788,
      0.14206128133704735,
      0.1738095238095238,
      0.15913978494623657,
      0.17331288343558282,
      0.19472913616398244,
      0.23777403035413153,
      0.2140468227424749,
      0.2636138613861386
    ],
    "bin_confidence": [
      0.055318572735468495,
      0.14733410685627568,
      0.24965947517129078,
      0.35216846599791385,
      0.4503455658279964,
      0.5508855559888975,
      0.6506841889665449,
      0.7493302646884994,
      0.8483881764216342,
      0.9810851509375725
    ],
    "bin_count": [
      419,
      373,
      359,
      420,
      465,
      652,
      683,
      593,
      598,
      1616
    ],
    "bin_edges": [
      0.0,
      0.1,
      0.2,
      0.30000000000000004,
      0.4,
      0.5,
      0.6000000000000001,
      0.7000000000000001,
      0.8,
      0.9,
      1.0
    ],
    "n_samples": 6178
  },
  "probas-min": {
    "score": 0.31737085762231104,
    "bin_accuracy": [
      0.17195972114639815,
      0.1655450874831763,
      0.1877637130801688,
      0.20562770562770563,
      0.21026894865525672,
      0.2049469964664311,
      0.23097112860892388,
      0.22950819672131148,
      0.25,
      0.2693227091633466
    ],
    "bin_confidence": [
      0.04855157153821664,
      0.1428455410441465,
      0.24971063335106966,
      0.34883296210294656,
      0.44857051154291605,
      0.5482660403375297,
      0.648459633033057,
      0.749776351098324,
      0.8547530759026488,
      0.9887578343076148
    ],
    "bin_count": [
      1291,
      743,
      474,
      462,
      409,
      566,
      381,
      305,
      292,
      1255
    ],
    "bin_edges": [
      0.0,
      0.1,
      0.2,
      0.30000000000000004,
      0.4,
      0.5,
      0.6000000000000001,
      0.7000000000000001,
      0.8,
      0.9,
      1.0
    ],
    "n_samples": 6178
  },
  "token-sar": {
    "score": 0.41711789850522873,
    "bin_accuracy": [
      0.24361948955916474,
      0.15639810426540285,
      0.15217391304347827,
      0.15789473684210525,
      0.17062634989200864,
      0.1717171717171717,
      0.19278996865203762,
      0.24175824175824176,
      0.2138047138047138,
      0.26150767178118745
    ],
    "bin_confidence": [
      0.05590749500669857,
      0.148177558070407,
      0.24864142024850414,
      0.3514880716635357,
      0.4499976090487407,
      0.5507385941807875,
      0.6505817259757241,
      0.7510002319146262,
      0.8506241474444273,
      0.9775075056032372
    ],
    "bin_count": [
      431,
      422,
      368,
      418,
      463,
      594,
      638,
      546,
      594,
      1499
    ],
    "bin_edges": [
      0.0,
      0.1,
      0.2,
      0.30000000000000004,
      0.4,
      0.5,
      0.6000000000000001,
      0.7000000000000001,
      0.8,
      0.9,
      1.0
    ],
    "n_samples": 6178
  },
  "probas-mean-alltokens": {
    "score": 0.5229890692507441,
    "bin_accuracy": [
      NaN,
      NaN,
      NaN,
      0.0,
      0.16071428571428573,
      0.1371571072319202,
      0.15359688917692807,
      0.2015059160989602,
      0.29811629811629814,
      0.437125748502994
    ],
    "bin_confidence": [
      NaN,
      NaN,
      NaN,
      0.3733589247933456,
      0.4699709800026611,
      0.5633200478656277,
      0.6588884156330133,
      0.7481727381428805,
      0.8354500769937432,
      0.928384795332002
    ],
    "bin_count": [
      0,
      0,
      0,
      1,
      56,
      401,
      1543,
      2789,
      1221,
      167
    ],
    "bin_edges": [
      0.0,
      0.1,
      0.2,
      0.30000000000000004,
      0.4,
      0.5,
      0.6000000000000001,
      0.7000000000000001,
      0.8,
      0.9,
      1.0
    ],
    "n_samples": 6178
  },
  "probas-min-alltokens": {
    "score": 0.19175463247608665,
    "bin_accuracy": [
      0.2048570956550471,
      0.48484848484848486,
      0.42105263157894735,
      NaN,
      0.0,
      0.0,
      1.0,
      1.0,
      0.0,
      NaN
    ],
    "bin_confidence": [
      0.015915132508720564,
      0.13935505373008322,
      0.22360453950731377,
      NaN,
      0.4687906503677368,
      0.5926666259765625,
      0.6482983529567719,
      0.796421617269516,
      0.8670357465744019,
      NaN
    ],
    "bin_count": [
      6053,
      99,
      19,
      0,
      1,
      1,
      2,
      2,
      1,
      0
    ],
    "bin_edges": [
      0.0,
      0.1,
      0.2,
      0.30000000000000004,
      0.4,
      0.5,
      0.6000000000000001,
      0.7000000000000001,
      0.8,
      0.9,
      1.0
    ],
    "n_samples": 6178
  },
  "token-sar-alltokens": {
    "score": 0.38333322474200554,