{
  "probas-mean-bl": {
    "score": 0.4559407494360022,
    "bin_accuracy": [
      0.06382978723404255,
      0.17647058823529413,
      0.07142857142857142,
      0.11538461538461539,
      0.1724137931034483,
      0.25,
      0.35064935064935066,
      0.3217391304347826,
      0.3082706766917293,
      0.4524421593830334
    ],
    "bin_confidence": [
      0.05025809099699589,
      0.14651835838551908,
      0.2573994352659654,
      0.3554072225770841,
      0.44361466065395294,
      0.554982985081584,
      0.651452463405724,
      0.753961858181867,
      0.8518595629360213,
      0.9889781878414157
    ],
    "bin_count": [
      47,
      34,
      14,
      26,
      29,
      64,
      77,
      115,
      133,
      778
    ],
    "bin_edges": [
      0.0,
      0.1,
      0.2,
      0.30000000000000004,
      0.4,
      0.5,
      0.6000000000000001,
      0.7000000000000001,
      0.8,
      0.9,
      1.0
    ],
    "n_samples": 1317
  },
  "probas-min-bl": {
    "score": 0.37380251647896034,
    "bin_accuracy": [
      0.2012987012987013,
      0.1782178217821782,
      0.30952380952380953,
      0.2608695652173913,
      0.2549019607843137,
      0.46153846153846156,
      0.28,
      0.288135593220339,
      0.44594594594594594,
      0.45930232558139533
    ],
    "bin_confidence": [
      0.049077649615922724,
      0.14133568668719565,
      0.2600761130452156,
      0.35072025203186535,
      0.45139864613028136,
      0.5522591609221238,
      0.6489017379283905,
      0.7551305536496438,
      0.8525187985317128,
      0.9943282758427221
    ],
    "bin_count": [
      154,
      101,
      42,
      46,
      51,
      52,
      50,
      59,
      74,
      688
    ],
    "bin_edges": [
      0.0,
      0.1,
      0.2,
      0.30000000000000004,
      0.4,
      0.5,
      0.6000000000000001,
      0.7000000000000001,
      0.8,
      0.9,
      1.0
    ],
    "n_samples": 1317
  },
  "token-sar-bl": {
    "score": 0.46767270359144897,
    "bin_accuracy": [
      0.12658227848101267,
      0.2153846153846154,
      0.4594594594594595,
      0.2564102564102564,
      0.13793103448275862,
      0.46875,
      0.2727272727272727,
      0.3023255813953488,
      0.2765957446808511,
      0.42278203723986857
    ],
    "bin_confidence": [
      0.05157857283926274,
      0.1466257964189236,
      0.25766228985142065,
      0.3503494912233108,
      0.4383561045959078,
      0.5517035685479641,
      0.649130308266842,
      0.7472699478615162,
      0.8474790111501166,
      0.9974238187694863
    ],
    "bin_count": [
      79,
      65,
      37,
      39,
      29,
      32,
      33,
      43,
      47,
      913
    ],
    "bin_edges": [
      0.0,
      0.1,
      0.2,
      0.30000000000000004,
      0.4,
      0.5,
      0.6000000000000001,
      0.7000000000000001,
      0.8,
      0.9,
      1.0
    ],
    "n_samples": 1317
  },
  "probas-mean": {
    "score": 0.42337833759634413,
    "bin_accuracy": [
      0.0,
      0.25,
      0.07692307692307693,
      0.125,
      0.3448275862068966,
      0.2054794520547945,
      0.22988505747126436,
      0.33935018050541516,
      0.38461538461538464,
      0.5119363395225465
    ],
    "bin_confidence": [
      0.057746058950821556,
      0.13709535189544814,
      0.2486499264931241,
      0.3532426041324394,
      0.4504615730019915,
      0.5570286816818438,
      0.6588355946969178,
      0.7565500898837859,
      0.8497779115792456,
      0.9598933379717903
    ],
    "bin_count": [
      3,
      4,
      13,
      16,
      29,
      73,
      174,
      277,
      351,
      377
    ],
    "bin_edges": [
      0.0,
      0.1,
      0.2,
      0.30000000000000004,
      0.4,
      0.5,
      0.6000000000000001,
      0.7000000000000001,
      0.8,
      0.9,
      1.0
    ],
    "n_samples": 1317
  },
  "probas-min": {
    "score": 0.2487611136123057,
    "bin_accuracy": [
      0.1590909090909091,
      0.22388059701492538,
      0.19318181818181818,
      0.2807017543859649,
      0.3023255813953488,
      0.3657142857142857,
      0.3872832369942196,
      0.449438202247191,
      0.4318181818181818,
      0.5207373271889401
    ],
    "bin_confidence": [
      0.058724027639589886,
      0.15049469032554522,
      0.25442765769572245,
      0.35434868540622333,
      0.4514711221423417,
      0.5505402595530314,
      0.6542979617304207,
      0.7488429899160856,
      0.8509685967745685,
      0.9728121177189649
    ],
    "bin_count": [
      44,
      67,
      88,
      114,
      129,
      175,
      173,
      178,
      132,
      217
    ],
    "bin_edges": [
      0.0,
      0.1,
      0.2,
      0.30000000000000004,
      0.4,
      0.5,
      0.6000000000000001,
      0.7000000000000001,
      0.8,
      0.9,
      1.0
    ],
    "n_samples": 1317
  },
  "token-sar": {
    "score": 0.4232203839119184,
    "bin_accuracy": [
      0.0,
      0.3333333333333333,
      0.1111111111111111,
      0.23076923076923078,
      0.23529411764705882,
      0.2631578947368421,
      0.25165562913907286,
      0.2968197879858657,
      0.37962962962962965,
      0.5148514851485149
    ],
    "bin_confidence": [
      0.057693144640272344,
      0.12640173739599794,
      0.2527249247226948,
      0.3571763331241822,
      0.4492458674994927,
      0.5535435321185395,
      0.655671602646187,
      0.7546299775820391,
      0.8513414431942519,
      0.959529800070347
    ],
    "bin_count": [
      3,
      3,
      18,
      13,
      34,
      76,
      151,
      283,
      324,
      404
    ],
    "bin_edges": [
      0.0,
      0.1,
      0.2,
      0.30000000000000004,
      0.4,
      0.5,
      0.6000000000000001,
      0.7000000000000001,
      0.8,
      0.9,
      1.0
    ],
    "n_samples": 1317
  },
  "probas-mean-alltokens": {
    "score": 0.4058764019503278,
    "bin_accuracy": [
      NaN,
      NaN,
      NaN,
      NaN,
      0.0,
      0.375,
      0.3068181818181818,
      0.33693693693693694,
      0.39462809917355374,
      0.7014925373134329
    ],
    "bin_confidence": [
      NaN,
      NaN,
      NaN,
      NaN,
      0.45247827914440136,
      0.5609861860173366,
      0.6682368966737706,
      0.7541232140910463,
      0.8439451401476209,
      0.9195925837616548
    ],
    "bin_count": [
      0,
      0,
      0,
      0,
      3,
      32,
      176,
      555,
      484,
      67
    ],
    "bin_edges": [
      0.0,
      0.1,
      0.2,
      0.30000000000000004,
      0.4,
      0.5,
      0.6000000000000001,
      0.7000000000000001,
      0.8,
      0.9,
      1.0
    ],
    "n_samples": 1317
  },
  "probas-min-alltokens": {
    "score": 0.3423720966299201,
    "bin_accuracy": [
      0.36370903277378097,
      0.5192307692307693,
      0.6428571428571429,
      NaN,
      NaN,
      NaN,
      NaN,
      NaN,
      NaN,
      NaN
    ],
    "bin_confidence": [
      0.023543841765652284,
      0.1373667735606432,
      0.24996646174362727,
      NaN,
      NaN,
      NaN,
      NaN,
      NaN,
      NaN,
      NaN
    ],
    "bin_count": [
      1251,
      52,
      14,
      0,
      0,
      0,
      0,
      0,
      0,
      0
    ],
    "bin_edges": [
      0.0,
      0.1,
      0.2,
      0.30000000000000004,
      0.4,
      0.5,
      0.6000000000000001,
      0.7000000000000001,
      0.8,
      0.9,
      1.0
    ],
    "n_samples": 1317
  },
  "token-sar-alltokens": {
    "score": 0.328321009193354,
    "bin_accuracy": [
      0.3333333333333333,
      0.35714285714285715,
      0.36577181208053694,
      0.39436619718309857,
      0.35294117647058826,
      0.4576271186440678,
      0.39285714285714285,
      0.25925925925925924,
      0.3902439024390244,
      0.38562091503267976
    ],