{
  "probas-mean-bl": {
    "score": 0.30087813010434294,
    "bin_accuracy": [
      0.05,
      0.2,
      0.25,
      0.07142857142857142,
      0.24,
      0.358974358974359,
      0.5434782608695652,
      0.4819277108433735,
      0.5617977528089888,
      0.6501501501501501
    ],
    "bin_confidence": [
      0.044408062496222554,
      0.15956154835099973,
      0.2646533993090718,
      0.34261862878991783,
      0.44955793702824126,
      0.5549726581180677,
      0.652733621558068,
      0.753494970881069,
      0.852070293678885,
      0.995743320474046
    ],
    "bin_count": [
      20,
      10,
      8,
      14,
      25,
      39,
      46,
      83,
      89,
      666
    ],
    "bin_edges": [
      0.0,
      0.1,
      0.2,
      0.30000000000000004,
      0.4,
      0.5,
      0.6000000000000001,
      0.7000000000000001,
      0.8,
      0.9,
      1.0
    ],
    "n_samples": 1000
  },
  "probas-min-bl": {
    "score": 0.29135870821401477,
    "bin_accuracy": [
      0.23255813953488372,
      0.4067796610169492,
      0.5714285714285714,
      0.48148148148148145,
      0.5,
      0.4857142857142857,
      0.3333333333333333,
      0.5757575757575758,
      0.5862068965517241,
      0.6547433903576982
    ],
    "bin_confidence": [
      0.050387133216095524,
      0.14747999608516693,
      0.2439668651138033,
      0.33713401246953895,
      0.4470604183152318,
      0.5479393039430891,
      0.6500702613875979,
      0.7629251805218783,
      0.8514466594005453,
      0.9978893907222184
    ],
    "bin_count": [
      86,
      59,
      35,
      27,
      32,
      35,
      21,
      33,
      29,
      643
    ],
    "bin_edges": [
      0.0,
      0.1,
      0.2,
      0.30000000000000004,
      0.4,
      0.5,
      0.6000000000000001,
      0.7000000000000001,
      0.8,
      0.9,
      1.0
    ],
    "n_samples": 1000
  },
  "token-sar-bl": {
    "score": 0.321155639517121,
    "bin_accuracy": [
      0.125,
      0.4166666666666667,
      0.5185185185185185,
      0.47058823529411764,
      0.4444444444444444,
      0.5666666666666667,
      0.25,
      0.6071428571428571,
      0.5714285714285714,
      0.6238159675236806
    ],
    "bin_confidence": [
      0.04769451406318694,
      0.14991383953019977,
      0.24908414151933458,
      0.34905346526819114,
      0.44055442567224856,
      0.5453353424866995,
      0.6434412188827991,
      0.75545220715659,
      0.850110507437161,
      0.9985421912918555
    ],
    "bin_count": [
      40,
      48,
      27,
      17,
      27,
      30,
      16,
      28,
      28,
      739
    ],
    "bin_edges": [
      0.0,
      0.1,
      0.2,
      0.30000000000000004,
      0.4,
      0.5,
      0.6000000000000001,
      0.7000000000000001,
      0.8,
      0.9,
      1.0
    ],
    "n_samples": 1000
  },
  "probas-mean": {
    "score": 0.2625925315473838,
    "bin_accuracy": [
      NaN,
      0.0,
      0.25,
      0.4444444444444444,
      0.3684210526315789,
      0.35714285714285715,
      0.4222222222222222,
      0.5144508670520231,
      0.594488188976378,
      0.6609336609336609
    ],
    "bin_confidence": [
      NaN,
      0.1496748693964698,
      0.2419668034805606,
      0.3659771358146784,
      0.44586486010568444,
      0.5606255884509969,
      0.6517958968346639,
      0.7521922743587625,
      0.8509108942369015,
      0.9671127146745374
    ],
    "bin_count": [
      0,
      2,
      4,
      9,
      19,
      42,
      90,
      173,
      254,
      407
    ],
    "bin_edges": [
      0.0,
      0.1,
      0.2,
      0.30000000000000004,
      0.4,
      0.5,
      0.6000000000000001,
      0.7000000000000001,
      0.8,
      0.9,
      1.0
    ],
    "n_samples": 1000
  },
  "probas-min": {
    "score": 0.18545794709836486,
    "bin_accuracy": [
      0.5294117647058824,
      0.3076923076923077,
      0.5,
      0.43859649122807015,
      0.4057971014492754,
      0.5855855855855856,
      0.5348837209302325,
      0.5630252100840336,
      0.6854838709677419,
      0.662020905923345
    ],
    "bin_confidence": [
      0.054828224087983,
      0.15948444202711878,
      0.24645570302691447,
      0.3513249764380804,
      0.4470460984689468,
      0.5491543993340392,
      0.6530175482871756,
      0.7494349696997681,
      0.8510795831963472,
      0.9742835597255629
    ],
    "bin_count": [
      17,
      39,
      48,
      57,
      69,
      111,
      129,
      119,
      124,
      287
    ],
    "bin_edges": [
      0.0,
      0.1,
      0.2,
      0.30000000000000004,
      0.4,
      0.5,
      0.6000000000000001,
      0.7000000000000001,
      0.8,
      0.9,
      1.0
    ],
    "n_samples": 1000
  },
  "token-sar": {
    "score": 0.2706306842038385,
    "bin_accuracy": [
      NaN,
      0.0,
      0.4,
      0.625,
      0.25,
      0.43902439024390244,
      0.3723404255319149,
      0.525,
      0.5798319327731093,
      0.6595744680851063
    ],
    "bin_confidence": [
      NaN,
      0.16559652203834474,
      0.25316633120544113,
      0.3530537059151324,
      0.45433312358006717,
      0.5597448522370747,
      0.6525378433056788,
      0.7541337783788176,
      0.8539884344764409,
      0.9667582631466023
    ],
    "bin_count": [
      0,
      3,
      5,
      8,
      20,
      41,
      94,
      160,
      238,
      423
    ],
    "bin_edges": [
      0.0,
      0.1,
      0.2,
      0.30000000000000004,
      0.4,
      0.5,
      0.6000000000000001,
      0.7000000000000001,
      0.8,
      0.9,
      1.0
    ],
    "n_samples": 1000
  },
  "probas-mean-alltokens": {
    "score": 0.20923986004098138,
    "bin_accuracy": [
      NaN,
      NaN,
      NaN,
      NaN,
      0.4,
      0.5,
      0.4959349593495935,
      0.5406091370558376,
      0.6117936117936118,
      0.7647058823529411
    ],
    "bin_confidence": [
      NaN,
      NaN,
      NaN,
      NaN,
      0.476209543704931,
      0.5711239988120753,
      0.658792204105961,
      0.7557495383838917,
      0.8450361228766063,
      0.9158798256303904
    ],
    "bin_count": [
      0,
      0,
      0,
      0,
      5,
      20,
      123,
      394,
      407,
      51
    ],
    "bin_edges": [
      0.0,
      0.1,
      0.2,
      0.30000000000000004,
      0.4,
      0.5,
      0.6000000000000001,
      0.7000000000000001,
      0.8,
      0.9,
      1.0
    ],
    "n_samples": 1000
  },
  "probas-min-alltokens": {
    "score": 0.5390007310830988,
    "bin_accuracy": [
      0.5646036916395223,
      0.5892857142857143,
      0.9,
      1.0,
      1.0,
      NaN,
      NaN,
      NaN,
      NaN,
      NaN
    ],
    "bin_confidence": [
      0.02309383754239263,
      0.14229611653302396,
      0.22904739901423454,
      0.3057771921157837,
      0.4372684210538864,
      NaN,
      NaN,
      NaN,
      NaN,
      NaN
    ],
    "bin_count": [
      921,
      56,
      20,
      1,
      2,
      0,
      0,
      0,
      0,
      0
    ],
    "bin_edges": [
      0.0,
      0.1,
      0.2,
      0.30000000000000004,
      0.4,
      0.5,
      0.6000000000000001,
      0.7000000000000001,
      0.8,
      0.9,
      1.0
    ],
    "n_samples": 1000
  },
  "token-sar-alltokens": {
    "score": 0.3526924622687511,
    "bin_accuracy": [
      0.5222222222222223,
      0.6344827586206897,
      0.5939086294416244,
      0.3333333333333333,
      0.45714285714285713,
      0.5344827586206896,
      0.6071428571428571,
      0.44,
      0.5357142857142857,
      0.5904255319148937
    ],
    "bin_confidence": [
      0.05624353145249188,
      0.15999801955346404,
      0.23636422794179868,
      0.34909306632147896,
      0.4569458322865622,
      0.5475455697240501,
      0.6458524210112435,
      0.7524535632133484,
      0.8556982768433434,
      0.996316151891617
    ],
    "bin_count": [
      90,
      145,
      197,
      18,
      35,
      58,
      28,
      25,
      28,
      376
    ],