{
  "probas-mean-bl": {
    "score": 0.6232301887512225,
    "bin_accuracy": [
      0.037037037037037035,
      0.05172413793103448,
      0.0684931506849315,
      0.12686567164179105,
      0.14655172413793102,
      0.1276595744680851,
      0.13442622950819672,
      0.17486338797814208,
      0.1714046822742475,
      0.266506922257721
    ],
    "bin_confidence": [
      0.060481161889669406,
      0.1584556872060931,
      0.25511227315516355,
      0.35416608511251124,
      0.4514933516617129,
      0.5521733267756292,
      0.6530347752888906,
      0.7527585864514196,
      0.8521317491040321,
      0.9807134201732314
    ],
    "bin_count": [
      54,
      58,
      73,
      134,
      232,
      423,
      610,
      915,
      1196,
      3756
    ],
    "bin_edges": [
      0.0,
      0.1,
      0.2,
      0.30000000000000004,
      0.4,
      0.5,
      0.6000000000000001,
      0.7000000000000001,
      0.8,
      0.9,
      1.0
    ],
    "n_samples": 7451
  },
  "probas-min-bl": {
    "score": 0.40353026044718876,
    "bin_accuracy": [
      0.12672521957340024,
      0.18529862174578868,
      0.16515837104072398,
      0.13214285714285715,
      0.15454545454545454,
      0.20136518771331058,
      0.21180555555555555,
      0.21666666666666667,
      0.2064516129032258,
      0.28587035688273854
    ],
    "bin_confidence": [
      0.044312487570498806,
      0.14741728799403353,
      0.24704203343364448,
      0.35000896932823317,
      0.4527497495665695,
      0.552168762927983,
      0.6476342276566558,
      0.7546082932088111,
      0.8545429002854132,
      0.9893202906052561
    ],
    "bin_count": [
      1594,
      653,
      442,
      280,
      330,
      293,
      288,
      360,
      465,
      2746
    ],
    "bin_edges": [
      0.0,
      0.1,
      0.2,
      0.30000000000000004,
      0.4,
      0.5,
      0.6000000000000001,
      0.7000000000000001,
      0.8,
      0.9,
      1.0
    ],
    "n_samples": 7451
  },
  "token-sar-bl": {
    "score": 0.635490567045737,
    "bin_accuracy": [
      0.1130952380952381,
      0.16526610644257703,
      0.15753424657534246,
      0.12422360248447205,
      0.23671497584541062,
      0.21656050955414013,
      0.15,
      0.10112359550561797,
      0.1134020618556701,
      0.226431718061674
    ],
    "bin_confidence": [
      0.05315976989749331,
      0.1524543437470241,
      0.24443663131088428,
      0.35338210948505755,
      0.45119766898201286,
      0.5468523297340248,
      0.6460236504673957,
      0.7522049137715543,
      0.8547747208900058,
      0.9986366646615419
    ],
    "bin_count": [
      336,
      357,
      292,
      161,
      207,
      157,
      80,
      89,
      97,
      5675
    ],
    "bin_edges": [
      0.0,
      0.1,
      0.2,
      0.30000000000000004,
      0.4,
      0.5,
      0.6000000000000001,
      0.7000000000000001,
      0.8,
      0.9,
      1.0
    ],
    "n_samples": 7451
  },
  "probas-mean": {
    "score": 0.4377342782679802,
    "bin_accuracy": [
      0.17261904761904762,
      0.16511627906976745,
      0.19047619047619047,
      0.14285714285714285,
      0.16415410385259632,
      0.18838862559241706,
      0.1881720430107527,
      0.20027063599458728,
      0.25337331334332835,
      0.2679189322787939
    ],
    "bin_confidence": [
      0.0544562535518785,
      0.15029446895277832,
      0.2533600566472409,
      0.3519011390448133,
      0.45216190247718574,
      0.5481205299838801,
      0.6500748460449266,
      0.7518572964223442,
      0.8489060972947571,
      0.9818083190161446
    ],
    "bin_count": [
      504,
      430,
      420,
      483,
      597,
      844,
      744,
      739,
      667,
      2023
    ],
    "bin_edges": [
      0.0,
      0.1,
      0.2,
      0.30000000000000004,
      0.4,
      0.5,
      0.6000000000000001,
      0.7000000000000001,
      0.8,
      0.9,
      1.0
    ],
    "n_samples": 7451
  },
  "probas-min": {
    "score": 0.3237023254255337,
    "bin_accuracy": [
      0.15910585141354372,
      0.17567567567567569,
      0.19786096256684493,
      0.17416829745596868,
      0.21176470588235294,
      0.21374045801526717,
      0.2028397565922921,
      0.24725274725274726,
      0.22658610271903323,
      0.2795299938157081
    ],
    "bin_confidence": [
      0.0487911214357144,
      0.14459178581909354,
      0.24905108310890903,
      0.3509343681888486,
      0.4506795763163149,
      0.5489906252033697,
      0.6492349720907238,
      0.7492223554880866,
      0.8534259933473832,
      0.9881017208548094
    ],
    "bin_count": [
      1521,
      888,
      561,
      511,
      510,
      655,
      493,
      364,
      331,
      1617
    ],
    "bin_edges": [
      0.0,
      0.1,
      0.2,
      0.30000000000000004,
      0.4,
      0.5,
      0.6000000000000001,
      0.7000000000000001,
      0.8,
      0.9,
      1.0
    ],
    "n_samples": 7451
  },
  "token-sar": {
    "score": 0.41348525226361565,
    "bin_accuracy": [
      0.16796875,
      0.1743486973947896,
      0.19954648526077098,
      0.13157894736842105,
      0.16981132075471697,
      0.17884130982367757,
      0.20597014925373133,
      0.20206489675516223,
      0.23233908948194662,
      0.2696922274387063
    ],
    "bin_confidence": [
      0.054930823169505955,
      0.15036528378471714,
      0.25100276311929454,
      0.3498543303250079,
      0.4507641623564113,
      0.5493642913045153,
      0.6487626620392667,
      0.752178325167468,
      0.8499945856521979,
      0.9788367354885359
    ],
    "bin_count": [
      512,
      499,
      441,
      494,
      583,
      794,
      670,
      678,
      637,
      1917
    ],
    "bin_edges": [
      0.0,
      0.1,
      0.2,
      0.30000000000000004,
      0.4,
      0.5,
      0.6000000000000001,
      0.7000000000000001,
      0.8,
      0.9,
      1.0
    ],
    "n_samples": 7451
  },
  "probas-mean-alltokens": {
    "score": 0.5250696343596282,
    "bin_accuracy": [
      NaN,
      NaN,
      NaN,
      NaN,
      0.13793103448275862,
      0.16560509554140126,
      0.1601063829787234,
      0.1987559241706161,
      0.28904109589041094,
      0.4029126213592233
    ],
    "bin_confidence": [
      NaN,
      NaN,
      NaN,
      NaN,
      0.4725011074920488,
      0.5651208839969803,
      0.658881779335873,
      0.7495606145643392,
      0.8364579991016344,
      0.928513526249689
    ],
    "bin_count": [
      0,
      0,
      0,
      0,
      58,
      471,
      1880,
      3376,
      1460,
      206
    ],
    "bin_edges": [
      0.0,
      0.1,
      0.2,
      0.30000000000000004,
      0.4,
      0.5,
      0.6000000000000001,
      0.7000000000000001,
      0.8,
      0.9,
      1.0
    ],
    "n_samples": 7451
  },
  "probas-min-alltokens": {
    "score": 0.1915305145738415,
    "bin_accuracy": [
      0.20711841204654347,
      0.3050847457627119,
      0.5294117647058824,
      0.75,
      1.0,
      0.0,
      1.0,
      0.0,
      0.0,
      NaN
    ],
    "bin_confidence": [
      0.01595115174517395,
      0.14101334364484933,
      0.23731074438375585,
      0.3654278665781021,
      0.4497470259666443,
      0.562176525592804,
      0.6348419785499573,
      0.7549149990081787,
      0.8400312463442484,
      NaN
    ],
    "bin_count": [
      7305,
      118,
      17,
      4,
      1,
      1,
      1,
      1,
      3,
      0
    ],
    "bin_edges": [
      0.0,
      0.1,
      0.2,
      0.30000000000000004,
      0.4,
      0.5,
      0.6000000000000001,
      0.7000000000000001,
      0.8,
      0.9,
      1.0
    ],
    "n_samples": 7451
  },
  "token-sar-alltokens": {
    "score": 0.37322983053300257,