{
  "probas-mean-bl": {
    "score": 0.9218073138478117,
    "bin_accuracy": [
      NaN,
      0.0,
      NaN,
      NaN,
      NaN,
      0.0,
      0.0,
      0.05263157894736842,
      0.04838709677419355,
      0.06305688827964359
    ],
    "bin_confidence": [
      NaN,
      0.12373504104713598,
      NaN,
      NaN,
      NaN,
      0.5633818134665489,
      0.6487330282727878,
      0.7519160920557387,
      0.8663156547647267,
      0.9940775050609086
    ],
    "bin_count": [
      0,
      2,
      0,
      0,
      0,
      1,
      3,
      19,
      62,
      1459
    ],
    "bin_edges": [
      0.0,
      0.1,
      0.2,
      0.30000000000000004,
      0.4,
      0.5,
      0.6000000000000001,
      0.7000000000000001,
      0.8,
      0.9,
      1.0
    ],
    "n_samples": 1546
  },
  "probas-min-bl": {
    "score": 0.8552141755730164,
    "bin_accuracy": [
      0.1,
      0.05,
      0.04,
      0.125,
      0.0,
      0.08695652173913043,
      0.2727272727272727,
      0.0,
      0.0,
      0.06216006216006216
    ],
    "bin_confidence": [
      0.04363216501660645,
      0.15837171748280526,
      0.24421090483665467,
      0.33401169441640377,
      0.444344782515576,
      0.556108516195546,
      0.6550973843444478,
      0.7616330075263977,
      0.8613915201546489,
      0.9970221279569624
    ],
    "bin_count": [
      40,
      20,
      25,
      16,
      19,
      23,
      22,
      25,
      69,
      1287
    ],
    "bin_edges": [
      0.0,
      0.1,
      0.2,
      0.30000000000000004,
      0.4,
      0.5,
      0.6000000000000001,
      0.7000000000000001,
      0.8,
      0.9,
      1.0
    ],
    "n_samples": 1546
  },
  "token-sar-bl": {
    "score": 0.9141139936661119,
    "bin_accuracy": [
      0.14285714285714285,
      0.0,
      0.1,
      0.0,
      NaN,
      0.0,
      NaN,
      NaN,
      NaN,
      0.060828877005347594
    ],
    "bin_confidence": [
      0.0403092410415411,
      0.16052800913651785,
      0.27134431451559066,
      0.32783204689621925,
      NaN,
      0.531209409236908,
      NaN,
      NaN,
      NaN,
      1.0
    ],
    "bin_count": [
      28,
      3,
      10,
      8,
      0,
      1,
      0,
      0,
      0,
      1496
    ],
    "bin_edges": [
      0.0,
      0.1,
      0.2,
      0.30000000000000004,
      0.4,
      0.5,
      0.6000000000000001,
      0.7000000000000001,
      0.8,
      0.9,
      1.0
    ],
    "n_samples": 1546
  },
  "probas-mean": {
    "score": 0.6729748427438558,
    "bin_accuracy": [
      NaN,
      0.0,
      0.0,
      0.0,
      0.014285714285714285,
      0.02857142857142857,
      0.02711864406779661,
      0.02526315789473684,
      0.0966183574879227,
      0.25203252032520324
    ],
    "bin_confidence": [
      NaN,
      0.18386180672123603,
      0.26276086609354626,
      0.3522266148328555,
      0.45887587679886865,
      0.5582560317751847,
      0.6560906235222143,
      0.7523822634581321,
      0.8462652661867336,
      0.935626113811036
    ],
    "bin_count": [
      0,
      1,
      3,
      25,
      70,
      140,
      295,
      475,
      414,
      123
    ],
    "bin_edges": [
      0.0,
      0.1,
      0.2,
      0.30000000000000004,
      0.4,
      0.5,
      0.6000000000000001,
      0.7000000000000001,
      0.8,
      0.9,
      1.0
    ],
    "n_samples": 1546
  },
  "probas-min": {
    "score": 0.45985553342555785,
    "bin_accuracy": [
      0.0,
      0.0,
      0.01020408163265306,
      0.022123893805309734,
      0.03468208092485549,
      0.04810126582278481,
      0.10505836575875487,
      0.11475409836065574,
      0.22641509433962265,
      0.2608695652173913
    ],
    "bin_confidence": [
      0.05551704090644943,
      0.15964615804109417,
      0.25869076200682406,
      0.35731377185507696,
      0.4538506995483182,
      0.5488043874110313,
      0.6458000567893866,
      0.7449648089014215,
      0.8413231758332529,
      0.9405643919179769
    ],
    "bin_count": [
      2,
      24,
      98,
      226,
      346,
      395,
      257,
      122,
      53,
      23
    ],
    "bin_edges": [
      0.0,
      0.1,
      0.2,
      0.30000000000000004,
      0.4,
      0.5,
      0.6000000000000001,
      0.7000000000000001,
      0.8,
      0.9,
      1.0
    ],
    "n_samples": 1546
  },
  "token-sar": {
    "score": 0.6539481622666726,
    "bin_accuracy": [
      NaN,
      0.0,
      0.0,
      0.0,
      0.012195121951219513,
      0.02976190476190476,
      0.03353658536585366,
      0.017857142857142856,
      0.1111111111111111,
      0.2743362831858407
    ],
    "bin_confidence": [
      NaN,
      0.18386180672123603,
      0.2631914535700991,
      0.36403698859438366,
      0.45996729872102565,
      0.5574125897024628,
      0.6556076169037789,
      0.7481129763397396,
      0.8433398094502397,
      0.9347021027921782
    ],
    "bin_count": [
      0,
      1,
      7,
      39,
      82,
      168,
      328,
      448,
      360,
      113
    ],
    "bin_edges": [
      0.0,
      0.1,
      0.2,
      0.30000000000000004,
      0.4,
      0.5,
      0.6000000000000001,
      0.7000000000000001,
      0.8,
      0.9,
      1.0
    ],
    "n_samples": 1546
  },
  "p-true-bl": {
    "score": 0.7015100962363116,
    "bin_accuracy": [
      NaN,
      NaN,
      NaN,
      NaN,
      NaN,
      NaN,
      0.0,
      0.06030150753768844,
      0.09090909090909091,
      NaN
    ],
    "bin_confidence": [
      NaN,
      NaN,
      NaN,
      NaN,
      NaN,
      NaN,
      0.6854109650566464,
      0.7602665872344505,
      0.8112850189208984,
      NaN
    ],
    "bin_count": [
      0,
      0,
      0,
      0,
      0,
      0,
      21,
      1393,
      132,
      0
    ],
    "bin_edges": [
      0.0,
      0.1,
      0.2,
      0.30000000000000004,
      0.4,
      0.5,
      0.6000000000000001,
      0.7000000000000001,
      0.8,
      0.9,
      1.0
    ],
    "n_samples": 1546
  },
  "p-true-allsteps": {
    "score": 0.7899533388377161,
    "bin_accuracy": [
      NaN,
      NaN,
      NaN,
      NaN,
      NaN,
      0.0,
      NaN,
      0.024390243902439025,
      0.06228610540725531,
      0.09302325581395349
    ],
    "bin_confidence": [
      NaN,
      NaN,
      NaN,
      NaN,
      NaN,
      0.5736784338951111,
      NaN,
      0.7873746534673179,
      0.8523454034597722,
      0.9101206549378329
    ],
    "bin_count": [
      0,
      0,
      0,
      0,
      0,
      1,
      0,
      41,
      1461,
      43
    ],
    "bin_edges": [
      0.0,
      0.1,
      0.2,
      0.30000000000000004,
      0.4,
      0.5,
      0.6000000000000001,
      0.7000000000000001,
      0.8,
      0.9,
      1.0
    ],
    "n_samples": 1546
  },
  "p-true-keystep": {
    "score": 0.7376247067269501,
    "bin_accuracy": [
      NaN,
      NaN,
      NaN,
      NaN,
      NaN,
      NaN,
      0.0,
      0.0451527224435591,
      0.07848101265822785,
      0.0
    ],
    "bin_confidence": [
      NaN,
      NaN,
      NaN,
      NaN,
      NaN,
      NaN,
      0.6771879196166992,
      0.7736491726372505,
      0.8247305234021778,
      0.9184802770614624
    ],
    "bin_count": [
      0,
      0,
      0,
      0,
      0,
      0,
      2,
      753,
      790,
      1
    ],
    "bin_edges": [
      0.0,
      0.1,
      0.2,
      0.30000000000000004,
      0.4,
      0.5,
      0.6000000000000001,
      0.7000000000000001,
      0.8,
      0.9,
      1.0
    ],
    "n_samples": 1546
  },
  "p-true-allkeywords": {
    "score": 0.7563762447735316,
    "bin_accuracy": [
      NaN,
      NaN,
      NaN,
      NaN,
      NaN,
      NaN,
      0.0,
      0.032362459546925564,
      0.06957928802588997,
      NaN
    ],
    "bin_confidence": [
      NaN,
      NaN,
      NaN,
      NaN,
      NaN,
      NaN,
      0.6513549089431763,
      0.7840663256382865,
      0.8272085961882736,
      NaN
    ],