{
  "probas-mean-bl": {
    "score": 0.7661228017596482,
    "bin_accuracy": [
      0.2,
      0.0,
      0.0,
      0.0,
      0.0,
      0.0,
      0.015625,
      0.031578947368421054,
      0.04195804195804196,
      0.02247191011235955
    ],
    "bin_confidence": [
      0.050501723789299534,
      0.158229287674961,
      0.2636762185872573,
      0.361751354775495,
      0.45601994782048216,
      0.5549679359922499,
      0.6579482491756674,
      0.7548628806298845,
      0.8517179391404105,
      0.9546357885440095
    ],
    "bin_count": [
      5,
      2,
      2,
      9,
      20,
      41,
      64,
      95,
      143,
      178
    ],
    "bin_edges": [
      0.0,
      0.1,
      0.2,
      0.30000000000000004,
      0.4,
      0.5,
      0.6000000000000001,
      0.7000000000000001,
      0.8,
      0.9,
      1.0
    ],
    "n_samples": 559
  },
  "probas-min-bl": {
    "score": 0.27580443518119657,
    "bin_accuracy": [
      0.02262443438914027,
      0.012195121951219513,
      0.031746031746031744,
      0.02857142857142857,
      0.04,
      0.0,
      0.0,
      0.1,
      0.06451612903225806,
      0.0
    ],
    "bin_confidence": [
      0.04193746397162185,
      0.14546998154099394,
      0.25176907957546296,
      0.3517683369772775,
      0.44411455273628236,
      0.5389404784549366,
      0.6619946733117104,
      0.7492994884649913,
      0.8606248824827133,
      0.9560697237650554
    ],
    "bin_count": [
      221,
      82,
      63,
      35,
      25,
      11,
      16,
      30,
      31,
      45
    ],
    "bin_edges": [
      0.0,
      0.1,
      0.2,
      0.30000000000000004,
      0.4,
      0.5,
      0.6000000000000001,
      0.7000000000000001,
      0.8,
      0.9,
      1.0
    ],
    "n_samples": 559
  },
  "token-sar-bl": {
    "score": 0.592271795412209,
    "bin_accuracy": [
      0.04838709677419355,
      0.0196078431372549,
      0.0,
      0.0,
      0.0,
      0.0,
      0.1111111111111111,
      0.0,
      0.0,
      0.03759398496240601
    ],
    "bin_confidence": [
      0.056900150946251324,
      0.1496803474192526,
      0.24735363782383502,
      0.3512039447939673,
      0.4387534565868832,
      0.5290860682725906,
      0.6449378331502279,
      0.7710676278386798,
      0.8529525597890218,
      0.9979269719661626
    ],
    "bin_count": [
      62,
      51,
      64,
      43,
      42,
      12,
      9,
      7,
      3,
      266
    ],
    "bin_edges": [
      0.0,
      0.1,
      0.2,
      0.30000000000000004,
      0.4,
      0.5,
      0.6000000000000001,
      0.7000000000000001,
      0.8,
      0.9,
      1.0
    ],
    "n_samples": 559
  },
  "probas-mean": {
    "score": 0.6134181846013295,
    "bin_accuracy": [
      0.0,
      0.041666666666666664,
      0.08333333333333333,
      0.029411764705882353,
      0.0,
      0.015873015873015872,
      0.030303030303030304,
      0.02531645569620253,
      0.041237113402061855,
      0.019417475728155338
    ],
    "bin_confidence": [
      0.044245319189793755,
      0.13743921698084569,
      0.25194573282697713,
      0.35327971289103494,
      0.45244957926817464,
      0.5501959470553807,
      0.6534914531506058,
      0.7495422818761487,
      0.8506846537315951,
      0.9677758036797256
    ],
    "bin_count": [
      34,
      24,
      24,
      34,
      35,
      63,
      66,
      79,
      97,
      103
    ],
    "bin_edges": [
      0.0,
      0.1,
      0.2,
      0.30000000000000004,
      0.4,
      0.5,
      0.6000000000000001,
      0.7000000000000001,
      0.8,
      0.9,
      1.0
    ],
    "n_samples": 559
  },
  "probas-min": {
    "score": 0.3339246027486798,
    "bin_accuracy": [
      0.012658227848101266,
      0.03260869565217391,
      0.03508771929824561,
      0.046511627906976744,
      0.029411764705882353,
      0.05405405405405406,
      0.034482758620689655,
      0.0,
      0.0,
      0.03389830508474576
    ],
    "bin_confidence": [
      0.04174835944799882,
      0.13940759131982824,
      0.2517653372935069,
      0.35348557963484056,
      0.4531833821132137,
      0.5506219019076728,
      0.6454700202585097,
      0.7562949712503059,
      0.8514928212711267,
      0.9813871352421928
    ],
    "bin_count": [
      158,
      92,
      57,
      43,
      34,
      37,
      29,
      24,
      26,
      59
    ],
    "bin_edges": [
      0.0,
      0.1,
      0.2,
      0.30000000000000004,
      0.4,
      0.5,
      0.6000000000000001,
      0.7000000000000001,
      0.8,
      0.9,
      1.0
    ],
    "n_samples": 559
  },
  "token-sar": {
    "score": 0.5894937283226569,
    "bin_accuracy": [
      0.0,
      0.0,
      0.08571428571428572,
      0.021739130434782608,
      0.0,
      0.0392156862745098,
      0.015873015873015872,
      0.05263157894736842,
      0.024390243902439025,
      0.018867924528301886
    ],
    "bin_confidence": [
      0.046036991719502526,
      0.1298884394959259,
      0.24658702424476178,
      0.35889540485426036,
      0.45579885909152074,
      0.5513065462573837,
      0.6507258526603393,
      0.7564490019402299,
      0.8553666901468923,
      0.9639327066533608
    ],
    "bin_count": [
      36,
      22,
      35,
      46,
      35,
      51,
      63,
      76,
      82,
      106
    ],
    "bin_edges": [
      0.0,
      0.1,
      0.2,
      0.30000000000000004,
      0.4,
      0.5,
      0.6000000000000001,
      0.7000000000000001,
      0.8,
      0.9,
      1.0
    ],
    "n_samples": 559
  },
  "probas-mean-alltokens": {
    "score": 0.6955423735472404,
    "bin_accuracy": [
      NaN,
      NaN,
      NaN,
      NaN,
      0.0,
      0.022727272727272728,
      0.03592814371257485,
      0.021551724137931036,
      0.02702702702702703,
      0.0
    ],
    "bin_confidence": [
      NaN,
      NaN,
      NaN,
      NaN,
      0.4533609989221277,
      0.5699274106462323,
      0.655198744858288,
      0.7488167997160886,
      0.832557564118823,
      0.9068601025253769
    ],
    "bin_count": [
      0,
      0,
      0,
      0,
      3,
      44,
      167,
      232,
      111,
      2
    ],
    "bin_edges": [
      0.0,
      0.1,
      0.2,
      0.30000000000000004,
      0.4,
      0.5,
      0.6000000000000001,
      0.7000000000000001,
      0.8,
      0.9,
      1.0
    ],
    "n_samples": 559
  },
  "probas-min-alltokens": {
    "score": 0.012383442409569814,
    "bin_accuracy": [
      0.026833631484794274,
      NaN,
      NaN,
      NaN,
      NaN,
      NaN,
      NaN,
      NaN,
      NaN,
      NaN
    ],
    "bin_confidence": [
      0.01445018907522446,
      NaN,
      NaN,
      NaN,
      NaN,
      NaN,
      NaN,
      NaN,
      NaN,
      NaN
    ],
    "bin_count": [
      559,
      0,
      0,
      0,
      0,
      0,
      0,
      0,
      0,
      0
    ],
    "bin_edges": [
      0.0,
      0.1,
      0.2,
      0.30000000000000004,
      0.4,
      0.5,
      0.6000000000000001,
      0.7000000000000001,
      0.8,
      0.9,
      1.0
    ],
    "n_samples": 559
  },
  "token-sar-alltokens": {
    "score": 0.4480659789655671,
    "bin_accuracy": [
      0.03125,
      0.025974025974025976,
      0.022727272727272728,
      0.05128205128205128,
      0.019230769230769232,
      0.0,
      0.058823529411764705,
      0.0,
      0.1111111111111111,
      0.014598540145985401
    ],
    "bin_confidence": [
      0.056734211881121155,
      0.15123724414930714,
      0.24926636859097265,
      0.346444349640455,
      0.43594178614708096,
      0.5269523764911451,
      0.6467891019933364,
      0.7437581585513221,
      0.8593181901507907,
      0.9958870937354374
    ],
    "bin_count": [
      64,
      77,
      88,
      78,
      52,
      19,
      17,
      18,
      9,
      137
    ],