{
  "probas-mean-bl": {
    "score": 0.3130878869189184,
    "bin_accuracy": [
      0.0,
      0.16666666666666666,
      0.5,
      0.5714285714285714,
      0.5294117647058824,
      0.6052631578947368,
      0.6222222222222222,
      0.5483870967741935,
      0.5333333333333333,
      0.6312925170068027
    ],
    "bin_confidence": [
      0.05738037948807081,
      0.1371388112505277,
      0.2375802273551623,
      0.35506194663633195,
      0.45131805077487347,
      0.5543074510608349,
      0.6546032947182994,
      0.7541450328564402,
      0.8412890948252633,
      0.9965139221894954
    ],
    "bin_count": [
      6,
      6,
      2,
      14,
      17,
      38,
      45,
      62,
      75,
      735
    ],
    "bin_edges": [
      0.0,
      0.1,
      0.2,
      0.30000000000000004,
      0.4,
      0.5,
      0.6000000000000001,
      0.7000000000000001,
      0.8,
      0.9,
      1.0
    ],
    "n_samples": 1000
  },
  "probas-min-bl": {
    "score": 0.3635919019114226,
    "bin_accuracy": [
      0.4931506849315068,
      0.5882352941176471,
      0.6585365853658537,
      0.5652173913043478,
      0.5909090909090909,
      0.4,
      0.4444444444444444,
      0.5714285714285714,
      0.32,
      0.6370056497175142
    ],
    "bin_confidence": [
      0.05699680737946948,
      0.14384904536692536,
      0.23930086486223268,
      0.33812976142634515,
      0.4612016718495976,
      0.5506141901016235,
      0.6568807429737515,
      0.7553801337877909,
      0.8508975601196289,
      0.9981859749824987
    ],
    "bin_count": [
      73,
      68,
      41,
      23,
      22,
      10,
      9,
      21,
      25,
      708
    ],
    "bin_edges": [
      0.0,
      0.1,
      0.2,
      0.30000000000000004,
      0.4,
      0.5,
      0.6000000000000001,
      0.7000000000000001,
      0.8,
      0.9,
      1.0
    ],
    "n_samples": 1000
  },
  "token-sar-bl": {
    "score": 0.3725445689633488,
    "bin_accuracy": [
      0.5277777777777778,
      0.4857142857142857,
      0.6904761904761905,
      0.6170212765957447,
      0.631578947368421,
      0.5714285714285714,
      0.42857142857142855,
      0.5454545454545454,
      0.38461538461538464,
      0.6181353767560664
    ],
    "bin_confidence": [
      0.05818575330906444,
      0.13753107850040708,
      0.2515845110728627,
      0.3399100360718179,
      0.4537653640696877,
      0.5588923011507306,
      0.6607997587748936,
      0.7542415261268616,
      0.8554542110516474,
      0.9993432863005276
    ],
    "bin_count": [
      36,
      35,
      42,
      47,
      19,
      7,
      7,
      11,
      13,
      783
    ],
    "bin_edges": [
      0.0,
      0.1,
      0.2,
      0.30000000000000004,
      0.4,
      0.5,
      0.6000000000000001,
      0.7000000000000001,
      0.8,
      0.9,
      1.0
    ],
    "n_samples": 1000
  },
  "probas-mean": {
    "score": 0.2847057085215394,
    "bin_accuracy": [
      1.0,
      0.0,
      NaN,
      0.0,
      0.36363636363636365,
      0.2727272727272727,
      0.49122807017543857,
      0.45652173913043476,
      0.6206896551724138,
      0.65625
    ],
    "bin_confidence": [
      0.05890639126300812,
      0.12335854768753052,
      NaN,
      0.3159609651193023,
      0.4333530364431617,
      0.5648631371556796,
      0.6491182148402451,
      0.7549322322261763,
      0.8561321497405283,
      0.9680289247424105
    ],
    "bin_count": [
      3,
      2,
      0,
      2,
      11,
      22,
      57,
      92,
      203,
      608
    ],
    "bin_edges": [
      0.0,
      0.1,
      0.2,
      0.30000000000000004,
      0.4,
      0.5,
      0.6000000000000001,
      0.7000000000000001,
      0.8,
      0.9,
      1.0
    ],
    "n_samples": 1000
  },
  "probas-min": {
    "score": 0.2044832047061675,
    "bin_accuracy": [
      0.4583333333333333,
      0.22727272727272727,
      0.5517241379310345,
      0.5625,
      0.5333333333333333,
      0.5555555555555556,
      0.5444444444444444,
      0.6571428571428571,
      0.5827814569536424,
      0.6792452830188679
    ],
    "bin_confidence": [
      0.043094165518642126,
      0.14015156383462324,
      0.25412792751262725,
      0.3497051975636039,
      0.4571266880738579,
      0.5504170529972597,
      0.6556289381919288,
      0.7519554630533303,
      0.851641801337683,
      0.9711433331896433
    ],
    "bin_count": [
      24,
      22,
      29,
      32,
      60,
      81,
      90,
      140,
      151,
      371
    ],
    "bin_edges": [
      0.0,
      0.1,
      0.2,
      0.30000000000000004,
      0.4,
      0.5,
      0.6000000000000001,
      0.7000000000000001,
      0.8,
      0.9,
      1.0
    ],
    "n_samples": 1000
  },
  "token-sar": {
    "score": 0.27660178820855047,
    "bin_accuracy": [
      1.0,
      0.0,
      0.0,
      0.5454545454545454,
      0.35714285714285715,
      0.3333333333333333,
      0.3673469387755102,
      0.5111111111111111,
      0.5662650602409639,
      0.6661045531197302
    ],
    "bin_confidence": [
      0.06369959695177248,
      0.12533571273769506,
      0.21441861736528542,
      0.3578171534285588,
      0.44772098051022036,
      0.5554870335589076,
      0.6529943598072455,
      0.7541915906369948,
      0.8562338463437771,
      0.971151503704413
    ],
    "bin_count": [
      3,
      2,
      3,
      11,
      14,
      21,
      49,
      90,
      166,
      593
    ],
    "bin_edges": [
      0.0,
      0.1,
      0.2,
      0.30000000000000004,
      0.4,
      0.5,
      0.6000000000000001,
      0.7000000000000001,
      0.8,
      0.9,
      1.0
    ],
    "n_samples": 1000
  },
  "p-true-bl": {
    "score": 0.17490860259532928,
    "bin_accuracy": [
      NaN,
      NaN,
      NaN,
      NaN,
      NaN,
      0.6666666666666666,
      0.6666666666666666,
      0.6149425287356322,
      0.595,
      0.3333333333333333
    ],
    "bin_confidence": [
      NaN,
      NaN,
      NaN,
      NaN,
      NaN,
      0.5716808835665385,
      0.6702560222510136,
      0.7584040287125613,
      0.830746408700943,
      0.9112534787919786
    ],
    "bin_count": [
      0,
      0,
      0,
      0,
      0,
      3,
      66,
      522,
      400,
      9
    ],
    "bin_edges": [
      0.0,
      0.1,
      0.2,
      0.30000000000000004,
      0.4,
      0.5,
      0.6000000000000001,
      0.7000000000000001,
      0.8,
      0.9,
      1.0
    ],
    "n_samples": 1000
  },
  "p-true-allsteps": {
    "score": 0.11903138193488123,
    "bin_accuracy": [
      NaN,
      NaN,
      NaN,
      NaN,
      0.8,
      0.5,
      0.5874125874125874,
      0.613682092555332,
      0.6666666666666666,
      0.3333333333333333
    ],
    "bin_confidence": [
      NaN,
      NaN,
      NaN,
      NaN,
      0.4553402602672577,
      0.5703384695308549,
      0.6550496183075272,
      0.7496399464501702,
      0.8280781604885276,
      0.9193087220191956
    ],
    "bin_count": [
      0,
      0,
      0,
      0,
      5,
      56,
      286,
      497,
      153,
      3
    ],
    "bin_edges": [
      0.0,
      0.1,
      0.2,
      0.30000000000000004,
      0.4,
      0.5,
      0.6000000000000001,
      0.7000000000000001,
      0.8,
      0.9,
      1.0
    ],
    "n_samples": 1000
  },
  "p-true-keystep": {
    "score": 0.18375128614902492,
    "bin_accuracy": [
      NaN,
      NaN,
      NaN,
      NaN,
      NaN,
      0.625,
      0.547945205479452,
      0.5938864628820961,
      0.6342592592592593,
      0.5862068965517241
    ],
    "bin_confidence": [
      NaN,
      NaN,
      NaN,
      NaN,
      NaN,
      0.5686247050762177,
      0.6656621057693273,
      0.7616656585291484,
      0.8383775565911222,
      0.9201715177503126
    ],
    "bin_count": [
      0,
      0,
      0,
      0,
      0,
      8,
      73,
      458,
      432,
      29
    ],