{
  "probas-mean-bl": {
    "score": 0.2857675084592811,
    "bin_accuracy": [
      0.0,
      0.13333333333333333,
      0.3,
      0.09090909090909091,
      0.3888888888888889,
      0.4482758620689655,
      0.5538461538461539,
      0.5061728395061729,
      0.5432098765432098,
      0.643879173290938
    ],
    "bin_confidence": [
      0.05495724658526126,
      0.14709373094762365,
      0.2597453065216541,
      0.35153856314013177,
      0.4606664425072571,
      0.5534754623579305,
      0.6490383576341006,
      0.7500487383471807,
      0.8472746888601854,
      0.9941277287138413
    ],
    "bin_count": [
      21,
      15,
      10,
      22,
      18,
      58,
      65,
      81,
      81,
      629
    ],
    "bin_edges": [
      0.0,
      0.1,
      0.2,
      0.30000000000000004,
      0.4,
      0.5,
      0.6000000000000001,
      0.7000000000000001,
      0.8,
      0.9,
      1.0
    ],
    "n_samples": 1000
  },
  "probas-min-bl": {
    "score": 0.30415156283415856,
    "bin_accuracy": [
      0.2808988764044944,
      0.5211267605633803,
      0.5714285714285714,
      0.38461538461538464,
      0.5161290322580645,
      0.43333333333333335,
      0.5483870967741935,
      0.48484848484848486,
      0.3,
      0.652317880794702
    ],
    "bin_confidence": [
      0.04816429197704524,
      0.13997868385533213,
      0.25229540041514803,
      0.34447995133889026,
      0.45996803141409354,
      0.5552547037601471,
      0.6451686197711576,
      0.7488037961902041,
      0.8568468650182088,
      0.9960149101271535
    ],
    "bin_count": [
      89,
      71,
      42,
      39,
      31,
      30,
      31,
      33,
      30,
      604
    ],
    "bin_edges": [
      0.0,
      0.1,
      0.2,
      0.30000000000000004,
      0.4,
      0.5,
      0.6000000000000001,
      0.7000000000000001,
      0.8,
      0.9,
      1.0
    ],
    "n_samples": 1000
  },
  "token-sar-bl": {
    "score": 0.3282811501594261,
    "bin_accuracy": [
      0.2692307692307692,
      0.4186046511627907,
      0.5135135135135135,
      0.41379310344827586,
      0.5,
      0.46153846153846156,
      0.4827586206896552,
      0.4166666666666667,
      0.34615384615384615,
      0.6274509803921569
    ],
    "bin_confidence": [
      0.04786243610298978,
      0.14206868340802747,
      0.24980413873453397,
      0.34621573111106607,
      0.45676244646310804,
      0.5546159354540018,
      0.6555530531653042,
      0.752020371456941,
      0.8572839750693395,
      0.9965382119854626
    ],
    "bin_count": [
      52,
      43,
      37,
      29,
      20,
      26,
      29,
      24,
      26,
      714
    ],
    "bin_edges": [
      0.0,
      0.1,
      0.2,
      0.30000000000000004,
      0.4,
      0.5,
      0.6000000000000001,
      0.7000000000000001,
      0.8,
      0.9,
      1.0
    ],
    "n_samples": 1000
  },
  "probas-mean": {
    "score": 0.26110619812197655,
    "bin_accuracy": [
      0.0,
      0.3333333333333333,
      0.3333333333333333,
      0.25,
      0.2903225806451613,
      0.4583333333333333,
      0.4166666666666667,
      0.519774011299435,
      0.5906976744186047,
      0.6538461538461539
    ],
    "bin_confidence": [
      0.03460421351095041,
      0.14411050537114148,
      0.26617777561423955,
      0.3605890190721297,
      0.4530360646736449,
      0.5525648756457694,
      0.6552016096192407,
      0.7563388501181706,
      0.8476734483857259,
      0.9657696724486743
    ],
    "bin_count": [
      3,
      3,
      3,
      8,
      31,
      48,
      96,
      177,
      215,
      416
    ],
    "bin_edges": [
      0.0,
      0.1,
      0.2,
      0.30000000000000004,
      0.4,
      0.5,
      0.6000000000000001,
      0.7000000000000001,
      0.8,
      0.9,
      1.0
    ],
    "n_samples": 1000
  },
  "probas-min": {
    "score": 0.19230339674588554,
    "bin_accuracy": [
      0.4,
      0.47619047619047616,
      0.4146341463414634,
      0.5,
      0.4838709677419355,
      0.42990654205607476,
      0.6018518518518519,
      0.6666666666666666,
      0.5877192982456141,
      0.6549295774647887
    ],
    "bin_confidence": [
      0.05836559034090899,
      0.15179996661807624,
      0.25195164248431356,
      0.3509693429229155,
      0.4505980995978699,
      0.550108650471382,
      0.6477430410545966,
      0.7478603841430773,
      0.8458509345799792,
      0.9746814960038355
    ],
    "bin_count": [
      35,
      42,
      41,
      68,
      93,
      107,
      108,
      108,
      114,
      284
    ],
    "bin_edges": [
      0.0,
      0.1,
      0.2,
      0.30000000000000004,
      0.4,
      0.5,
      0.6000000000000001,
      0.7000000000000001,
      0.8,
      0.9,
      1.0
    ],
    "n_samples": 1000
  },
  "token-sar": {
    "score": 0.2706007986389951,
    "bin_accuracy": [
      0.0,
      0.5,
      0.4,
      0.42857142857142855,
      0.2222222222222222,
      0.39473684210526316,
      0.41304347826086957,
      0.436241610738255,
      0.6086956521739131,
      0.6627906976744186
    ],
    "bin_confidence": [
      0.03460421351095041,
      0.1369180246447173,
      0.2624988629735132,
      0.3653558724379599,
      0.4504577023049317,
      0.5512471088057891,
      0.6524978870123322,
      0.7532562794647847,
      0.8497331783554094,
      0.9666482889815241
    ],
    "bin_count": [
      3,
      4,
      5,
      14,
      27,
      38,
      92,
      149,
      230,
      430
    ],
    "bin_edges": [
      0.0,
      0.1,
      0.2,
      0.30000000000000004,
      0.4,
      0.5,
      0.6000000000000001,
      0.7000000000000001,
      0.8,
      0.9,
      1.0
    ],
    "n_samples": 1000
  },
  "probas-mean-alltokens": {
    "score": 0.2180117035972163,
    "bin_accuracy": [
      NaN,
      NaN,
      NaN,
      NaN,
      NaN,
      0.5217391304347826,
      0.5294117647058824,
      0.5561097256857855,
      0.5665859564164649,
      0.7727272727272727
    ],
    "bin_confidence": [
      NaN,
      NaN,
      NaN,
      NaN,
      NaN,
      0.5611204999344901,
      0.6681452081052829,
      0.756710927483968,
      0.8420363014002652,
      0.918058589427584
    ],
    "bin_count": [
      0,
      0,
      0,
      0,
      0,
      23,
      119,
      401,
      413,
      44
    ],
    "bin_edges": [
      0.0,
      0.1,
      0.2,
      0.30000000000000004,
      0.4,
      0.5,
      0.6000000000000001,
      0.7000000000000001,
      0.8,
      0.9,
      1.0
    ],
    "n_samples": 1000
  },
  "probas-min-alltokens": {
    "score": 0.5332851479500532,
    "bin_accuracy": [
      0.5553168635875403,
      0.7068965517241379,
      0.6666666666666666,
      1.0,
      NaN,
      NaN,
      NaN,
      NaN,
      NaN,
      NaN
    ],
    "bin_confidence": [
      0.023599783944968377,
      0.1380093104109682,
      0.2272429946396086,
      0.34686312079429626,
      NaN,
      NaN,
      NaN,
      NaN,
      NaN,
      NaN
    ],
    "bin_count": [
      931,
      58,
      9,
      2,
      0,
      0,
      0,
      0,
      0,
      0
    ],
    "bin_edges": [
      0.0,
      0.1,
      0.2,
      0.30000000000000004,
      0.4,
      0.5,
      0.6000000000000001,
      0.7000000000000001,
      0.8,
      0.9,
      1.0
    ],
    "n_samples": 1000
  },
  "token-sar-alltokens": {
    "score": 0.33056284324312585,
    "bin_accuracy": [
      0.5168539325842697,
      0.6142857142857143,
      0.495,
      0.375,
      0.5789473684210527,
      0.5641025641025641,
      0.75,
      0.5517241379310345,
      0.65,
      0.5871313672922251
    ],
    "bin_confidence": [
      0.05825905482483546,
      0.1578641977161169,
      0.2408894445747137,
      0.3440635986626148,
      0.4511589494190718,
      0.5519582843169187,
      0.6445835850068501,
      0.7429995639570828,
      0.8579741850495338,
      0.9950056323736667
    ],