{
  "probas-mean-bl": {
    "score": 0.22842686511041113,
    "bin_accuracy": [
      0.037037037037037035,
      0.25,
      0.16666666666666666,
      0.23076923076923078,
      0.2857142857142857,
      0.4803921568627451,
      0.6338028169014085,
      0.5359116022099447,
      0.5245901639344263,
      0.735873850197109
    ],
    "bin_confidence": [
      0.0511146565830266,
      0.14436684068641625,
      0.2538089431408379,
      0.35046542178775764,
      0.45320242618616086,
      0.5580386836986794,
      0.6510832248653039,
      0.7486209536608138,
      0.8516063424833693,
      0.9937716287160151
    ],
    "bin_count": [
      27,
      16,
      24,
      13,
      35,
      102,
      142,
      181,
      183,
      1522
    ],
    "bin_edges": [
      0.0,
      0.1,
      0.2,
      0.30000000000000004,
      0.4,
      0.5,
      0.6000000000000001,
      0.7000000000000001,
      0.8,
      0.9,
      1.0
    ],
    "n_samples": 2245
  },
  "probas-min-bl": {
    "score": 0.25527879228164135,
    "bin_accuracy": [
      0.3668639053254438,
      0.44285714285714284,
      0.5445544554455446,
      0.684931506849315,
      0.625,
      0.45,
      0.5471698113207547,
      0.5584415584415584,
      0.5625,
      0.7443661971830986
    ],
    "bin_confidence": [
      0.054744253656964684,
      0.14485844426921435,
      0.2483527030390088,
      0.3450421637868228,
      0.4475018291601113,
      0.5534780085086822,
      0.653141940539738,
      0.7521690641130719,
      0.8585200856129328,
      0.9970454250842753
    ],
    "bin_count": [
      169,
      140,
      101,
      73,
      56,
      60,
      53,
      77,
      96,
      1420
    ],
    "bin_edges": [
      0.0,
      0.1,
      0.2,
      0.30000000000000004,
      0.4,
      0.5,
      0.6000000000000001,
      0.7000000000000001,
      0.8,
      0.9,
      1.0
    ],
    "n_samples": 2245
  },
  "token-sar-bl": {
    "score": 0.2810093260198036,
    "bin_accuracy": [
      0.2727272727272727,
      0.5205479452054794,
      0.4931506849315068,
      0.6727272727272727,
      0.5576923076923077,
      0.4444444444444444,
      0.46153846153846156,
      0.5925925925925926,
      0.4722222222222222,
      0.7062937062937062
    ],
    "bin_confidence": [
      0.055951628128461765,
      0.1537265900063188,
      0.24968347484118317,
      0.34991239526055073,
      0.44478689707242525,
      0.5589631491237217,
      0.6538245188884246,
      0.7472869875254454,
      0.8565604032741653,
      0.9974961743488179
    ],
    "bin_count": [
      66,
      73,
      73,
      55,
      52,
      45,
      39,
      54,
      72,
      1716
    ],
    "bin_edges": [
      0.0,
      0.1,
      0.2,
      0.30000000000000004,
      0.4,
      0.5,
      0.6000000000000001,
      0.7000000000000001,
      0.8,
      0.9,
      1.0
    ],
    "n_samples": 2245
  },
  "probas-mean": {
    "score": 0.16918507052601264,
    "bin_accuracy": [
      0.0,
      0.42857142857142855,
      0.4444444444444444,
      0.38235294117647056,
      0.5185185185185185,
      0.452991452991453,
      0.583969465648855,
      0.5843828715365239,
      0.6319018404907976,
      0.7795637198622273
    ],
    "bin_confidence": [
      0.03831088502298702,
      0.1575953167343101,
      0.27033685773407395,
      0.357265972279159,
      0.4575814686385737,
      0.5568563199792969,
      0.6554827441756629,
      0.7536691060886773,
      0.8521352647696951,
      0.9704157545411222
    ],
    "bin_count": [
      5,
      7,
      9,
      34,
      54,
      117,
      262,
      397,
      489,
      871
    ],
    "bin_edges": [
      0.0,
      0.1,
      0.2,
      0.30000000000000004,
      0.4,
      0.5,
      0.6000000000000001,
      0.7000000000000001,
      0.8,
      0.9,
      1.0
    ],
    "n_samples": 2245
  },
  "probas-min": {
    "score": 0.15583398808241367,
    "bin_accuracy": [
      0.42696629213483145,
      0.5,
      0.49206349206349204,
      0.5142857142857142,
      0.6377551020408163,
      0.5815899581589958,
      0.690677966101695,
      0.6858407079646017,
      0.6623931623931624,
      0.8032786885245902
    ],
    "bin_confidence": [
      0.05775234771711005,
      0.15075268445529133,
      0.25548588551045476,
      0.3538279168622289,
      0.4526482526092117,
      0.5549305787186091,
      0.648738949210923,
      0.7508661800585809,
      0.8525717905835577,
      0.9795679957280183
    ],
    "bin_count": [
      89,
      114,
      126,
      175,
      196,
      239,
      236,
      226,
      234,
      610
    ],
    "bin_edges": [
      0.0,
      0.1,
      0.2,
      0.30000000000000004,
      0.4,
      0.5,
      0.6000000000000001,
      0.7000000000000001,
      0.8,
      0.9,
      1.0
    ],
    "n_samples": 2245
  },
  "token-sar": {
    "score": 0.17172264131116138,
    "bin_accuracy": [
      0.0,
      0.375,
      0.35714285714285715,
      0.41935483870967744,
      0.42105263157894735,
      0.48,
      0.5682819383259912,
      0.5683060109289617,
      0.6136865342163356,
      0.7837552742616034
    ],
    "bin_confidence": [
      0.03514505615980089,
      0.15767127020975788,
      0.26045162229061003,
      0.3583366647128106,
      0.45809403043400737,
      0.5616672080781566,
      0.6557647806887614,
      0.7499298069138298,
      0.8515436037078029,
      0.9686642402904605
    ],
    "bin_count": [
      5,
      8,
      14,
      31,
      76,
      100,
      227,
      366,
      453,
      948
    ],
    "bin_edges": [
      0.0,
      0.1,
      0.2,
      0.30000000000000004,
      0.4,
      0.5,
      0.6000000000000001,
      0.7000000000000001,
      0.8,
      0.9,
      1.0
    ],
    "n_samples": 2245
  },
  "probas-mean-alltokens": {
    "score": 0.12174806843156175,
    "bin_accuracy": [
      NaN,
      NaN,
      NaN,
      NaN,
      0.5,
      0.5441176470588235,
      0.5664335664335665,
      0.6220391349124614,
      0.7012820512820512,
      0.8970588235294118
    ],
    "bin_confidence": [
      NaN,
      NaN,
      NaN,
      NaN,
      0.481599323512935,
      0.5644820308011533,
      0.6625934340396458,
      0.7573764513247305,
      0.8415379334340359,
      0.9231778557222752
    ],
    "bin_count": [
      0,
      0,
      0,
      0,
      4,
      68,
      286,
      971,
      780,
      136
    ],
    "bin_edges": [
      0.0,
      0.1,
      0.2,
      0.30000000000000004,
      0.4,
      0.5,
      0.6000000000000001,
      0.7000000000000001,
      0.8,
      0.9,
      1.0
    ],
    "n_samples": 2245
  },
  "probas-min-alltokens": {
    "score": 0.6237007886586183,
    "bin_accuracy": [
      0.6407300672430355,
      0.8181818181818182,
      0.96875,
      1.0,
      1.0,
      1.0,
      NaN,
      NaN,
      NaN,
      NaN
    ],
    "bin_confidence": [
      0.02184090127955539,
      0.13578917929702553,
      0.23068942315876484,
      0.3384179969628652,
      0.4450113574663798,
      0.5390331745147705,
      NaN,
      NaN,
      NaN,
      NaN
    ],
    "bin_count": [
      2082,
      121,
      32,
      3,
      3,
      4,
      0,
      0,
      0,
      0
    ],
    "bin_edges": [
      0.0,
      0.1,
      0.2,
      0.30000000000000004,
      0.4,
      0.5,
      0.6000000000000001,
      0.7000000000000001,
      0.8,
      0.9,
      1.0
    ],
    "n_samples": 2245
  },
  "token-sar-alltokens": {
    "score": 0.3470302115001597,
    "bin_accuracy": [
      0.6157635467980296,
      0.6837060702875399,
      0.6207792207792208,
      0.6029411764705882,
      0.6086956521739131,
      0.6947368421052632,
      0.6612903225806451,
      0.7384615384615385,
      0.6571428571428571,
      0.6688524590163935
    ],