{
  "probas-mean-bl": {
    "score": 0.6568988229671471,
    "bin_accuracy": [
      0.0,
      0.2222222222222222,
      0.0,
      0.2222222222222222,
      0.1590909090909091,
      0.23076923076923078,
      0.1848341232227488,
      0.24882629107981222,
      0.2047670639219935,
      0.26112054329371814
    ],
    "bin_confidence": [
      0.05296489583062274,
      0.1606060005576601,
      0.25475426606006096,
      0.35212990989312337,
      0.45800140520766264,
      0.5520956718838285,
      0.6558874356581171,
      0.7570104704383911,
      0.8555538862543625,
      0.9806142051483487
    ],
    "bin_count": [
      7,
      9,
      15,
      27,
      44,
      91,
      211,
      426,
      923,
      2945
    ],
    "bin_edges": [
      0.0,
      0.1,
      0.2,
      0.30000000000000004,
      0.4,
      0.5,
      0.6000000000000001,
      0.7000000000000001,
      0.8,
      0.9,
      1.0
    ],
    "n_samples": 4698
  },
  "probas-min-bl": {
    "score": 0.44406092468549635,
    "bin_accuracy": [
      0.20081135902636918,
      0.20485175202156333,
      0.20674157303370785,
      0.20279720279720279,
      0.20833333333333334,
      0.21794871794871795,
      0.20512820512820512,
      0.20952380952380953,
      0.1927710843373494,
      0.28967495219885275
    ],
    "bin_confidence": [
      0.05496077361832133,
      0.14867057876204545,
      0.251405270548349,
      0.3449596634486338,
      0.44895674077173076,
      0.5546502853051211,
      0.653868841437193,
      0.7517628363200597,
      0.8574704762443481,
      0.9939091373697977
    ],
    "bin_count": [
      493,
      371,
      445,
      286,
      240,
      156,
      156,
      210,
      249,
      2092
    ],
    "bin_edges": [
      0.0,
      0.1,
      0.2,
      0.30000000000000004,
      0.4,
      0.5,
      0.6000000000000001,
      0.7000000000000001,
      0.8,
      0.9,
      1.0
    ],
    "n_samples": 4698
  },
  "token-sar-bl": {
    "score": 0.5823130267446249,
    "bin_accuracy": [
      0.19463087248322147,
      0.1885245901639344,
      0.1989389920424403,
      0.24013157894736842,
      0.3247422680412371,
      0.175,
      0.1111111111111111,
      0.12903225806451613,
      0.23684210526315788,
      0.24934306569343065
    ],
    "bin_confidence": [
      0.055887861833626394,
      0.15995263973953294,
      0.25349223234293,
      0.3456986446521784,
      0.441945463726201,
      0.5382835999131202,
      0.6484849585427178,
      0.7518431005939361,
      0.8568312117927953,
      0.9994396899738451
    ],
    "bin_count": [
      149,
      122,
      377,
      304,
      194,
      40,
      18,
      31,
      38,
      3425
    ],
    "bin_edges": [
      0.0,
      0.1,
      0.2,
      0.30000000000000004,
      0.4,
      0.5,
      0.6000000000000001,
      0.7000000000000001,
      0.8,
      0.9,
      1.0
    ],
    "n_samples": 4698
  },
  "probas-mean": {
    "score": 0.4705242249934047,
    "bin_accuracy": [
      0.18461538461538463,
      0.1862348178137652,
      0.17699115044247787,
      0.1589958158995816,
      0.16501650165016502,
      0.18225419664268586,
      0.19138755980861244,
      0.2206896551724138,
      0.2662037037037037,
      0.3146696528555431
    ],
    "bin_confidence": [
      0.05781078458448085,
      0.15026736893750006,
      0.2496251497449862,
      0.34846226395865737,
      0.45435674349689126,
      0.5514853696243271,
      0.6514165403179797,
      0.7495759789168865,
      0.8506084006577374,
      0.9858646142403468
    ],
    "bin_count": [
      195,
      247,
      226,
      239,
      303,
      417,
      418,
      435,
      432,
      1786
    ],
    "bin_edges": [
      0.0,
      0.1,
      0.2,
      0.30000000000000004,
      0.4,
      0.5,
      0.6000000000000001,
      0.7000000000000001,
      0.8,
      0.9,
      1.0
    ],
    "n_samples": 4698
  },
  "probas-min": {
    "score": 0.3674491191957099,
    "bin_accuracy": [
      0.145578231292517,
      0.2151394422310757,
      0.16,
      0.21660649819494585,
      0.19242902208201892,
      0.2557471264367816,
      0.2235294117647059,
      0.30859375,
      0.2923728813559322,
      0.3106212424849699
    ],
    "bin_confidence": [
      0.04887396770609701,
      0.143200420990548,
      0.24923247628129844,
      0.35083743816427193,
      0.4514659891144698,
      0.549045162900395,
      0.649339343048052,
      0.7480823101558819,
      0.852113766020186,
      0.9919787243401963
    ],
    "bin_count": [
      735,
      502,
      275,
      277,
      317,
      348,
      255,
      256,
      236,
      1497
    ],
    "bin_edges": [
      0.0,
      0.1,
      0.2,
      0.30000000000000004,
      0.4,
      0.5,
      0.6000000000000001,
      0.7000000000000001,
      0.8,
      0.9,
      1.0
    ],
    "n_samples": 4698
  },
  "token-sar": {
    "score": 0.41848995196165456,
    "bin_accuracy": [
      0.1782178217821782,
      0.17712177121771217,
      0.16911764705882354,
      0.13618677042801555,
      0.17491749174917492,
      0.19736842105263158,
      0.2185929648241206,
      0.2230971128608924,
      0.24876847290640394,
      0.31637312459230266
    ],
    "bin_confidence": [
      0.058488944147346386,
      0.14910258381008826,
      0.2482340172330493,
      0.3494909610120906,
      0.45400453127454343,
      0.5495281193217155,
      0.6505463807996819,
      0.7514278479600134,
      0.8515649217972264,
      0.9827903753290953
    ],
    "bin_count": [
      202,
      271,
      272,
      257,
      303,
      380,
      398,
      381,
      406,
      1533
    ],
    "bin_edges": [
      0.0,
      0.1,
      0.2,
      0.30000000000000004,
      0.4,
      0.5,
      0.6000000000000001,
      0.7000000000000001,
      0.8,
      0.9,
      1.0
    ],
    "n_samples": 4698
  },
  "p-true-bl": {
    "score": 0.5229239649927936,
    "bin_accuracy": [
      NaN,
      NaN,
      NaN,
      1.0,
      0.42857142857142855,
      0.3392857142857143,
      0.18339100346020762,
      0.22744082840236687,
      0.2931937172774869,
      0.2
    ],
    "bin_confidence": [
      NaN,
      NaN,
      NaN,
      0.38861799240112305,
      0.47440455641065327,
      0.565633990934917,
      0.6687438024987812,
      0.7578990300951978,
      0.8298924135109695,
      0.9086678703625997
    ],
    "bin_count": [
      0,
      0,
      0,
      1,
      7,
      56,
      578,
      2704,
      1337,
      15
    ],
    "bin_edges": [
      0.0,
      0.1,
      0.2,
      0.30000000000000004,
      0.4,
      0.5,
      0.6000000000000001,
      0.7000000000000001,
      0.8,
      0.9,
      1.0
    ],
    "n_samples": 4698
  },
  "p-true-allsteps": {
    "score": 0.5836943335777245,
    "bin_accuracy": [
      NaN,
      NaN,
      1.0,
      0.0,
      0.5,
      0.22950819672131148,
      0.22631578947368422,
      0.19856459330143542,
      0.24644262791401755,
      0.3220338983050847
    ],
    "bin_confidence": [
      NaN,
      NaN,
      0.287810280919075,
      0.33111974596977234,
      0.4727447062730789,
      0.5581656000653251,
      0.6586560139530584,
      0.7659919954230341,
      0.848613617422362,
      0.9140172754303884
    ],
    "bin_count": [
      0,
      0,
      2,
      1,
      10,
      61,
      190,
      836,
      3303,
      295
    ],
    "bin_edges": [
      0.0,
      0.1,
      0.2,
      0.30000000000000004,
      0.4,
      0.5,
      0.6000000000000001,
      0.7000000000000001,
      0.8,
      0.9,
      1.0
    ],
    "n_samples": 4698
  },
  "p-true-keystep": {
    "score": 0.5627755586037284,
    "bin_accuracy": [
      NaN,
      NaN,
      NaN,
      NaN,
      NaN,
      0.21428571428571427,
      0.23121387283236994,
      0.20483961733258302,
      0.26558978211870776,
      0.3472222222222222
    ],