{
  "probas-mean-bl": {
    "score": 0.7426098926156752,
    "bin_accuracy": [
      0.0,
      0.0,
      0.0,
      0.0,
      0.0,
      0.15384615384615385,
      0.031746031746031744,
      0.030612244897959183,
      0.01818181818181818,
      0.05142857142857143
    ],
    "bin_confidence": [
      0.07488982786114017,
      0.13593246931365383,
      0.27028614649186944,
      0.36821527750769056,
      0.4568874288108749,
      0.5482655278760543,
      0.6534472344606623,
      0.7548250914313431,
      0.8541707423033894,
      0.9562032434388553
    ],
    "bin_count": [
      5,
      4,
      6,
      15,
      23,
      39,
      63,
      98,
      165,
      175
    ],
    "bin_edges": [
      0.0,
      0.1,
      0.2,
      0.30000000000000004,
      0.4,
      0.5,
      0.6000000000000001,
      0.7000000000000001,
      0.8,
      0.9,
      1.0
    ],
    "n_samples": 593
  },
  "probas-min-bl": {
    "score": 0.2651976768828891,
    "bin_accuracy": [
      0.04329004329004329,
      0.03409090909090909,
      0.029411764705882353,
      0.030303030303030304,
      0.0,
      0.047619047619047616,
      0.0625,
      0.0,
      0.06451612903225806,
      0.057692307692307696
    ],
    "bin_confidence": [
      0.04367509205700644,
      0.1438023935664784,
      0.24395944572546902,
      0.3436532264406031,
      0.4491303525865078,
      0.5602093906629653,
      0.6549841277301311,
      0.7622105621156239,
      0.8531595968431042,
      0.971503516802421
    ],
    "bin_count": [
      231,
      88,
      68,
      33,
      32,
      21,
      16,
      21,
      31,
      52
    ],
    "bin_edges": [
      0.0,
      0.1,
      0.2,
      0.30000000000000004,
      0.4,
      0.5,
      0.6000000000000001,
      0.7000000000000001,
      0.8,
      0.9,
      1.0
    ],
    "n_samples": 593
  },
  "token-sar-bl": {
    "score": 0.6274602686888955,
    "bin_accuracy": [
      0.04,
      0.0,
      0.045454545454545456,
      0.05555555555555555,
      0.025,
      0.0,
      0.125,
      0.0,
      0.0,
      0.04430379746835443
    ],
    "bin_confidence": [
      0.05842325411736965,
      0.15644965292710178,
      0.23977265100587497,
      0.3544132187962532,
      0.44960677102208135,
      0.5292113721370697,
      0.654956616461277,
      0.7570156653722128,
      0.8431386947631836,
      0.9971973024591615
    ],
    "bin_count": [
      50,
      53,
      66,
      36,
      40,
      8,
      8,
      9,
      7,
      316
    ],
    "bin_edges": [
      0.0,
      0.1,
      0.2,
      0.30000000000000004,
      0.4,
      0.5,
      0.6000000000000001,
      0.7000000000000001,
      0.8,
      0.9,
      1.0
    ],
    "n_samples": 593
  },
  "probas-mean": {
    "score": 0.6079228908636654,
    "bin_accuracy": [
      0.02857142857142857,
      0.03571428571428571,
      0.034482758620689655,
      0.037037037037037035,
      0.05405405405405406,
      0.028169014084507043,
      0.08695652173913043,
      0.05,
      0.013157894736842105,
      0.028368794326241134
    ],
    "bin_confidence": [
      0.04999289755516315,
      0.14415961088855328,
      0.2501475092940788,
      0.33815894362366655,
      0.45024893963161766,
      0.5496126638609327,
      0.6549286252115994,
      0.7498075541055311,
      0.852335789568963,
      0.9623657811325954
    ],
    "bin_count": [
      35,
      28,
      29,
      27,
      37,
      71,
      69,
      80,
      76,
      141
    ],
    "bin_edges": [
      0.0,
      0.1,
      0.2,
      0.30000000000000004,
      0.4,
      0.5,
      0.6000000000000001,
      0.7000000000000001,
      0.8,
      0.9,
      1.0
    ],
    "n_samples": 593
  },
  "probas-min": {
    "score": 0.3368003614979727,
    "bin_accuracy": [
      0.03614457831325301,
      0.05555555555555555,
      0.05084745762711865,
      0.022222222222222223,
      0.02564102564102564,
      0.02857142857142857,
      0.11538461538461539,
      0.024390243902439025,
      0.0,
      0.028169014084507043
    ],
    "bin_confidence": [
      0.042875582387511206,
      0.14197486074135954,
      0.2476182601244753,
      0.3467439539898049,
      0.4499837779257152,
      0.5566721597948872,
      0.6474086889839205,
      0.7503598560755336,
      0.8528638659360811,
      0.9869600115366606
    ],
    "bin_count": [
      166,
      90,
      59,
      45,
      39,
      35,
      26,
      41,
      21,
      71
    ],
    "bin_edges": [
      0.0,
      0.1,
      0.2,
      0.30000000000000004,
      0.4,
      0.5,
      0.6000000000000001,
      0.7000000000000001,
      0.8,
      0.9,
      1.0
    ],
    "n_samples": 593
  },
  "token-sar": {
    "score": 0.5964325054170878,
    "bin_accuracy": [
      0.029411764705882353,
      0.03333333333333333,
      0.023255813953488372,
      0.030303030303030304,
      0.0,
      0.078125,
      0.08928571428571429,
      0.028169014084507043,
      0.038461538461538464,
      0.027210884353741496
    ],
    "bin_confidence": [
      0.049355664960422554,
      0.14438245295567723,
      0.2568303193622031,
      0.3464182745140145,
      0.45416538613224455,
      0.5544490361337577,
      0.6456872205953659,
      0.7454789480843935,
      0.8570786280923622,
      0.9614518273733178
    ],
    "bin_count": [
      34,
      30,
      43,
      33,
      34,
      64,
      56,
      71,
      78,
      147
    ],
    "bin_edges": [
      0.0,
      0.1,
      0.2,
      0.30000000000000004,
      0.4,
      0.5,
      0.6000000000000001,
      0.7000000000000001,
      0.8,
      0.9,
      1.0
    ],
    "n_samples": 593
  },
  "probas-mean-alltokens": {
    "score": 0.6887763706785947,
    "bin_accuracy": [
      NaN,
      NaN,
      NaN,
      NaN,
      0.0,
      0.05128205128205128,
      0.03636363636363636,
      0.027131782945736434,
      0.056451612903225805,
      0.5
    ],
    "bin_confidence": [
      NaN,
      NaN,
      NaN,
      NaN,
      0.47590260587371375,
      0.563333095646062,
      0.6614933987249334,
      0.7481917988063539,
      0.8311449458184909,
      0.9265079448477564
    ],
    "bin_count": [
      0,
      0,
      0,
      0,
      5,
      39,
      165,
      258,
      124,
      2
    ],
    "bin_edges": [
      0.0,
      0.1,
      0.2,
      0.30000000000000004,
      0.4,
      0.5,
      0.6000000000000001,
      0.7000000000000001,
      0.8,
      0.9,
      1.0
    ],
    "n_samples": 593
  },
  "probas-min-alltokens": {
    "score": 0.024211713503166702,
    "bin_accuracy": [
      0.03885135135135135,
      0.0,
      NaN,
      NaN,
      NaN,
      NaN,
      NaN,
      NaN,
      NaN,
      NaN
    ],
    "bin_confidence": [
      0.014786519435064465,
      0.1111656129360199,
      NaN,
      NaN,
      NaN,
      NaN,
      NaN,
      NaN,
      NaN,
      NaN
    ],
    "bin_count": [
      592,
      1,
      0,
      0,
      0,
      0,
      0,
      0,
      0,
      0
    ],
    "bin_edges": [
      0.0,
      0.1,
      0.2,
      0.30000000000000004,
      0.4,
      0.5,
      0.6000000000000001,
      0.7000000000000001,
      0.8,
      0.9,
      1.0
    ],
    "n_samples": 593
  },
  "token-sar-alltokens": {
    "score": 0.46249207683633164,
    "bin_accuracy": [
      0.017543859649122806,
      0.04938271604938271,
      0.043010752688172046,
      0.05714285714285714,
      0.014925373134328358,
      0.1111111111111111,
      0.0,
      0.0,
      0.0,
      0.04294478527607362
    ],
    "bin_confidence": [
      0.057010018274906954,
      0.15256019635700885,
      0.2435751195235919,
      0.3522212479795728,
      0.4461920332552782,
      0.5438832143942515,
      0.6606964766979218,
      0.7455274921197158,
      0.8535229943015359,
      0.9960955655647933
    ],
    "bin_count": [
      57,
      81,
      93,
      70,
      67,
      18,
      20,
      13,
      11,
      163
    ],