{
  "probas-mean-bl": {
    "score": 0.9296610539172641,
    "bin_accuracy": [
      0.0,
      NaN,
      NaN,
      0.0,
      NaN,
      NaN,
      0.0,
      0.0,
      0.019230769230769232,
      0.058265582655826556
    ],
    "bin_confidence": [
      0.06499230830619733,
      NaN,
      NaN,
      0.39985722846662003,
      NaN,
      NaN,
      0.6506595641374588,
      0.7535914445630535,
      0.8662310116691204,
      0.99359308173554
    ],
    "bin_count": [
      1,
      0,
      0,
      1,
      0,
      0,
      2,
      12,
      52,
      1476
    ],
    "bin_edges": [
      0.0,
      0.1,
      0.2,
      0.30000000000000004,
      0.4,
      0.5,
      0.6000000000000001,
      0.7000000000000001,
      0.8,
      0.9,
      1.0
    ],
    "n_samples": 1544
  },
  "probas-min-bl": {
    "score": 0.8713182012569834,
    "bin_accuracy": [
      0.10810810810810811,
      0.0,
      0.0,
      0.07692307692307693,
      0.07142857142857142,
      0.13333333333333333,
      0.08695652173913043,
      0.0,
      0.0,
      0.058823529411764705
    ],
    "bin_confidence": [
      0.043335218586631724,
      0.13505709916353226,
      0.24754922464489937,
      0.3389649849671584,
      0.45747871484075275,
      0.5553732872009277,
      0.6595947664716969,
      0.756948428995469,
      0.8587134711204036,
      0.9968928759384009
    ],
    "bin_count": [
      37,
      13,
      24,
      13,
      14,
      15,
      23,
      34,
      62,
      1309
    ],
    "bin_edges": [
      0.0,
      0.1,
      0.2,
      0.30000000000000004,
      0.4,
      0.5,
      0.6000000000000001,
      0.7000000000000001,
      0.8,
      0.9,
      1.0
    ],
    "n_samples": 1544
  },
  "token-sar-bl": {
    "score": 0.9209633243747943,
    "bin_accuracy": [
      0.12,
      NaN,
      0.0,
      0.125,
      NaN,
      NaN,
      0.0,
      0.0,
      0.0,
      0.055592766242464835
    ],
    "bin_confidence": [
      0.03998034298419952,
      NaN,
      0.25610854815353046,
      0.32509464398026466,
      NaN,
      NaN,
      0.6513549089431763,
      0.7363831102848053,
      0.8562022745609283,
      1.0
    ],
    "bin_count": [
      25,
      0,
      11,
      8,
      0,
      0,
      1,
      2,
      4,
      1493
    ],
    "bin_edges": [
      0.0,
      0.1,
      0.2,
      0.30000000000000004,
      0.4,
      0.5,
      0.6000000000000001,
      0.7000000000000001,
      0.8,
      0.9,
      1.0
    ],
    "n_samples": 1544
  },
  "probas-mean": {
    "score": 0.6792421598566354,
    "bin_accuracy": [
      NaN,
      NaN,
      0.0,
      0.0,
      0.0,
      0.011976047904191617,
      0.036065573770491806,
      0.029045643153526972,
      0.07874015748031496,
      0.21739130434782608
    ],
    "bin_confidence": [
      NaN,
      NaN,
      0.2675153736152945,
      0.3599699818823755,
      0.45857315260384096,
      0.5564975672081635,
      0.6546399295594958,
      0.7516535603680716,
      0.8427881216479782,
      0.9365051495246801
    ],
    "bin_count": [
      0,
      0,
      4,
      13,
      54,
      167,
      305,
      482,
      381,
      138
    ],
    "bin_edges": [
      0.0,
      0.1,
      0.2,
      0.30000000000000004,
      0.4,
      0.5,
      0.6000000000000001,
      0.7000000000000001,
      0.8,
      0.9,
      1.0
    ],
    "n_samples": 1544
  },
  "probas-min": {
    "score": 0.4683790751977479,
    "bin_accuracy": [
      0.0,
      0.0,
      0.022727272727272728,
      0.018604651162790697,
      0.04076086956521739,
      0.039603960396039604,
      0.08264462809917356,
      0.09375,
      0.22807017543859648,
      0.22727272727272727
    ],
    "bin_confidence": [
      0.052915992616847166,
      0.15559194485358185,
      0.2582122783786016,
      0.35669987381425916,
      0.4528144409355573,
      0.5466457105779735,
      0.646027971575843,
      0.7423442014851057,
      0.8400090004601518,
      0.9608059304490659
    ],
    "bin_count": [
      2,
      18,
      88,
      215,
      368,
      404,
      242,
      128,
      57,
      22
    ],
    "bin_edges": [
      0.0,
      0.1,
      0.2,
      0.30000000000000004,
      0.4,
      0.5,
      0.6000000000000001,
      0.7000000000000001,
      0.8,
      0.9,
      1.0
    ],
    "n_samples": 1544
  },
  "token-sar": {
    "score": 0.6625016587433029,
    "bin_accuracy": [
      NaN,
      0.0,
      0.0,
      0.0,
      0.0,
      0.02185792349726776,
      0.03133903133903134,
      0.029914529914529916,
      0.08923076923076922,
      0.2457627118644068
    ],
    "bin_confidence": [
      NaN,
      0.19977804388261944,
      0.2697646318594943,
      0.3613393234240326,
      0.45841369095500883,
      0.5527437531746571,
      0.6525874868659779,
      0.7528083838463705,
      0.845377453908494,
      0.9362435434118564
    ],
    "bin_count": [
      0,
      1,
      7,
      17,
      74,
      183,
      351,
      468,
      325,
      118
    ],
    "bin_edges": [
      0.0,
      0.1,
      0.2,
      0.30000000000000004,
      0.4,
      0.5,
      0.6000000000000001,
      0.7000000000000001,
      0.8,
      0.9,
      1.0
    ],
    "n_samples": 1544
  },
  "p-true-bl": {
    "score": 0.7078297619992587,
    "bin_accuracy": [
      NaN,
      NaN,
      NaN,
      NaN,
      NaN,
      NaN,
      0.045454545454545456,
      0.05157593123209169,
      0.1111111111111111,
      NaN
    ],
    "bin_confidence": [
      NaN,
      NaN,
      NaN,
      NaN,
      NaN,
      NaN,
      0.6819915581833232,
      0.7612227822272347,
      0.8112566210920849,
      NaN
    ],
    "bin_count": [
      0,
      0,
      0,
      0,
      0,
      0,
      22,
      1396,
      126,
      0
    ],
    "bin_edges": [
      0.0,
      0.1,
      0.2,
      0.30000000000000004,
      0.4,
      0.5,
      0.6000000000000001,
      0.7000000000000001,
      0.8,
      0.9,
      1.0
    ],
    "n_samples": 1544
  },
  "p-true-allsteps": {
    "score": 0.7963132645568082,
    "bin_accuracy": [
      NaN,
      NaN,
      NaN,
      NaN,
      NaN,
      NaN,
      0.0,
      0.029411764705882353,
      0.05733788395904437,
      0.046511627906976744
    ],
    "bin_confidence": [
      NaN,
      NaN,
      NaN,
      NaN,
      NaN,
      NaN,
      0.6668738722801208,
      0.7864990059067222,
      0.8527712960698905,
      0.9098376229751942
    ],
    "bin_count": [
      0,
      0,
      0,
      0,
      0,
      0,
      2,
      34,
      1465,
      43
    ],
    "bin_edges": [
      0.0,
      0.1,
      0.2,
      0.30000000000000004,
      0.4,
      0.5,
      0.6000000000000001,
      0.7000000000000001,
      0.8,
      0.9,
      1.0
    ],
    "n_samples": 1544
  },
  "p-true-keystep": {
    "score": 0.7437148908336546,
    "bin_accuracy": [
      NaN,
      NaN,
      NaN,
      NaN,
      NaN,
      NaN,
      0.0,
      0.027359781121751026,
      0.08292079207920793,
      0.0
    ],
    "bin_confidence": [
      NaN,
      NaN,
      NaN,
      NaN,
      NaN,
      NaN,
      0.694280132651329,
      0.7737957454412645,
      0.8242145582000808,
      0.9086179733276367
    ],
    "bin_count": [
      0,
      0,
      0,
      0,
      0,
      0,
      4,
      731,
      808,
      1
    ],
    "bin_edges": [
      0.0,
      0.1,
      0.2,
      0.30000000000000004,
      0.4,
      0.5,
      0.6000000000000001,
      0.7000000000000001,
      0.8,
      0.9,
      1.0
    ],
    "n_samples": 1544
  },
  "p-true-allkeywords": {
    "score": 0.7627603373456495,
    "bin_accuracy": [
      NaN,
      NaN,
      NaN,
      NaN,
      NaN,
      NaN,
      NaN,
      0.05154639175257732,
      0.05746209098164405,
      NaN
    ],
    "bin_confidence": [
      NaN,
      NaN,
      NaN,
      NaN,
      NaN,
      NaN,
      NaN,
      0.7839468516844654,
      0.8272732857314473,
      NaN
    ],