{
  "probas-mean-bl": {
    "score": 0.9099124205168023,
    "bin_accuracy": [
      NaN,
      NaN,
      0.0,
      0.0,
      0.0,
      0.0,
      0.0,
      0.0,
      0.0,
      0.06637168141592921
    ],
    "bin_confidence": [
      NaN,
      NaN,
      0.24708249606192112,
      0.34293660009279847,
      0.45814064185002024,
      0.5548629636142516,
      0.6566297590351579,
      0.7601803116450038,
      0.8607647131082506,
      0.9928533107365263
    ],
    "bin_count": [
      0,
      0,
      1,
      1,
      2,
      4,
      4,
      10,
      29,
      452
    ],
    "bin_edges": [
      0.0,
      0.1,
      0.2,
      0.30000000000000004,
      0.4,
      0.5,
      0.6000000000000001,
      0.7000000000000001,
      0.8,
      0.9,
      1.0
    ],
    "n_samples": 503
  },
  "probas-min-bl": {
    "score": 0.8124307720675679,
    "bin_accuracy": [
      0.0,
      0.07692307692307693,
      0.0,
      0.0,
      0.3333333333333333,
      0.0,
      0.0,
      0.0,
      0.03571428571428571,
      0.06852791878172589
    ],
    "bin_confidence": [
      0.04231733283786862,
      0.13813733137570894,
      0.2535114482045174,
      0.3534866923635656,
      0.4242607355117798,
      0.5650065938631693,
      0.6389658004045486,
      0.7603589713573455,
      0.8604603367192405,
      0.9951033315380212
    ],
    "bin_count": [
      27,
      13,
      10,
      11,
      3,
      3,
      4,
      10,
      28,
      394
    ],
    "bin_edges": [
      0.0,
      0.1,
      0.2,
      0.30000000000000004,
      0.4,
      0.5,
      0.6000000000000001,
      0.7000000000000001,
      0.8,
      0.9,
      1.0
    ],
    "n_samples": 503
  },
  "token-sar-bl": {
    "score": 0.8808424320686645,
    "bin_accuracy": [
      0.0,
      0.0,
      0.0,
      0.0,
      0.0,
      0.0,
      NaN,
      NaN,
      0.0,
      0.06493506493506493
    ],
    "bin_confidence": [
      0.041500347666442394,
      0.13205289468169212,
      0.2490198090672493,
      0.345871498187383,
      0.43074074387550354,
      0.596839427947998,
      NaN,
      NaN,
      0.8512596487998962,
      0.9997921927924797
    ],
    "bin_count": [
      8,
      4,
      12,
      12,
      2,
      1,
      0,
      0,
      2,
      462
    ],
    "bin_edges": [
      0.0,
      0.1,
      0.2,
      0.30000000000000004,
      0.4,
      0.5,
      0.6000000000000001,
      0.7000000000000001,
      0.8,
      0.9,
      1.0
    ],
    "n_samples": 503
  },
  "probas-mean": {
    "score": 0.5121612037183019,
    "bin_accuracy": [
      0.023255813953488372,
      0.05714285714285714,
      0.07894736842105263,
      0.030303030303030304,
      0.03125,
      0.04918032786885246,
      0.04081632653061224,
      0.05555555555555555,
      0.09090909090909091,
      0.0990990990990991
    ],
    "bin_confidence": [
      0.0661128502462832,
      0.1376390826500338,
      0.24953903233371305,
      0.3497400667530118,
      0.45904233070939315,
      0.5475114914601985,
      0.6521362140332585,
      0.7531283044821772,
      0.8469932537299052,
      0.9832250326025748
    ],
    "bin_count": [
      43,
      35,
      38,
      33,
      64,
      61,
      49,
      36,
      33,
      111
    ],
    "bin_edges": [
      0.0,
      0.1,
      0.2,
      0.30000000000000004,
      0.4,
      0.5,
      0.6000000000000001,
      0.7000000000000001,
      0.8,
      0.9,
      1.0
    ],
    "n_samples": 503
  },
  "probas-min": {
    "score": 0.3427406137876718,
    "bin_accuracy": [
      0.039735099337748346,
      0.046875,
      0.03333333333333333,
      0.05555555555555555,
      0.061224489795918366,
      0.07894736842105263,
      0.0,
      0.125,
      0.13333333333333333,
      0.0989010989010989
    ],
    "bin_confidence": [
      0.05045851054132452,
      0.1363075231432791,
      0.2523651088348923,
      0.3500962759716234,
      0.45851618030665664,
      0.5518347873244305,
      0.6474149891789877,
      0.7612376403994858,
      0.8453034791934082,
      0.9898792321434456
    ],
    "bin_count": [
      151,
      64,
      30,
      36,
      49,
      38,
      21,
      8,
      15,
      91
    ],
    "bin_edges": [
      0.0,
      0.1,
      0.2,
      0.30000000000000004,
      0.4,
      0.5,
      0.6000000000000001,
      0.7000000000000001,
      0.8,
      0.9,
      1.0
    ],
    "n_samples": 503
  },
  "token-sar": {
    "score": 0.486598287413343,
    "bin_accuracy": [
      0.022727272727272728,
      0.05714285714285714,
      0.06666666666666667,
      0.02702702702702703,
      0.06060606060606061,
      0.029850746268656716,
      0.020833333333333332,
      0.06666666666666667,
      0.045454545454545456,
      0.11650485436893204
    ],
    "bin_confidence": [
      0.06525471131594797,
      0.13740041284703436,
      0.25021790177152203,
      0.360331315901171,
      0.45547144177534543,
      0.5551340637797941,
      0.6528046623299474,
      0.7597728107344588,
      0.8529338952932466,
      0.983875740898642
    ],
    "bin_count": [
      44,
      35,
      45,
      37,
      66,
      67,
      48,
      30,
      22,
      103
    ],
    "bin_edges": [
      0.0,
      0.1,
      0.2,
      0.30000000000000004,
      0.4,
      0.5,
      0.6000000000000001,
      0.7000000000000001,
      0.8,
      0.9,
      1.0
    ],
    "n_samples": 503
  },
  "p-true-bl": {
    "score": 0.702235693486026,
    "bin_accuracy": [
      NaN,
      NaN,
      NaN,
      NaN,
      NaN,
      NaN,
      0.0,
      0.05668934240362812,
      0.1,
      NaN
    ],
    "bin_confidence": [
      NaN,
      NaN,
      NaN,
      NaN,
      NaN,
      NaN,
      0.6839778323968252,
      0.7580901780366357,
      0.8139810264110565,
      NaN
    ],
    "bin_count": [
      0,
      0,
      0,
      0,
      0,
      0,
      12,
      441,
      50,
      0
    ],
    "bin_edges": [
      0.0,
      0.1,
      0.2,
      0.30000000000000004,
      0.4,
      0.5,
      0.6000000000000001,
      0.7000000000000001,
      0.8,
      0.9,
      1.0
    ],
    "n_samples": 503
  },
  "p-true-allsteps": {
    "score": 0.786842967477992,
    "bin_accuracy": [
      NaN,
      NaN,
      NaN,
      NaN,
      NaN,
      0.0,
      0.0,
      0.03125,
      0.06222222222222222,
      0.05263157894736842
    ],
    "bin_confidence": [
      NaN,
      NaN,
      NaN,
      NaN,
      NaN,
      0.5926666259765625,
      0.6334102749824524,
      0.7661139722913504,
      0.8506283039516873,
      0.9082922025730735
    ],
    "bin_count": [
      0,
      0,
      0,
      0,
      0,
      1,
      1,
      32,
      450,
      19
    ],
    "bin_edges": [
      0.0,
      0.1,
      0.2,
      0.30000000000000004,
      0.4,
      0.5,
      0.6000000000000001,
      0.7000000000000001,
      0.8,
      0.9,
      1.0
    ],
    "n_samples": 503
  },
  "p-true-keystep": {
    "score": 0.7181919400782045,
    "bin_accuracy": [
      NaN,
      NaN,
      NaN,
      NaN,
      NaN,
      NaN,
      0.08333333333333333,
      0.05202312138728324,
      0.07586206896551724,
      NaN
    ],
    "bin_confidence": [
      NaN,
      NaN,
      NaN,
      NaN,
      NaN,
      NaN,
      0.6780087649822235,
      0.7637474399081544,
      0.8197091480781292,
      NaN
    ],
    "bin_count": [
      0,
      0,
      0,
      0,
      0,
      0,
      12,
      346,
      145,
      0
    ],
    "bin_edges": [
      0.0,
      0.1,
      0.2,
      0.30000000000000004,
      0.4,
      0.5,
      0.6000000000000001,
      0.7000000000000001,
      0.8,
      0.9,
      1.0
    ],
    "n_samples": 503
  },
  "p-true-allkeywords": {
    "score": 0.7192804607197968,
    "bin_accuracy": [
      NaN,
      NaN,
      NaN,
      NaN,
      NaN,
      NaN,
      0.07142857142857142,
      0.05982905982905983,
      0.057971014492753624,
      NaN
    ],