{
  "probas-mean-bl": {
    "score": 0.6267614253909487,
    "bin_accuracy": [
      0.07692307692307693,
      0.13559322033898305,
      0.0759493670886076,
      0.08270676691729323,
      0.06986899563318777,
      0.13004484304932734,
      0.12136752136752137,
      0.16192560175054704,
      0.18847736625514402,
      0.2635949638360568
    ],
    "bin_confidence": [
      0.06631959830132178,
      0.15461367080441007,
      0.24947717272354858,
      0.3594056991435389,
      0.4531289314579631,
      0.5512385078805545,
      0.6542303852926782,
      0.7524333950672875,
      0.851676461247617,
      0.9796921558822391
    ],
    "bin_count": [
      39,
      59,
      79,
      133,
      229,
      446,
      585,
      914,
      1215,
      3733
    ],
    "bin_edges": [
      0.0,
      0.1,
      0.2,
      0.30000000000000004,
      0.4,
      0.5,
      0.6000000000000001,
      0.7000000000000001,
      0.8,
      0.9,
      1.0
    ],
    "n_samples": 7432
  },
  "probas-min-bl": {
    "score": 0.40161972786039235,
    "bin_accuracy": [
      0.12927756653992395,
      0.1525974025974026,
      0.14485981308411214,
      0.17434210526315788,
      0.18571428571428572,
      0.19076923076923077,
      0.16838487972508592,
      0.1953125,
      0.21951219512195122,
      0.28603603603603606
    ],
    "bin_confidence": [
      0.04472233434957281,
      0.14392573443277704,
      0.24505494360890345,
      0.34784291635610554,
      0.45285244141306197,
      0.550888831615448,
      0.6529311345205274,
      0.7521620270175239,
      0.8545972634621752,
      0.9889669272231985
    ],
    "bin_count": [
      1578,
      616,
      428,
      304,
      350,
      325,
      291,
      384,
      492,
      2664
    ],
    "bin_edges": [
      0.0,
      0.1,
      0.2,
      0.30000000000000004,
      0.4,
      0.5,
      0.6000000000000001,
      0.7000000000000001,
      0.8,
      0.9,
      1.0
    ],
    "n_samples": 7432
  },
  "token-sar-bl": {
    "score": 0.6373256569611965,
    "bin_accuracy": [
      0.15561959654178675,
      0.16129032258064516,
      0.12171052631578948,
      0.1411764705882353,
      0.15517241379310345,
      0.20606060606060606,
      0.19540229885057472,
      0.15625,
      0.11475409836065574,
      0.22413793103448276
    ],
    "bin_confidence": [
      0.054619884907512226,
      0.15092021253101986,
      0.24601104605550828,
      0.3489660555825514,
      0.45419278895032816,
      0.545705103151726,
      0.6468065552327825,
      0.7530561381330093,
      0.8581307305664313,
      0.9986059644163169
    ],
    "bin_count": [
      347,
      341,
      304,
      170,
      232,
      165,
      87,
      96,
      122,
      5568
    ],
    "bin_edges": [
      0.0,
      0.1,
      0.2,
      0.30000000000000004,
      0.4,
      0.5,
      0.6000000000000001,
      0.7000000000000001,
      0.8,
      0.9,
      1.0
    ],
    "n_samples": 7432
  },
  "probas-mean": {
    "score": 0.435089910763236,
    "bin_accuracy": [
      0.20864661654135339,
      0.12691466083150985,
      0.13752913752913754,
      0.17296222664015903,
      0.18425196850393702,
      0.19426336375488917,
      0.18546365914786966,
      0.2167352537722908,
      0.2183734939759036,
      0.26173096976016685
    ],
    "bin_confidence": [
      0.05303962685405956,
      0.15004459888714755,
      0.252030170470877,
      0.3516853526663032,
      0.4508747659105999,
      0.547906856599887,
      0.6501233738216177,
      0.7492841429576763,
      0.8495388776421499,
      0.982557767684368
    ],
    "bin_count": [
      532,
      457,
      429,
      503,
      635,
      767,
      798,
      729,
      664,
      1918
    ],
    "bin_edges": [
      0.0,
      0.1,
      0.2,
      0.30000000000000004,
      0.4,
      0.5,
      0.6000000000000001,
      0.7000000000000001,
      0.8,
      0.9,
      1.0
    ],
    "n_samples": 7432
  },
  "probas-min": {
    "score": 0.31519260403395977,
    "bin_accuracy": [
      0.16446124763705103,
      0.16464088397790055,
      0.1945337620578778,
      0.2316831683168317,
      0.174573055028463,
      0.2089041095890411,
      0.20618556701030927,
      0.26301369863013696,
      0.2379421221864952,
      0.2608695652173913
    ],
    "bin_confidence": [
      0.04931995158315856,
      0.14393028271057215,
      0.2499181472057327,
      0.3491849607122132,
      0.44848162488533766,
      0.5481215284720452,
      0.6484929084307903,
      0.748691730023487,
      0.8524411304175477,
      0.9889020680886993
    ],
    "bin_count": [
      1587,
      905,
      622,
      505,
      527,
      584,
      485,
      365,
      311,
      1541
    ],
    "bin_edges": [
      0.0,
      0.1,
      0.2,
      0.30000000000000004,
      0.4,
      0.5,
      0.6000000000000001,
      0.7000000000000001,
      0.8,
      0.9,
      1.0
    ],
    "n_samples": 7432
  },
  "token-sar": {
    "score": 0.40689762458735457,
    "bin_accuracy": [
      0.2014519056261343,
      0.1232876712328767,
      0.15766738660907129,
      0.18846153846153846,
      0.19376026272577998,
      0.16983695652173914,
      0.18432510885341075,
      0.22288261515601784,
      0.21792890262751158,
      0.25982042648709314
    ],
    "bin_confidence": [
      0.05381238934545205,
      0.15041296367987256,
      0.25093132688175807,
      0.35208155457727486,
      0.4499868411811395,
      0.5485446865749802,
      0.6487717839174694,
      0.7511654758438235,
      0.8501943129475811,
      0.9787903562615583
    ],
    "bin_count": [
      551,
      511,
      463,
      520,
      609,
      736,
      689,
      673,
      647,
      1782
    ],
    "bin_edges": [
      0.0,
      0.1,
      0.2,
      0.30000000000000004,
      0.4,
      0.5,
      0.6000000000000001,
      0.7000000000000001,
      0.8,
      0.9,
      1.0
    ],
    "n_samples": 7432
  },
  "probas-mean-alltokens": {
    "score": 0.5284671930571022,
    "bin_accuracy": [
      NaN,
      NaN,
      NaN,
      0.0,
      0.08620689655172414,
      0.14578587699316628,
      0.15886375591793792,
      0.18778077268643306,
      0.305685618729097,
      0.398989898989899
    ],
    "bin_confidence": [
      NaN,
      NaN,
      NaN,
      0.39680827237064326,
      0.47804195593272825,
      0.5657501936741668,
      0.6572910266170066,
      0.7494007306956962,
      0.8356728735453774,
      0.9272402345777109
    ],
    "bin_count": [
      0,
      0,
      0,
      2,
      58,
      439,
      1901,
      3339,
      1495,
      198
    ],
    "bin_edges": [
      0.0,
      0.1,
      0.2,
      0.30000000000000004,
      0.4,
      0.5,
      0.6000000000000001,
      0.7000000000000001,
      0.8,
      0.9,
      1.0
    ],
    "n_samples": 7432
  },
  "probas-min-alltokens": {
    "score": 0.18793156586095705,
    "bin_accuracy": [
      0.20355920602327174,
      0.35514018691588783,
      0.5,
      0.3333333333333333,
      0.5,
      0.0,
      NaN,
      NaN,
      NaN,
      NaN
    ],
    "bin_confidence": [
      0.01610069601139351,
      0.1444922102806724,
      0.2171682651553835,
      0.3111628790696462,
      0.4205726534128189,
      0.5986379981040955,
      NaN,
      NaN,
      NaN,
      NaN
    ],
    "bin_count": [
      7305,
      107,
      14,
      3,
      2,
      1,
      0,
      0,
      0,
      0
    ],
    "bin_edges": [
      0.0,
      0.1,
      0.2,
      0.30000000000000004,
      0.4,
      0.5,
      0.6000000000000001,
      0.7000000000000001,
      0.8,
      0.9,
      1.0
    ],
    "n_samples": 7432
  },
  "token-sar-alltokens": {
    "score": 0.38807343631368524,