{
  "probas-mean-bl": {
    "score": 0.9266392817021274,
    "bin_accuracy": [
      NaN,
      NaN,
      NaN,
      0.0,
      0.0,
      0.0,
      0.0,
      0.2222222222222222,
      0.08695652173913043,
      0.055441478439425054
    ],
    "bin_confidence": [
      NaN,
      NaN,
      NaN,
      0.3743589110672474,
      0.4396907836198807,
      0.5795133486390114,
      0.6646420711961886,
      0.768118683348903,
      0.864700705714346,
      0.9935996120500167
    ],
    "bin_count": [
      0,
      0,
      0,
      1,
      1,
      3,
      4,
      9,
      69,
      1461
    ],
    "bin_edges": [
      0.0,
      0.1,
      0.2,
      0.30000000000000004,
      0.4,
      0.5,
      0.6000000000000001,
      0.7000000000000001,
      0.8,
      0.9,
      1.0
    ],
    "n_samples": 1548
  },
  "probas-min-bl": {
    "score": 0.8585608697325493,
    "bin_accuracy": [
      0.1,
      0.0,
      0.1,
      0.14285714285714285,
      0.10526315789473684,
      0.07692307692307693,
      0.1,
      0.02631578947368421,
      0.013888888888888888,
      0.05694227769110764
    ],
    "bin_confidence": [
      0.049179997947067025,
      0.14051758303590442,
      0.2571182020008564,
      0.34086675019491286,
      0.4496662773584065,
      0.5495427755209116,
      0.6453930139541626,
      0.7566609570854589,
      0.8539147939946916,
      0.9966118556102985
    ],
    "bin_count": [
      40,
      23,
      20,
      21,
      19,
      13,
      20,
      38,
      72,
      1282
    ],
    "bin_edges": [
      0.0,
      0.1,
      0.2,
      0.30000000000000004,
      0.4,
      0.5,
      0.6000000000000001,
      0.7000000000000001,
      0.8,
      0.9,
      1.0
    ],
    "n_samples": 1548
  },
  "token-sar-bl": {
    "score": 0.9166109640757705,
    "bin_accuracy": [
      0.045454545454545456,
      0.5,
      0.23076923076923078,
      0.08333333333333333,
      0.0,
      0.0,
      0.0,
      NaN,
      0.0,
      0.05551839464882943
    ],
    "bin_confidence": [
      0.04155138067223809,
      0.11283747851848602,
      0.2784907084244948,
      0.3310011972983678,
      0.423895001411438,
      0.5476903915405273,
      0.6541152000427246,
      NaN,
      0.8354835510253906,
      1.0
    ],
    "bin_count": [
      22,
      2,
      13,
      12,
      1,
      1,
      1,
      0,
      1,
      1495
    ],
    "bin_edges": [
      0.0,
      0.1,
      0.2,
      0.30000000000000004,
      0.4,
      0.5,
      0.6000000000000001,
      0.7000000000000001,
      0.8,
      0.9,
      1.0
    ],
    "n_samples": 1548
  },
  "probas-mean": {
    "score": 0.6741806198059218,
    "bin_accuracy": [
      NaN,
      NaN,
      0.0,
      0.0,
      0.0273972602739726,
      0.006535947712418301,
      0.018633540372670808,
      0.045951859956236324,
      0.09523809523809523,
      0.168
    ],
    "bin_confidence": [
      NaN,
      NaN,
      0.24410238963844758,
      0.3719107910308686,
      0.45909649929024465,
      0.5586577880967323,
      0.6541203548478172,
      0.7508940363492387,
      0.8439740677712532,
      0.9324548807618642
    ],
    "bin_count": [
      0,
      0,
      4,
      15,
      73,
      153,
      322,
      457,
      399,
      125
    ],
    "bin_edges": [
      0.0,
      0.1,
      0.2,
      0.30000000000000004,
      0.4,
      0.5,
      0.6000000000000001,
      0.7000000000000001,
      0.8,
      0.9,
      1.0
    ],
    "n_samples": 1548
  },
  "probas-min": {
    "score": 0.46133515094791855,
    "bin_accuracy": [
      0.0,
      0.0,
      0.010869565217391304,
      0.035555555555555556,
      0.03380281690140845,
      0.05115089514066496,
      0.08264462809917356,
      0.1357142857142857,
      0.12195121951219512,
      0.16
    ],
    "bin_confidence": [
      0.07029359028889749,
      0.1628846877596196,
      0.25573561310018894,
      0.35751154848166194,
      0.45372891973040386,
      0.5472682677296158,
      0.6457201014265317,
      0.7439977742415421,
      0.8387153094251854,
      0.9425255554820217
    ],
    "bin_count": [
      3,
      34,
      92,
      225,
      355,
      391,
      242,
      140,
      41,
      25
    ],
    "bin_edges": [
      0.0,
      0.1,
      0.2,
      0.30000000000000004,
      0.4,
      0.5,
      0.6000000000000001,
      0.7000000000000001,
      0.8,
      0.9,
      1.0
    ],
    "n_samples": 1548
  },
  "token-sar": {
    "score": 0.6567654424247629,
    "bin_accuracy": [
      NaN,
      NaN,
      0.0,
      0.0,
      0.025974025974025976,
      0.011111111111111112,
      0.02247191011235955,
      0.0518018018018018,
      0.09943181818181818,
      0.18627450980392157
    ],
    "bin_confidence": [
      NaN,
      NaN,
      0.26285001140926056,
      0.36474716082814945,
      0.45617917641333244,
      0.5540549207153092,
      0.6522732195701827,
      0.750665959776739,
      0.8450108970094686,
      0.9342143519596956
    ],
    "bin_count": [
      0,
      0,
      9,
      28,
      77,
      180,
      356,
      444,
      352,
      102
    ],
    "bin_edges": [
      0.0,
      0.1,
      0.2,
      0.30000000000000004,
      0.4,
      0.5,
      0.6000000000000001,
      0.7000000000000001,
      0.8,
      0.9,
      1.0
    ],
    "n_samples": 1548
  },
  "p-true-bl": {
    "score": 0.6123428489502702,
    "bin_accuracy": [
      NaN,
      NaN,
      NaN,
      NaN,
      NaN,
      0.05405405405405406,
      0.056199821587867974,
      0.06017191977077364,
      0.25,
      NaN
    ],
    "bin_confidence": [
      NaN,
      NaN,
      NaN,
      NaN,
      NaN,
      0.5805993660076244,
      0.6585897257772543,
      0.7232274233782531,
      0.8142309337854385,
      NaN
    ],
    "bin_count": [
      0,
      0,
      0,
      0,
      0,
      74,
      1121,
      349,
      4,
      0
    ],
    "bin_edges": [
      0.0,
      0.1,
      0.2,
      0.30000000000000004,
      0.4,
      0.5,
      0.6000000000000001,
      0.7000000000000001,
      0.8,
      0.9,
      1.0
    ],
    "n_samples": 1548
  },
  "p-true-allsteps": {
    "score": 0.8249232176816435,
    "bin_accuracy": [
      NaN,
      NaN,
      NaN,
      NaN,
      NaN,
      NaN,
      0.0,
      0.03125,
      0.06274900398406374,
      0.04892367906066536
    ],
    "bin_confidence": [
      NaN,
      NaN,
      NaN,
      NaN,
      NaN,
      NaN,
      0.6370307803153992,
      0.7754682805389166,
      0.8686277502442736,
      0.916686622247304
    ],
    "bin_count": [
      0,
      0,
      0,
      0,
      0,
      0,
      1,
      32,
      1004,
      511
    ],
    "bin_edges": [
      0.0,
      0.1,
      0.2,
      0.30000000000000004,
      0.4,
      0.5,
      0.6000000000000001,
      0.7000000000000001,
      0.8,
      0.9,
      1.0
    ],
    "n_samples": 1548
  },
  "p-true-keystep": {
    "score": 0.8078154196110808,
    "bin_accuracy": [
      NaN,
      NaN,
      NaN,
      NaN,
      NaN,
      NaN,
      0.0,
      0.0,
      0.05750560119492158,
      0.06666666666666667
    ],
    "bin_confidence": [
      NaN,
      NaN,
      NaN,
      NaN,
      NaN,
      NaN,
      0.6926419734954834,
      0.7766658578600202,
      0.8610810425586003,
      0.9115081532133951
    ],
    "bin_count": [
      0,
      0,
      0,
      0,
      0,
      0,
      1,
      28,
      1339,
      180
    ],
    "bin_edges": [
      0.0,
      0.1,
      0.2,
      0.30000000000000004,
      0.4,
      0.5,
      0.6000000000000001,
      0.7000000000000001,
      0.8,
      0.9,
      1.0
    ],
    "n_samples": 1548
  },
  "p-true-allkeywords": {
    "score": 0.81558190613446,
    "bin_accuracy": [
      NaN,
      NaN,
      NaN,
      NaN,
      NaN,
      NaN,
      0.0,
      0.17647058823529413,
      0.053738317757009345,
      0.06910569105691057
    ],