{
  "probas-mean-bl": {
    "score": 0.23591997265495596,
    "bin_accuracy": [
      0.3333333333333333,
      0.12,
      0.4166666666666667,
      0.25,
      0.4634146341463415,
      0.5700934579439252,
      0.5182481751824818,
      0.5904255319148937,
      0.532967032967033,
      0.7228439763001975
    ],
    "bin_confidence": [
      0.05269392083088557,
      0.14045128835365175,
      0.25221263620381557,
      0.35015209865135455,
      0.45221018195530877,
      0.5529605958118429,
      0.6530803100039957,
      0.7510736800940633,
      0.8500645367263451,
      0.9938705121215149
    ],
    "bin_count": [
      21,
      25,
      12,
      16,
      41,
      107,
      137,
      188,
      182,
      1519
    ],
    "bin_edges": [
      0.0,
      0.1,
      0.2,
      0.30000000000000004,
      0.4,
      0.5,
      0.6000000000000001,
      0.7000000000000001,
      0.8,
      0.9,
      1.0
    ],
    "n_samples": 2248
  },
  "probas-min-bl": {
    "score": 0.2674149916953908,
    "bin_accuracy": [
      0.4666666666666667,
      0.5460526315789473,
      0.5697674418604651,
      0.5189873417721519,
      0.5384615384615384,
      0.5263157894736842,
      0.5074626865671642,
      0.5540540540540541,
      0.5280898876404494,
      0.7319804058782365
    ],
    "bin_confidence": [
      0.057661761920899154,
      0.14557094793570668,
      0.24602453791817955,
      0.3469340065612069,
      0.4547049361925859,
      0.5553491011000516,
      0.6462919560830984,
      0.7484985001989313,
      0.8549570581886206,
      0.9962282297576199
    ],
    "bin_count": [
      150,
      152,
      86,
      79,
      65,
      57,
      67,
      74,
      89,
      1429
    ],
    "bin_edges": [
      0.0,
      0.1,
      0.2,
      0.30000000000000004,
      0.4,
      0.5,
      0.6000000000000001,
      0.7000000000000001,
      0.8,
      0.9,
      1.0
    ],
    "n_samples": 2248
  },
  "token-sar-bl": {
    "score": 0.28616284610607473,
    "bin_accuracy": [
      0.4861111111111111,
      0.5454545454545454,
      0.45161290322580644,
      0.4716981132075472,
      0.5925925925925926,
      0.6,
      0.4423076923076923,
      0.5333333333333333,
      0.43548387096774194,
      0.7049853372434017
    ],
    "bin_confidence": [
      0.05928087231910063,
      0.14466765768487344,
      0.2428606633217104,
      0.3505081495024123,
      0.4481336099130136,
      0.5535302519798279,
      0.6457582712173462,
      0.7496401190757751,
      0.8541781450471571,
      0.9975078536967728
    ],
    "bin_count": [
      72,
      88,
      62,
      53,
      54,
      40,
      52,
      60,
      62,
      1705
    ],
    "bin_edges": [
      0.0,
      0.1,
      0.2,
      0.30000000000000004,
      0.4,
      0.5,
      0.6000000000000001,
      0.7000000000000001,
      0.8,
      0.9,
      1.0
    ],
    "n_samples": 2248
  },
  "probas-mean": {
    "score": 0.162337736827274,
    "bin_accuracy": [
      0.2222222222222222,
      0.3333333333333333,
      0.375,
      0.26666666666666666,
      0.5294117647058824,
      0.5572519083969466,
      0.544,
      0.6,
      0.6784313725490196,
      0.758495145631068
    ],
    "bin_confidence": [
      0.05791385556545316,
      0.15231224669875332,
      0.25693635528503533,
      0.3509256700397683,
      0.4549463522213202,
      0.5573280092920697,
      0.6549561840162814,
      0.752932271068176,
      0.8512797798239349,
      0.9692974322451574
    ],
    "bin_count": [
      9,
      12,
      16,
      30,
      51,
      131,
      250,
      415,
      510,
      824
    ],
    "bin_edges": [
      0.0,
      0.1,
      0.2,
      0.30000000000000004,
      0.4,
      0.5,
      0.6000000000000001,
      0.7000000000000001,
      0.8,
      0.9,
      1.0
    ],
    "n_samples": 2248
  },
  "probas-min": {
    "score": 0.17105768776945343,
    "bin_accuracy": [
      0.3978494623655914,
      0.49624060150375937,
      0.536,
      0.5906432748538012,
      0.6373056994818653,
      0.6470588235294118,
      0.6275303643724697,
      0.6563706563706564,
      0.694560669456067,
      0.7901234567901234
    ],
    "bin_confidence": [
      0.057469796370946805,
      0.1503373760524362,
      0.24748017257193802,
      0.35450183858254214,
      0.45163463533512865,
      0.5512013462488219,
      0.6507342107899593,
      0.7462662324235587,
      0.8501099219251501,
      0.979228371587385
    ],
    "bin_count": [
      93,
      133,
      125,
      171,
      193,
      221,
      247,
      259,
      239,
      567
    ],
    "bin_edges": [
      0.0,
      0.1,
      0.2,
      0.30000000000000004,
      0.4,
      0.5,
      0.6000000000000001,
      0.7000000000000001,
      0.8,
      0.9,
      1.0
    ],
    "n_samples": 2248
  },
  "token-sar": {
    "score": 0.16726762837058815,
    "bin_accuracy": [
      0.2222222222222222,
      0.25,
      0.35714285714285715,
      0.2894736842105263,
      0.5454545454545454,
      0.5084745762711864,
      0.547085201793722,
      0.5714285714285714,
      0.6817248459958932,
      0.7623873873873874
    ],
    "bin_confidence": [
      0.05452248727391098,
      0.15540053116232075,
      0.25512147421973735,
      0.3527594994975401,
      0.4587149622333893,
      0.5609197839933973,
      0.653589394601124,
      0.7532735490297353,
      0.8508386951301307,
      0.9682211136634951
    ],
    "bin_count": [
      9,
      12,
      14,
      38,
      66,
      118,
      223,
      378,
      487,
      888
    ],
    "bin_edges": [
      0.0,
      0.1,
      0.2,
      0.30000000000000004,
      0.4,
      0.5,
      0.6000000000000001,
      0.7000000000000001,
      0.8,
      0.9,
      1.0
    ],
    "n_samples": 2248
  },
  "probas-mean-alltokens": {
    "score": 0.12237761877902678,
    "bin_accuracy": [
      NaN,
      NaN,
      NaN,
      NaN,
      0.7142857142857143,
      0.4782608695652174,
      0.5756578947368421,
      0.6243272335844995,
      0.7037974683544304,
      0.8523489932885906
    ],
    "bin_confidence": [
      NaN,
      NaN,
      NaN,
      NaN,
      0.46968182871176856,
      0.5561442231503085,
      0.6622644397111,
      0.7560062247855329,
      0.8414819719835541,
      0.9234213292209462
    ],
    "bin_count": [
      0,
      0,
      0,
      0,
      7,
      69,
      304,
      929,
      790,
      149
    ],
    "bin_edges": [
      0.0,
      0.1,
      0.2,
      0.30000000000000004,
      0.4,
      0.5,
      0.6000000000000001,
      0.7000000000000001,
      0.8,
      0.9,
      1.0
    ],
    "n_samples": 2248
  },
  "probas-min-alltokens": {
    "score": 0.6218915757274891,
    "bin_accuracy": [
      0.64330900243309,
      0.8,
      0.7428571428571429,
      1.0,
      NaN,
      1.0,
      1.0,
      NaN,
      NaN,
      NaN
    ],
    "bin_confidence": [
      0.022652354396408347,
      0.1358197788397471,
      0.22374178724629537,
      0.3417759637037913,
      NaN,
      0.531209409236908,
      0.6513549089431763,
      NaN,
      NaN,
      NaN
    ],
    "bin_count": [
      2055,
      150,
      35,
      6,
      0,
      1,
      1,
      0,
      0,
      0
    ],
    "bin_edges": [
      0.0,
      0.1,
      0.2,
      0.30000000000000004,
      0.4,
      0.5,
      0.6000000000000001,
      0.7000000000000001,
      0.8,
      0.9,
      1.0
    ],
    "n_samples": 2248
  },
  "token-sar-alltokens": {
    "score": 0.34422077512819305,
    "bin_accuracy": [
      0.551219512195122,
      0.68,
      0.6497584541062802,
      0.5921052631578947,
      0.5903614457831325,
      0.6666666666666666,
      0.7424242424242424,
      0.7096774193548387,
      0.6612903225806451,
      0.6764044943820224
    ],