{
  "probas-mean-bl": {
    "score": 0.4746400217544176,
    "bin_accuracy": [
      0.05,
      0.08333333333333333,
      0.14285714285714285,
      0.06666666666666667,
      0.20833333333333334,
      0.2909090909090909,
      0.3918918918918919,
      0.38461538461538464,
      0.3230769230769231,
      0.44886363636363635
    ],
    "bin_confidence": [
      0.05325833032062899,
      0.1659958886060243,
      0.2452343490117424,
      0.35537893569156054,
      0.4417267890842255,
      0.5545997154147567,
      0.6520455992440173,
      0.752868555112688,
      0.8533307773016668,
      0.9903860961623265
    ],
    "bin_count": [
      20,
      12,
      7,
      15,
      24,
      55,
      74,
      91,
      65,
      880
    ],
    "bin_edges": [
      0.0,
      0.1,
      0.2,
      0.30000000000000004,
      0.4,
      0.5,
      0.6000000000000001,
      0.7000000000000001,
      0.8,
      0.9,
      1.0
    ],
    "n_samples": 1243
  },
  "probas-min-bl": {
    "score": 0.4335657745975872,
    "bin_accuracy": [
      0.1721311475409836,
      0.34285714285714286,
      0.46153846153846156,
      0.525,
      0.3181818181818182,
      0.19230769230769232,
      0.17647058823529413,
      0.34210526315789475,
      0.34615384615384615,
      0.46270543615676357
    ],
    "bin_confidence": [
      0.049582638831228994,
      0.14577399023941584,
      0.25152064592410356,
      0.34713092222809794,
      0.4511798078363592,
      0.556876865717081,
      0.6526311565847958,
      0.7488805541866704,
      0.861044752292144,
      0.9921006643214509
    ],
    "bin_count": [
      122,
      70,
      39,
      40,
      22,
      26,
      17,
      38,
      78,
      791
    ],
    "bin_edges": [
      0.0,
      0.1,
      0.2,
      0.30000000000000004,
      0.4,
      0.5,
      0.6000000000000001,
      0.7000000000000001,
      0.8,
      0.9,
      1.0
    ],
    "n_samples": 1243
  },
  "token-sar-bl": {
    "score": 0.4833449367246473,
    "bin_accuracy": [
      0.18309859154929578,
      0.1875,
      0.4523809523809524,
      0.5272727272727272,
      0.30434782608695654,
      0.21052631578947367,
      0.06666666666666667,
      0.4,
      0.2,
      0.4372384937238494
    ],
    "bin_confidence": [
      0.055118678780403774,
      0.1563532615546137,
      0.252796739694618,
      0.3425657348199324,
      0.453730636316797,
      0.5556438596625077,
      0.6484780073165893,
      0.7472630620002747,
      0.8514788419008255,
      0.9989023534074488
    ],
    "bin_count": [
      71,
      32,
      42,
      55,
      23,
      19,
      15,
      10,
      20,
      956
    ],
    "bin_edges": [
      0.0,
      0.1,
      0.2,
      0.30000000000000004,
      0.4,
      0.5,
      0.6000000000000001,
      0.7000000000000001,
      0.8,
      0.9,
      1.0
    ],
    "n_samples": 1243
  },
  "probas-mean": {
    "score": 0.44532334458313,
    "bin_accuracy": [
      0.0,
      0.16666666666666666,
      0.14285714285714285,
      0.08333333333333333,
      0.35294117647058826,
      0.23529411764705882,
      0.19480519480519481,
      0.3191489361702128,
      0.36610169491525424,
      0.504
    ],
    "bin_confidence": [
      0.06329335759704312,
      0.18525611939710665,
      0.256529951340876,
      0.3462762453922765,
      0.4495935227061258,
      0.5500003084604047,
      0.6589101708662104,
      0.7542620393045592,
      0.8561135486142658,
      0.9664456742266382
    ],
    "bin_count": [
      5,
      6,
      14,
      12,
      17,
      51,
      77,
      141,
      295,
      625
    ],
    "bin_edges": [
      0.0,
      0.1,
      0.2,
      0.30000000000000004,
      0.4,
      0.5,
      0.6000000000000001,
      0.7000000000000001,
      0.8,
      0.9,
      1.0
    ],
    "n_samples": 1243
  },
  "probas-min": {
    "score": 0.3136806386624558,
    "bin_accuracy": [
      0.14545454545454545,
      0.16216216216216217,
      0.46808510638297873,
      0.2,
      0.27472527472527475,
      0.32075471698113206,
      0.33557046979865773,
      0.5066666666666667,
      0.40229885057471265,
      0.5401069518716578
    ],
    "bin_confidence": [
      0.05141026379793206,
      0.15799387696215766,
      0.2514210227963734,
      0.35109733034625584,
      0.4552511327453238,
      0.5555082109730128,
      0.6490577321451687,
      0.7526596917936588,
      0.8502375982397178,
      0.9745125632866823
    ],
    "bin_count": [
      55,
      37,
      47,
      60,
      91,
      106,
      149,
      150,
      174,
      374
    ],
    "bin_edges": [
      0.0,
      0.1,
      0.2,
      0.30000000000000004,
      0.4,
      0.5,
      0.6000000000000001,
      0.7000000000000001,
      0.8,
      0.9,
      1.0
    ],
    "n_samples": 1243
  },
  "token-sar": {
    "score": 0.4157630415209005,
    "bin_accuracy": [
      0.0,
      0.2222222222222222,
      0.25,
      0.0,
      0.3333333333333333,
      0.21818181818181817,
      0.1511627906976744,
      0.33076923076923076,
      0.3900414937759336,
      0.48717948717948717
    ],
    "bin_confidence": [
      0.05848102164598455,
      0.15718897053888473,
      0.24664070571646995,
      0.3395533638617865,
      0.45851326793493996,
      0.5503051854359995,
      0.6567726346771677,
      0.7533465873936888,
      0.8549000374302164,
      0.9675500043653608
    ],
    "bin_count": [
      13,
      9,
      20,
      10,
      18,
      55,
      86,
      130,
      241,
      585
    ],
    "bin_edges": [
      0.0,
      0.1,
      0.2,
      0.30000000000000004,
      0.4,
      0.5,
      0.6000000000000001,
      0.7000000000000001,
      0.8,
      0.9,
      1.0
    ],
    "n_samples": 1243
  },
  "p-true-bl": {
    "score": 0.3453163514910259,
    "bin_accuracy": [
      NaN,
      NaN,
      NaN,
      NaN,
      0.0,
      0.3157894736842105,
      0.3438735177865613,
      0.4336734693877551,
      0.4269340974212034,
      0.16666666666666666
    ],
    "bin_confidence": [
      NaN,
      NaN,
      NaN,
      NaN,
      0.47923921545346576,
      0.5685507027726424,
      0.6575195122613267,
      0.7541605533183027,
      0.8319999514131629,
      0.9182296295960745
    ],
    "bin_count": [
      0,
      0,
      0,
      0,
      3,
      38,
      253,
      588,
      349,
      12
    ],
    "bin_edges": [
      0.0,
      0.1,
      0.2,
      0.30000000000000004,
      0.4,
      0.5,
      0.6000000000000001,
      0.7000000000000001,
      0.8,
      0.9,
      1.0
    ],
    "n_samples": 1243
  },
  "p-true-allsteps": {
    "score": 0.29490205916491424,
    "bin_accuracy": [
      NaN,
      NaN,
      NaN,
      0.0,
      0.25,
      0.2826086956521739,
      0.39957716701902746,
      0.42710120068610635,
      0.45348837209302323,
      NaN
    ],
    "bin_confidence": [
      NaN,
      NaN,
      NaN,
      0.36840569972991943,
      0.4642866253852844,
      0.5654404623352963,
      0.6579519109544492,
      0.7433481299243292,
      0.8241491241510525,
      NaN
    ],
    "bin_count": [
      0,
      0,
      0,
      1,
      8,
      92,
      473,
      583,
      86,
      0
    ],
    "bin_edges": [
      0.0,
      0.1,
      0.2,
      0.30000000000000004,
      0.4,
      0.5,
      0.6000000000000001,
      0.7000000000000001,
      0.8,
      0.9,
      1.0
    ],
    "n_samples": 1243
  },
  "p-true-keystep": {
    "score": 0.34600047902627423,
    "bin_accuracy": [
      NaN,
      NaN,
      NaN,
      NaN,
      0.25,
      0.38636363636363635,
      0.36086956521739133,
      0.41435562805872755,
      0.43283582089552236,
      0.29411764705882354
    ],
    "bin_confidence": [
      NaN,
      NaN,
      NaN,
      NaN,
      0.45670726150274277,
      0.5678628005764701,
      0.6605976001076076,
      0.7534315713467061,
      0.832140620608828,
      0.923981999649721
    ],