{
  "probas-mean-bl": {
    "score": 0.4657092036164581,
    "bin_accuracy": [
      0.04,
      0.07692307692307693,
      0.18181818181818182,
      0.13333333333333333,
      0.11764705882352941,
      0.46153846153846156,
      0.3780487804878049,
      0.32038834951456313,
      0.3424657534246575,
      0.4511904761904762
    ],
    "bin_confidence": [
      0.04904067788273096,
      0.13197716591784203,
      0.24522542214077533,
      0.3500839276032315,
      0.4408445705915345,
      0.5512874070405721,
      0.6561953312536755,
      0.7519234514214985,
      0.8461920817551762,
      0.9919144208294681
    ],
    "bin_count": [
      25,
      13,
      11,
      15,
      17,
      52,
      82,
      103,
      73,
      840
    ],
    "bin_edges": [
      0.0,
      0.1,
      0.2,
      0.30000000000000004,
      0.4,
      0.5,
      0.6000000000000001,
      0.7000000000000001,
      0.8,
      0.9,
      1.0
    ],
    "n_samples": 1231
  },
  "probas-min-bl": {
    "score": 0.41679433752668404,
    "bin_accuracy": [
      0.21774193548387097,
      0.3283582089552239,
      0.4,
      0.358974358974359,
      0.3125,
      0.28125,
      0.4782608695652174,
      0.3333333333333333,
      0.5,
      0.44778067885117495
    ],
    "bin_confidence": [
      0.051623500335300644,
      0.14501697292078786,
      0.24770235657691955,
      0.34261207320751286,
      0.4536713073030114,
      0.5542744062840939,
      0.6471478343009949,
      0.7574067155520121,
      0.8560336398727754,
      0.9932991088837307
    ],
    "bin_count": [
      124,
      67,
      50,
      39,
      32,
      32,
      23,
      30,
      68,
      766
    ],
    "bin_edges": [
      0.0,
      0.1,
      0.2,
      0.30000000000000004,
      0.4,
      0.5,
      0.6000000000000001,
      0.7000000000000001,
      0.8,
      0.9,
      1.0
    ],
    "n_samples": 1231
  },
  "token-sar-bl": {
    "score": 0.47882768965706796,
    "bin_accuracy": [
      0.2753623188405797,
      0.3404255319148936,
      0.27906976744186046,
      0.46808510638297873,
      0.25,
      0.2857142857142857,
      0.35294117647058826,
      0.23529411764705882,
      0.3333333333333333,
      0.43426724137931033
    ],
    "bin_confidence": [
      0.05476151687511499,
      0.14129887743199127,
      0.25918437055377075,
      0.3367941506365512,
      0.44863495354851085,
      0.5491111023085458,
      0.6346787144156063,
      0.7574207362006692,
      0.8496007886197832,
      0.9995405754267142
    ],
    "bin_count": [
      69,
      47,
      43,
      47,
      24,
      21,
      17,
      17,
      18,
      928
    ],
    "bin_edges": [
      0.0,
      0.1,
      0.2,
      0.30000000000000004,
      0.4,
      0.5,
      0.6000000000000001,
      0.7000000000000001,
      0.8,
      0.9,
      1.0
    ],
    "n_samples": 1231
  },
  "probas-mean": {
    "score": 0.4288253017403022,
    "bin_accuracy": [
      0.14285714285714285,
      0.0,
      0.2857142857142857,
      0.058823529411764705,
      0.17857142857142858,
      0.2222222222222222,
      0.27710843373493976,
      0.32450331125827814,
      0.3981191222570533,
      0.5045372050816697
    ],
    "bin_confidence": [
      0.047760312511984794,
      0.1489097520422477,
      0.24978142839556838,
      0.3532041601805917,
      0.4443150827212456,
      0.5516238457833883,
      0.6549169632902468,
      0.753163132883486,
      0.8515606923759258,
      0.9667990159077188
    ],
    "bin_count": [
      7,
      7,
      14,
      17,
      28,
      54,
      83,
      151,
      319,
      551
    ],
    "bin_edges": [
      0.0,
      0.1,
      0.2,
      0.30000000000000004,
      0.4,
      0.5,
      0.6000000000000001,
      0.7000000000000001,
      0.8,
      0.9,
      1.0
    ],
    "n_samples": 1231
  },
  "probas-min": {
    "score": 0.2835385125895408,
    "bin_accuracy": [
      0.11538461538461539,
      0.2127659574468085,
      0.3076923076923077,
      0.2,
      0.3333333333333333,
      0.3090909090909091,
      0.38461538461538464,
      0.5125,
      0.43870967741935485,
      0.5306122448979592
    ],
    "bin_confidence": [
      0.047506348788549105,
      0.15109656701081878,
      0.2466620496212912,
      0.3587225623995852,
      0.44848496338792887,
      0.5503376284307399,
      0.6511998509568477,
      0.746671599197449,
      0.8509347338476071,
      0.9705613883060858
    ],
    "bin_count": [
      52,
      47,
      52,
      70,
      99,
      110,
      143,
      160,
      155,
      343
    ],
    "bin_edges": [
      0.0,
      0.1,
      0.2,
      0.30000000000000004,
      0.4,
      0.5,
      0.6000000000000001,
      0.7000000000000001,
      0.8,
      0.9,
      1.0
    ],
    "n_samples": 1231
  },
  "token-sar": {
    "score": 0.3956406615364214,
    "bin_accuracy": [
      0.058823529411764705,
      0.0,
      0.38461538461538464,
      0.19047619047619047,
      0.21052631578947367,
      0.17647058823529413,
      0.3409090909090909,
      0.3673469387755102,
      0.32644628099173556,
      0.5233644859813084
    ],
    "bin_confidence": [
      0.04942193558529902,
      0.14357004946503196,
      0.24878712906826864,
      0.36054652977377144,
      0.4596656868143348,
      0.5572095566124153,
      0.655218315983382,
      0.7580443426746718,
      0.8521235394499463,
      0.9685839660825576
    ],
    "bin_count": [
      17,
      15,
      13,
      21,
      38,
      51,
      88,
      147,
      242,
      535
    ],
    "bin_edges": [
      0.0,
      0.1,
      0.2,
      0.30000000000000004,
      0.4,
      0.5,
      0.6000000000000001,
      0.7000000000000001,
      0.8,
      0.9,
      1.0
    ],
    "n_samples": 1231
  },
  "p-true-bl": {
    "score": 0.3466113778171648,
    "bin_accuracy": [
      NaN,
      NaN,
      NaN,
      NaN,
      NaN,
      0.42,
      0.32217573221757323,
      0.44424778761061945,
      0.40599455040871935,
      0.2
    ],
    "bin_confidence": [
      NaN,
      NaN,
      NaN,
      NaN,
      NaN,
      0.5740355110168457,
      0.6586516783826022,
      0.7537061919153264,
      0.8327931511629505,
      0.907999449968338
    ],
    "bin_count": [
      0,
      0,
      0,
      0,
      0,
      50,
      239,
      565,
      367,
      10
    ],
    "bin_edges": [
      0.0,
      0.1,
      0.2,
      0.30000000000000004,
      0.4,
      0.5,
      0.6000000000000001,
      0.7000000000000001,
      0.8,
      0.9,
      1.0
    ],
    "n_samples": 1231
  },
  "p-true-allsteps": {
    "score": 0.30081086571288246,
    "bin_accuracy": [
      NaN,
      NaN,
      NaN,
      NaN,
      0.5,
      0.30952380952380953,
      0.38392857142857145,
      0.42295081967213116,
      0.4939759036144578,
      NaN
    ],
    "bin_confidence": [
      NaN,
      NaN,
      NaN,
      NaN,
      0.4652150472005208,
      0.5656471451123556,
      0.6614866321906447,
      0.7457107163843562,
      0.823440452656114,
      NaN
    ],
    "bin_count": [
      0,
      0,
      0,
      0,
      6,
      84,
      448,
      610,
      83,
      0
    ],
    "bin_edges": [
      0.0,
      0.1,
      0.2,
      0.30000000000000004,
      0.4,
      0.5,
      0.6000000000000001,
      0.7000000000000001,
      0.8,
      0.9,
      1.0
    ],
    "n_samples": 1231
  },
  "p-true-keystep": {
    "score": 0.3507734002571199,
    "bin_accuracy": [
      NaN,
      NaN,
      NaN,
      NaN,
      NaN,
      0.4,
      0.3557312252964427,
      0.4342560553633218,
      0.39945652173913043,
      0.2857142857142857
    ],
    "bin_confidence": [
      NaN,
      NaN,
      NaN,
      NaN,
      NaN,
      0.5683288192749023,
      0.6609288194905156,
      0.7552614026416132,
      0.83539653553263,
      0.9159754429544721
    ],
    "bin_count": [
      0,
      0,
      0,
      0,
      0,
      25,
      253,
      578,
      368,
      7
    ],