{
  "probas-mean-bl": {
    "score": 0.621978580705079,
    "bin_accuracy": [
      0.0,
      0.13636363636363635,
      0.2857142857142857,
      0.21875,
      0.2714285714285714,
      0.19383259911894274,
      0.2961038961038961,
      0.23493975903614459,
      0.28350515463917525,
      0.2717672843195856
    ],
    "bin_confidence": [
      0.056308607648437224,
      0.15178915153567993,
      0.2501053139699154,
      0.35729790902438513,
      0.45881422078512984,
      0.5528981730389,
      0.6545916799807648,
      0.7554973673356323,
      0.8554236105236495,
      0.9796856510633484
    ],
    "bin_count": [
      6,
      22,
      35,
      64,
      70,
      227,
      385,
      830,
      1746,
      5019
    ],
    "bin_edges": [
      0.0,
      0.1,
      0.2,
      0.30000000000000004,
      0.4,
      0.5,
      0.6000000000000001,
      0.7000000000000001,
      0.8,
      0.9,
      1.0
    ],
    "n_samples": 8404
  },
  "probas-min-bl": {
    "score": 0.42105525225808293,
    "bin_accuracy": [
      0.20331491712707184,
      0.2565707133917397,
      0.3257918552036199,
      0.2504672897196262,
      0.232662192393736,
      0.2482758620689655,
      0.2536764705882353,
      0.2116564417177914,
      0.2222222222222222,
      0.2951052931132612
    ],
    "bin_confidence": [
      0.05431523527332597,
      0.15016453799900037,
      0.24945327481128513,
      0.34892102134561986,
      0.44850587278137805,
      0.5550703494713224,
      0.6499169473262394,
      0.7539467630576502,
      0.8580126319494512,
      0.9934123518389603
    ],
    "bin_count": [
      905,
      799,
      884,
      535,
      447,
      290,
      272,
      326,
      432,
      3514
    ],
    "bin_edges": [
      0.0,
      0.1,
      0.2,
      0.30000000000000004,
      0.4,
      0.5,
      0.6000000000000001,
      0.7000000000000001,
      0.8,
      0.9,
      1.0
    ],
    "n_samples": 8404
  },
  "token-sar-bl": {
    "score": 0.553467810157175,
    "bin_accuracy": [
      0.23469387755102042,
      0.22887323943661972,
      0.3164721141374838,
      0.23473282442748092,
      0.3247663551401869,
      0.3559322033898305,
      0.22857142857142856,
      0.20833333333333334,
      0.25316455696202533,
      0.26504590275416523
    ],
    "bin_confidence": [
      0.056501548417343374,
      0.16304221161654298,
      0.2502464685690542,
      0.3491354319657988,
      0.44329905085196003,
      0.5370438159522364,
      0.6493127158709935,
      0.7500496419767538,
      0.8604979741422436,
      0.9993415052835652
    ],
    "bin_count": [
      294,
      284,
      771,
      524,
      428,
      59,
      35,
      48,
      79,
      5882
    ],
    "bin_edges": [
      0.0,
      0.1,
      0.2,
      0.30000000000000004,
      0.4,
      0.5,
      0.6000000000000001,
      0.7000000000000001,
      0.8,
      0.9,
      1.0
    ],
    "n_samples": 8404
  },
  "probas-mean": {
    "score": 0.45895367947089316,
    "bin_accuracy": [
      1.0,
      0.16666666666666666,
      0.09375,
      0.13178294573643412,
      0.125,
      0.16879293424926398,
      0.22175480769230768,
      0.2741652021089631,
      0.3231418028465999,
      0.42616033755274263
    ],
    "bin_confidence": [
      0.0993435221756503,
      0.16674678077838537,
      0.2663310862256689,
      0.36188121085741964,
      0.4572507696220206,
      0.5551299555574295,
      0.6524480361724744,
      0.7512223397663562,
      0.847230776997911,
      0.9399559024230675
    ],
    "bin_count": [
      1,
      6,
      32,
      129,
      432,
      1019,
      1664,
      2276,
      1897,
      948
    ],
    "bin_edges": [
      0.0,
      0.1,
      0.2,
      0.30000000000000004,
      0.4,
      0.5,
      0.6000000000000001,
      0.7000000000000001,
      0.8,
      0.9,
      1.0
    ],
    "n_samples": 8404
  },
  "probas-min": {
    "score": 0.2859991720924374,
    "bin_accuracy": [
      0.07017543859649122,
      0.10582010582010581,
      0.11517367458866545,
      0.16912487708947885,
      0.2078804347826087,
      0.26725775807473084,
      0.3070669168230144,
      0.3820840950639854,
      0.40955631399317405,
      0.4621212121212121
    ],
    "bin_confidence": [
      0.06500549871587262,
      0.16162926475529488,
      0.2549917161591609,
      0.35571735860496034,
      0.45236624438029976,
      0.5489726168705233,
      0.6482097501481889,
      0.7450668536622389,
      0.8423595164463673,
      0.9375959220273496
    ],
    "bin_count": [
      57,
      189,
      547,
      1017,
      1472,
      1579,
      1599,
      1094,
      586,
      264
    ],
    "bin_edges": [
      0.0,
      0.1,
      0.2,
      0.30000000000000004,
      0.4,
      0.5,
      0.6000000000000001,
      0.7000000000000001,
      0.8,
      0.9,
      1.0
    ],
    "n_samples": 8404
  },
  "token-sar": {
    "score": 0.4509888729434631,
    "bin_accuracy": [
      1.0,
      0.09090909090909091,
      0.04878048780487805,
      0.12921348314606743,
      0.1551094890510949,
      0.19469835466179158,
      0.21882640586797067,
      0.2725947521865889,
      0.3246899661781285,
      0.4120982986767486
    ],
    "bin_confidence": [
      0.08471190617864927,
      0.15562323508117784,
      0.2599001069994639,
      0.35717494852760656,
      0.45769924369424636,
      0.5541263449309493,
      0.6521150472364863,
      0.750528230340515,
      0.846811041554666,
      0.9428419559316671
    ],
    "bin_count": [
      1,
      11,
      41,
      178,
      548,
      1094,
      1636,
      2058,
      1774,
      1058
    ],
    "bin_edges": [
      0.0,
      0.1,
      0.2,
      0.30000000000000004,
      0.4,
      0.5,
      0.6000000000000001,
      0.7000000000000001,
      0.8,
      0.9,
      1.0
    ],
    "n_samples": 8404
  },
  "p-true-bl": {
    "score": 0.495207477321069,
    "bin_accuracy": [
      NaN,
      1.0,
      NaN,
      0.5,
      0.5714285714285714,
      0.366412213740458,
      0.24242424242424243,
      0.24795982423101068,
      0.3119496855345912,
      0.4418604651162791
    ],
    "bin_confidence": [
      NaN,
      0.10521053522825241,
      NaN,
      0.35423263907432556,
      0.4616288159574781,
      0.563084433551963,
      0.6654341369867325,
      0.7576533735459458,
      0.8282171213901768,
      0.9112302508465079
    ],
    "bin_count": [
      0,
      1,
      0,
      2,
      7,
      131,
      1056,
      4779,
      2385,
      43
    ],
    "bin_edges": [
      0.0,
      0.1,
      0.2,
      0.30000000000000004,
      0.4,
      0.5,
      0.6000000000000001,
      0.7000000000000001,
      0.8,
      0.9,
      1.0
    ],
    "n_samples": 8404
  },
  "p-true-allsteps": {
    "score": 0.5542885880990008,
    "bin_accuracy": [
      NaN,
      1.0,
      0.0,
      0.9090909090909091,
      0.36666666666666664,
      0.35443037974683544,
      0.28869047619047616,
      0.22229639519359146,
      0.2671314402312532,
      0.3675564681724846
    ],
    "bin_confidence": [
      NaN,
      0.19930799305438995,
      0.26396066695451736,
      0.3634271838448264,
      0.4651380737622579,
      0.5612539064280594,
      0.654717585692803,
      0.7664644111778453,
      0.8471210853033093,
      0.9141893659773793
    ],
    "bin_count": [
      0,
      1,
      2,
      11,
      30,
      158,
      336,
      1498,
      5881,
      487
    ],
    "bin_edges": [
      0.0,
      0.1,
      0.2,
      0.30000000000000004,
      0.4,
      0.5,
      0.6000000000000001,
      0.7000000000000001,
      0.8,
      0.9,
      1.0
    ],
    "n_samples": 8404
  },
  "p-true-keystep": {
    "score": 0.540534503523904,
    "bin_accuracy": [
      NaN,
      NaN,
      NaN,
      NaN,
      0.0,
      0.4,
      0.30718954248366015,
      0.2109038737446198,
      0.2922330097087379,
      0.45774647887323944
    ],