{
  "probas-mean-bl": {
    "score": 0.2331032376025914,
    "bin_accuracy": [
      0.11764705882352941,
      0.058823529411764705,
      0.3076923076923077,
      0.3,
      0.42105263157894735,
      0.5148514851485149,
      0.5478260869565217,
      0.6,
      0.5303867403314917,
      0.730379746835443
    ],
    "bin_confidence": [
      0.043067953439758104,
      0.14204999231094237,
      0.24574852413446693,
      0.3591853179037571,
      0.4516217066422958,
      0.5580521407072534,
      0.6541110254106569,
      0.752265777158935,
      0.8523389427503166,
      0.9943263539495171
    ],
    "bin_count": [
      17,
      17,
      13,
      10,
      38,
      101,
      115,
      175,
      181,
      1580
    ],
    "bin_edges": [
      0.0,
      0.1,
      0.2,
      0.30000000000000004,
      0.4,
      0.5,
      0.6000000000000001,
      0.7000000000000001,
      0.8,
      0.9,
      1.0
    ],
    "n_samples": 2247
  },
  "probas-min-bl": {
    "score": 0.2548007576614054,
    "bin_accuracy": [
      0.39552238805970147,
      0.5572519083969466,
      0.5411764705882353,
      0.527027027027027,
      0.5416666666666666,
      0.5636363636363636,
      0.5925925925925926,
      0.5223880597014925,
      0.5698924731182796,
      0.7388663967611336
    ],
    "bin_confidence": [
      0.056664857339225154,
      0.14346032566924133,
      0.2472437444855185,
      0.35504008628226613,
      0.4521044049825933,
      0.550693999637257,
      0.6449807926460549,
      0.756942686749928,
      0.8575329030713728,
      0.9971372368525557
    ],
    "bin_count": [
      134,
      131,
      85,
      74,
      72,
      55,
      54,
      67,
      93,
      1482
    ],
    "bin_edges": [
      0.0,
      0.1,
      0.2,
      0.30000000000000004,
      0.4,
      0.5,
      0.6000000000000001,
      0.7000000000000001,
      0.8,
      0.9,
      1.0
    ],
    "n_samples": 2247
  },
  "token-sar-bl": {
    "score": 0.27690788812961875,
    "bin_accuracy": [
      0.43137254901960786,
      0.527027027027027,
      0.5192307692307693,
      0.43103448275862066,
      0.5098039215686274,
      0.6086956521739131,
      0.6756756756756757,
      0.45454545454545453,
      0.5416666666666666,
      0.706583427922815
    ],
    "bin_confidence": [
      0.05536439638657897,
      0.15152861278604818,
      0.24689304140897897,
      0.35659430304477957,
      0.4564983850600673,
      0.5459138647369717,
      0.6431205965377189,
      0.7612427608533339,
      0.8600708602203263,
      0.9980356231517878
    ],
    "bin_count": [
      51,
      74,
      52,
      58,
      51,
      46,
      37,
      44,
      72,
      1762
    ],
    "bin_edges": [
      0.0,
      0.1,
      0.2,
      0.30000000000000004,
      0.4,
      0.5,
      0.6000000000000001,
      0.7000000000000001,
      0.8,
      0.9,
      1.0
    ],
    "n_samples": 2247
  },
  "probas-mean": {
    "score": 0.15948292173873835,
    "bin_accuracy": [
      0.36363636363636365,
      0.23076923076923078,
      0.45454545454545453,
      0.43333333333333335,
      0.423728813559322,
      0.4925373134328358,
      0.5683760683760684,
      0.5833333333333334,
      0.6632016632016632,
      0.7882483370288248
    ],
    "bin_confidence": [
      0.053662188555763074,
      0.15109677889962173,
      0.25110093685621054,
      0.3604135470236456,
      0.4528098077222216,
      0.5563096428908633,
      0.6559822331753697,
      0.7528932073844445,
      0.8501395674515404,
      0.9719874341526094
    ],
    "bin_count": [
      11,
      13,
      11,
      30,
      59,
      134,
      234,
      372,
      481,
      902
    ],
    "bin_edges": [
      0.0,
      0.1,
      0.2,
      0.30000000000000004,
      0.4,
      0.5,
      0.6000000000000001,
      0.7000000000000001,
      0.8,
      0.9,
      1.0
    ],
    "n_samples": 2247
  },
  "probas-min": {
    "score": 0.16032111705759763,
    "bin_accuracy": [
      0.47959183673469385,
      0.4482758620689655,
      0.5575221238938053,
      0.5594405594405595,
      0.5425531914893617,
      0.6933962264150944,
      0.6448979591836734,
      0.6738197424892703,
      0.6828193832599119,
      0.8118195956454122
    ],
    "bin_confidence": [
      0.05954820939974431,
      0.15492696126737238,
      0.2482907872782966,
      0.34645991906838874,
      0.4547744362679748,
      0.5534351140907618,
      0.6508160174336035,
      0.7503633665291198,
      0.8487777310656635,
      0.9797994026497517
    ],
    "bin_count": [
      98,
      145,
      113,
      143,
      188,
      212,
      245,
      233,
      227,
      643
    ],
    "bin_edges": [
      0.0,
      0.1,
      0.2,
      0.30000000000000004,
      0.4,
      0.5,
      0.6000000000000001,
      0.7000000000000001,
      0.8,
      0.9,
      1.0
    ],
    "n_samples": 2247
  },
  "token-sar": {
    "score": 0.16739427336704826,
    "bin_accuracy": [
      0.3333333333333333,
      0.2857142857142857,
      0.3333333333333333,
      0.5757575757575758,
      0.42028985507246375,
      0.46956521739130436,
      0.5073170731707317,
      0.5805471124620061,
      0.6560509554140127,
      0.7950310559006211
    ],
    "bin_confidence": [
      0.056547445472102546,
      0.15463664098980126,
      0.25894217876985,
      0.3585448211997254,
      0.4557720310038479,
      0.5573110272515182,
      0.657195840754099,
      0.7524819678759056,
      0.8523345941231208,
      0.9709811931036174
    ],
    "bin_count": [
      12,
      14,
      21,
      33,
      69,
      115,
      205,
      329,
      471,
      966
    ],
    "bin_edges": [
      0.0,
      0.1,
      0.2,
      0.30000000000000004,
      0.4,
      0.5,
      0.6000000000000001,
      0.7000000000000001,
      0.8,
      0.9,
      1.0
    ],
    "n_samples": 2247
  },
  "probas-mean-alltokens": {
    "score": 0.1283412105141381,
    "bin_accuracy": [
      NaN,
      NaN,
      NaN,
      NaN,
      0.7777777777777778,
      0.7407407407407407,
      0.5775193798449613,
      0.6153028692879915,
      0.7,
      0.9032258064516129
    ],
    "bin_confidence": [
      NaN,
      NaN,
      NaN,
      NaN,
      0.4747629519955321,
      0.5634159673823765,
      0.6616288346367416,
      0.7556098942991913,
      0.8425195073680176,
      0.929417340932925
    ],
    "bin_count": [
      0,
      0,
      0,
      0,
      9,
      54,
      258,
      941,
      830,
      155
    ],
    "bin_edges": [
      0.0,
      0.1,
      0.2,
      0.30000000000000004,
      0.4,
      0.5,
      0.6000000000000001,
      0.7000000000000001,
      0.8,
      0.9,
      1.0
    ],
    "n_samples": 2247
  },
  "probas-min-alltokens": {
    "score": 0.6293129824890669,
    "bin_accuracy": [
      0.6495643756050339,
      0.8,
      0.9375,
      1.0,
      1.0,
      1.0,
      1.0,
      NaN,
      NaN,
      NaN
    ],
    "bin_confidence": [
      0.023094476655257247,
      0.14058015377571184,
      0.23820460215210915,
      0.34829540848731994,
      0.43931418657302856,
      0.5771554410457611,
      0.6320277750492096,
      NaN,
      NaN,
      NaN
    ],
    "bin_count": [
      2066,
      120,
      48,
      5,
      4,
      2,
      2,
      0,
      0,
      0
    ],
    "bin_edges": [
      0.0,
      0.1,
      0.2,
      0.30000000000000004,
      0.4,
      0.5,
      0.6000000000000001,
      0.7000000000000001,
      0.8,
      0.9,
      1.0
    ],
    "n_samples": 2247
  },
  "token-sar-alltokens": {
    "score": 0.3496244387451641,
    "bin_accuracy": [
      0.6473684210526316,
      0.6538461538461539,
      0.6433408577878104,
      0.7164179104477612,
      0.5882352941176471,
      0.6511627906976745,
      0.746031746031746,
      0.6666666666666666,
      0.6119402985074627,
      0.6859956236323851
    ],