{
  "probas-mean-bl": {
    "score": 0.4316905418148355,
    "bin_accuracy": [
      0.022222222222222223,
      0.07407407407407407,
      0.13636363636363635,
      0.15151515151515152,
      0.2857142857142857,
      0.4107142857142857,
      0.3465346534653465,
      0.3770491803278688,
      0.3695652173913043,
      0.4517426273458445
    ],
    "bin_confidence": [
      0.04182708562455244,
      0.14863752474387487,
      0.26281605538855674,
      0.3609816883476853,
      0.4484017361410051,
      0.5479269651630739,
      0.6490937398145231,
      0.7510015285538967,
      0.8513223286036717,
      0.989914288128033
    ],
    "bin_count": [
      45,
      27,
      22,
      33,
      28,
      56,
      101,
      122,
      138,
      746
    ],
    "bin_edges": [
      0.0,
      0.1,
      0.2,
      0.30000000000000004,
      0.4,
      0.5,
      0.6000000000000001,
      0.7000000000000001,
      0.8,
      0.9,
      1.0
    ],
    "n_samples": 1318
  },
  "probas-min-bl": {
    "score": 0.3520121972793105,
    "bin_accuracy": [
      0.17391304347826086,
      0.2716049382716049,
      0.2962962962962963,
      0.2727272727272727,
      0.40816326530612246,
      0.3877551020408163,
      0.45,
      0.49206349206349204,
      0.3611111111111111,
      0.4617691154422789
    ],
    "bin_confidence": [
      0.046615995027078604,
      0.14255103183749282,
      0.25296847246311327,
      0.3441479894247922,
      0.4572527937743129,
      0.5515785582211553,
      0.648289468884468,
      0.7551578794206891,
      0.852274041208956,
      0.9943976001046051
    ],
    "bin_count": [
      161,
      81,
      81,
      55,
      49,
      49,
      40,
      63,
      72,
      667
    ],
    "bin_edges": [
      0.0,
      0.1,
      0.2,
      0.30000000000000004,
      0.4,
      0.5,
      0.6000000000000001,
      0.7000000000000001,
      0.8,
      0.9,
      1.0
    ],
    "n_samples": 1318
  },
  "token-sar-bl": {
    "score": 0.4453668354679046,
    "bin_accuracy": [
      0.14285714285714285,
      0.3,
      0.3,
      0.28888888888888886,
      0.5151515151515151,
      0.4117647058823529,
      0.3870967741935484,
      0.46511627906976744,
      0.3409090909090909,
      0.41946308724832215
    ],
    "bin_confidence": [
      0.04675976913754961,
      0.14658422529697418,
      0.25128305827577907,
      0.34208129048347474,
      0.45497594186753937,
      0.5536067853955662,
      0.6438444545192104,
      0.757702303487201,
      0.8514190763235092,
      0.9967814377223618
    ],
    "bin_count": [
      84,
      50,
      60,
      45,
      33,
      34,
      31,
      43,
      44,
      894
    ],
    "bin_edges": [
      0.0,
      0.1,
      0.2,
      0.30000000000000004,
      0.4,
      0.5,
      0.6000000000000001,
      0.7000000000000001,
      0.8,
      0.9,
      1.0
    ],
    "n_samples": 1318
  },
  "probas-mean": {
    "score": 0.4139063191908164,
    "bin_accuracy": [
      0.3333333333333333,
      0.4,
      0.42857142857142855,
      0.2777777777777778,
      0.14285714285714285,
      0.21518987341772153,
      0.26993865030674846,
      0.3745173745173745,
      0.3742857142857143,
      0.5177664974619289
    ],
    "bin_confidence": [
      0.03567852762838205,
      0.15572098589133773,
      0.2411200058823895,
      0.36758348605206537,
      0.4541303114754107,
      0.5522615472258604,
      0.6539685873287164,
      0.7516008309479152,
      0.8517362329511148,
      0.960334293939266
    ],
    "bin_count": [
      3,
      10,
      7,
      18,
      35,
      79,
      163,
      259,
      350,
      394
    ],
    "bin_edges": [
      0.0,
      0.1,
      0.2,
      0.30000000000000004,
      0.4,
      0.5,
      0.6000000000000001,
      0.7000000000000001,
      0.8,
      0.9,
      1.0
    ],
    "n_samples": 1318
  },
  "probas-min": {
    "score": 0.25490746056296326,
    "bin_accuracy": [
      0.24489795918367346,
      0.3,
      0.3,
      0.35833333333333334,
      0.34210526315789475,
      0.3283582089552239,
      0.33136094674556216,
      0.41420118343195267,
      0.5165562913907285,
      0.4955357142857143
    ],
    "bin_confidence": [
      0.06074079372043478,
      0.15278551219193218,
      0.2553428054748097,
      0.3532366156978065,
      0.4483342247343722,
      0.5519591799730468,
      0.6483180352046973,
      0.7506815169234977,
      0.844277981851804,
      0.9752432016829119
    ],
    "bin_count": [
      49,
      60,
      90,
      120,
      152,
      134,
      169,
      169,
      151,
      224
    ],
    "bin_edges": [
      0.0,
      0.1,
      0.2,
      0.30000000000000004,
      0.4,
      0.5,
      0.6000000000000001,
      0.7000000000000001,
      0.8,
      0.9,
      1.0
    ],
    "n_samples": 1318
  },
  "token-sar": {
    "score": 0.4132160087763241,
    "bin_accuracy": [
      0.25,
      0.4444444444444444,
      0.375,
      0.28,
      0.18421052631578946,
      0.2987012987012987,
      0.25301204819277107,
      0.32340425531914896,
      0.3944954128440367,
      0.509478672985782
    ],
    "bin_confidence": [
      0.04700993740364434,
      0.1650782420576212,
      0.24442314152256323,
      0.36686512463471843,
      0.45043835724732434,
      0.5596863607365598,
      0.6545287201045643,
      0.7548391249524801,
      0.8541276485202932,
      0.9585900241521352
    ],
    "bin_count": [
      4,
      9,
      8,
      25,
      38,
      77,
      166,
      235,
      327,
      422
    ],
    "bin_edges": [
      0.0,
      0.1,
      0.2,
      0.30000000000000004,
      0.4,
      0.5,
      0.6000000000000001,
      0.7000000000000001,
      0.8,
      0.9,
      1.0
    ],
    "n_samples": 1318
  },
  "probas-mean-alltokens": {
    "score": 0.3989116182875009,
    "bin_accuracy": [
      NaN,
      NaN,
      NaN,
      NaN,
      0.0,
      0.34782608695652173,
      0.3179190751445087,
      0.3486973947895792,
      0.4186471663619744,
      0.6081081081081081
    ],
    "bin_confidence": [
      NaN,
      NaN,
      NaN,
      NaN,
      0.497336451114544,
      0.57304466280279,
      0.6621484173009456,
      0.7552461650948868,
      0.8468151226803377,
      0.9184247037118394
    ],
    "bin_count": [
      0,
      0,
      0,
      0,
      2,
      23,
      173,
      499,
      547,
      74
    ],
    "bin_edges": [
      0.0,
      0.1,
      0.2,
      0.30000000000000004,
      0.4,
      0.5,
      0.6000000000000001,
      0.7000000000000001,
      0.8,
      0.9,
      1.0
    ],
    "n_samples": 1318
  },
  "probas-min-alltokens": {
    "score": 0.35782161256304074,
    "bin_accuracy": [
      0.3719806763285024,
      0.6615384615384615,
      0.625,
      1.0,
      NaN,
      0.0,
      NaN,
      NaN,
      NaN,
      NaN
    ],
    "bin_confidence": [
      0.023712025062239545,
      0.1354253045641459,
      0.2366262711584568,
      0.30895939469337463,
      NaN,
      0.5319174230098724,
      NaN,
      NaN,
      NaN,
      NaN
    ],
    "bin_count": [
      1242,
      65,
      8,
      1,
      0,
      2,
      0,
      0,
      0,
      0
    ],
    "bin_edges": [
      0.0,
      0.1,
      0.2,
      0.30000000000000004,
      0.4,
      0.5,
      0.6000000000000001,
      0.7000000000000001,
      0.8,
      0.9,
      1.0
    ],
    "n_samples": 1318
  },
  "token-sar-alltokens": {
    "score": 0.32939784995340976,
    "bin_accuracy": [
      0.34328358208955223,
      0.4144736842105263,
      0.40390879478827363,
      0.2804878048780488,
      0.3181818181818182,
      0.375,
      0.42424242424242425,
      0.36585365853658536,
      0.45,
      0.4066193853427896
    ],