Dataset,Accuracy,Min,Max,Runs
ASDiv,0.6459 ± 0.0087,0.6350201522615315,0.654243376740009,5
SVAMP,0.6073 ± 0.0035,0.6022044088176353,0.611,5
GSM8K,0.4190 ± 0.0152,0.4061738424045491,0.4419604471195185,5
HotpotQA,0.2608 ± 0.0157,0.24244359301830568,0.2752173395260212,5
2WikimhQA,0.0610 ± 0.0052,0.056347150259067356,0.06952965235173825,5
