{
  "probas-mean-bl": {
    "score": 0.28691755369176514,
    "bin_accuracy": [
      0.07692307692307693,
      0.0,
      0.36363636363636365,
      0.5714285714285714,
      0.48148148148148145,
      0.6288659793814433,
      0.5841584158415841,
      0.5581395348837209,
      0.42857142857142855,
      0.6792339916217833
    ],
    "bin_confidence": [
      0.04690460660136663,
      0.1638858518563211,
      0.25055377989668737,
      0.36779422513431026,
      0.4507981895647346,
      0.5573301848854106,
      0.6552793922630057,
      0.755555388256096,
      0.8513002568226964,
      0.9957984885742424
    ],
    "bin_count": [
      13,
      8,
      11,
      14,
      27,
      97,
      101,
      129,
      140,
      1671
    ],
    "bin_edges": [
      0.0,
      0.1,
      0.2,
      0.30000000000000004,
      0.4,
      0.5,
      0.6000000000000001,
      0.7000000000000001,
      0.8,
      0.9,
      1.0
    ],
    "n_samples": 2211
  },
  "probas-min-bl": {
    "score": 0.3183653888876847,
    "bin_accuracy": [
      0.5851851851851851,
      0.5555555555555556,
      0.425,
      0.5471698113207547,
      0.6052631578947368,
      0.42424242424242425,
      0.42857142857142855,
      0.4222222222222222,
      0.41935483870967744,
      0.6890282131661442
    ],
    "bin_confidence": [
      0.05798402408620826,
      0.14541742889969436,
      0.2456955337896943,
      0.3388536420633208,
      0.44641416872802536,
      0.5552595546751311,
      0.6504870533943177,
      0.7469605141215854,
      0.8588248222104965,
      0.9974875992742078
    ],
    "bin_count": [
      135,
      135,
      80,
      53,
      38,
      33,
      35,
      45,
      62,
      1595
    ],
    "bin_edges": [
      0.0,
      0.1,
      0.2,
      0.30000000000000004,
      0.4,
      0.5,
      0.6000000000000001,
      0.7000000000000001,
      0.8,
      0.9,
      1.0
    ],
    "n_samples": 2211
  },
  "token-sar-bl": {
    "score": 0.33258784289565735,
    "bin_accuracy": [
      0.5625,
      0.5465116279069767,
      0.5555555555555556,
      0.5692307692307692,
      0.6666666666666666,
      0.38461538461538464,
      0.5185185185185185,
      0.4,
      0.4166666666666667,
      0.6676152532726238
    ],
    "bin_confidence": [
      0.06082827621139586,
      0.1493880019284958,
      0.25573407920698327,
      0.33811031671670766,
      0.4405923441604332,
      0.5604924788841834,
      0.6514945582107261,
      0.7441365224974495,
      0.8563196940554513,
      0.9990415046618075
    ],
    "bin_count": [
      80,
      86,
      72,
      65,
      27,
      26,
      27,
      35,
      36,
      1757
    ],
    "bin_edges": [
      0.0,
      0.1,
      0.2,
      0.30000000000000004,
      0.4,
      0.5,
      0.6000000000000001,
      0.7000000000000001,
      0.8,
      0.9,
      1.0
    ],
    "n_samples": 2211
  },
  "probas-mean": {
    "score": 0.25417172006199995,
    "bin_accuracy": [
      0.0,
      0.6666666666666666,
      0.42857142857142855,
      0.18181818181818182,
      0.2962962962962963,
      0.46153846153846156,
      0.4019607843137255,
      0.5,
      0.5692307692307692,
      0.7203757225433526
    ],
    "bin_confidence": [
      0.03902840086569389,
      0.1703680885982686,
      0.2395378283358046,
      0.34475361595585763,
      0.45029364914565506,
      0.5643494340318214,
      0.6559212514043957,
      0.7555470384670842,
      0.8551559006664973,
      0.9759259472467089
    ],
    "bin_count": [
      6,
      3,
      7,
      11,
      27,
      65,
      102,
      216,
      390,
      1384
    ],
    "bin_edges": [
      0.0,
      0.1,
      0.2,
      0.30000000000000004,
      0.4,
      0.5,
      0.6000000000000001,
      0.7000000000000001,
      0.8,
      0.9,
      1.0
    ],
    "n_samples": 2211
  },
  "probas-min": {
    "score": 0.19369418417221743,
    "bin_accuracy": [
      0.46511627906976744,
      0.4716981132075472,
      0.3548387096774194,
      0.4927536231884058,
      0.425531914893617,
      0.4961832061068702,
      0.5238095238095238,
      0.6521739130434783,
      0.6482758620689655,
      0.7333333333333333
    ],
    "bin_confidence": [
      0.05899211982608509,
      0.15034250814065123,
      0.24868260976121967,
      0.35130806261284064,
      0.454885204593141,
      0.5543663585909878,
      0.650282743475066,
      0.7516571166401874,
      0.8512230874347536,
      0.9822864385780444
    ],
    "bin_count": [
      43,
      53,
      62,
      69,
      94,
      131,
      189,
      230,
      290,
      1050
    ],
    "bin_edges": [
      0.0,
      0.1,
      0.2,
      0.30000000000000004,
      0.4,
      0.5,
      0.6000000000000001,
      0.7000000000000001,
      0.8,
      0.9,
      1.0
    ],
    "n_samples": 2211
  },
  "token-sar": {
    "score": 0.24330590562866336,
    "bin_accuracy": [
      0.0,
      0.5,
      0.5454545454545454,
      0.25,
      0.28,
      0.2909090909090909,
      0.4326923076923077,
      0.4666666666666667,
      0.5548961424332344,
      0.7162576687116564
    ],
    "bin_confidence": [
      0.03942298744601395,
      0.18284932115833402,
      0.24442634008730052,
      0.35075100919513125,
      0.45800521881974565,
      0.551405590927758,
      0.6497110033779804,
      0.751406377502532,
      0.8559910284226122,
      0.9750394044839447
    ],
    "bin_count": [
      6,
      4,
      11,
      16,
      25,
      55,
      104,
      180,
      337,
      1304
    ],
    "bin_edges": [
      0.0,
      0.1,
      0.2,
      0.30000000000000004,
      0.4,
      0.5,
      0.6000000000000001,
      0.7000000000000001,
      0.8,
      0.9,
      1.0
    ],
    "n_samples": 2211
  },
  "p-true-bl": {
    "score": 0.13266929063469185,
    "bin_accuracy": [
      NaN,
      NaN,
      NaN,
      NaN,
      NaN,
      0.6,
      0.6349206349206349,
      0.6814159292035398,
      0.5722460658082976,
      0.25
    ],
    "bin_confidence": [
      NaN,
      NaN,
      NaN,
      NaN,
      NaN,
      0.580787467956543,
      0.6715968433353636,
      0.7569452351077564,
      0.8329005935502496,
      0.9094076901674271
    ],
    "bin_count": [
      0,
      0,
      0,
      0,
      0,
      5,
      252,
      1243,
      699,
      12
    ],
    "bin_edges": [
      0.0,
      0.1,
      0.2,
      0.30000000000000004,
      0.4,
      0.5,
      0.6000000000000001,
      0.7000000000000001,
      0.8,
      0.9,
      1.0
    ],
    "n_samples": 2211
  },
  "p-true-allsteps": {
    "score": 0.08424064875565627,
    "bin_accuracy": [
      NaN,
      NaN,
      NaN,
      0.0,
      0.5714285714285714,
      0.6075949367088608,
      0.6608695652173913,
      0.6477584629460201,
      0.5764705882352941,
      0.2857142857142857
    ],
    "bin_confidence": [
      NaN,
      NaN,
      NaN,
      0.3757064640522003,
      0.48050107274736675,
      0.5650211504743069,
      0.658436046389566,
      0.7472904249821251,
      0.826203932949141,
      0.9096645457404
    ],
    "bin_count": [
      0,
      0,
      0,
      1,
      7,
      158,
      690,
      1093,
      255,
      7
    ],
    "bin_edges": [
      0.0,
      0.1,
      0.2,
      0.30000000000000004,
      0.4,
      0.5,
      0.6000000000000001,
      0.7000000000000001,
      0.8,
      0.9,
      1.0
    ],
    "n_samples": 2211
  },
  "p-true-keystep": {
    "score": 0.13801355428794884,
    "bin_accuracy": [
      NaN,
      NaN,
      NaN,
      NaN,
      0.0,
      0.5454545454545454,
      0.5836575875486382,
      0.6638888888888889,
      0.6303549571603427,
      0.5588235294117647
    ],
    "bin_confidence": [
      NaN,
      NaN,
      NaN,
      NaN,
      0.46490156650543213,
      0.5699646770954132,
      0.6707962231877249,
      0.757335400139844,
      0.8366496940137707,
      0.9201230161330279
    ],