{
  "probas-mean-bl": {
    "score": 0.6581064089843552,
    "bin_accuracy": [
      0.0,
      0.3333333333333333,
      0.2608695652173913,
      0.25,
      0.22448979591836735,
      0.24528301886792453,
      0.2138157894736842,
      0.21256038647342995,
      0.2231404958677686,
      0.25842696629213485
    ],
    "bin_confidence": [
      0.05860747769474983,
      0.16119604661232895,
      0.2529273011995476,
      0.36152479714923064,
      0.4503317665625597,
      0.5524929540560259,
      0.6567795472833176,
      0.7559175470087486,
      0.854670698338369,
      0.9804841500743326
    ],
    "bin_count": [
      4,
      6,
      23,
      28,
      49,
      159,
      304,
      621,
      1331,
      4450
    ],
    "bin_edges": [
      0.0,
      0.1,
      0.2,
      0.30000000000000004,
      0.4,
      0.5,
      0.6000000000000001,
      0.7000000000000001,
      0.8,
      0.9,
      1.0
    ],
    "n_samples": 6975
  },
  "probas-min-bl": {
    "score": 0.446910475716796,
    "bin_accuracy": [
      0.1906116642958748,
      0.22348484848484848,
      0.21085271317829457,
      0.2149122807017544,
      0.21875,
      0.2627118644067797,
      0.22171945701357465,
      0.15693430656934307,
      0.22784810126582278,
      0.28499210110584516
    ],
    "bin_confidence": [
      0.054107479729913546,
      0.14963877174269521,
      0.2469002001276312,
      0.34869032575373066,
      0.4481872660531239,
      0.5534512640561088,
      0.6504948559929343,
      0.7492793820200175,
      0.8586704003659985,
      0.9934852582206847
    ],
    "bin_count": [
      703,
      528,
      645,
      456,
      352,
      236,
      221,
      274,
      395,
      3165
    ],
    "bin_edges": [
      0.0,
      0.1,
      0.2,
      0.30000000000000004,
      0.4,
      0.5,
      0.6000000000000001,
      0.7000000000000001,
      0.8,
      0.9,
      1.0
    ],
    "n_samples": 6975
  },
  "token-sar-bl": {
    "score": 0.5887298940334429,
    "bin_accuracy": [
      0.2217573221757322,
      0.22413793103448276,
      0.21875,
      0.2136150234741784,
      0.2783882783882784,
      0.24489795918367346,
      0.058823529411764705,
      0.11764705882352941,
      0.1917808219178082,
      0.2526233968130587
    ],
    "bin_confidence": [
      0.054651395067042634,
      0.16098696237494206,
      0.24987090288606637,
      0.3472296986641458,
      0.4394489939396198,
      0.532651277220979,
      0.6575527927454781,
      0.7440232704667484,
      0.8597206171244791,
      0.9994773651971642
    ],
    "bin_count": [
      239,
      174,
      544,
      426,
      273,
      49,
      17,
      34,
      73,
      5146
    ],
    "bin_edges": [
      0.0,
      0.1,
      0.2,
      0.30000000000000004,
      0.4,
      0.5,
      0.6000000000000001,
      0.7000000000000001,
      0.8,
      0.9,
      1.0
    ],
    "n_samples": 6975
  },
  "probas-mean": {
    "score": 0.46841374520765305,
    "bin_accuracy": [
      0.1870967741935484,
      0.17261904761904762,
      0.19519519519519518,
      0.16009852216748768,
      0.1399548532731377,
      0.21393034825870647,
      0.18487394957983194,
      0.225752508361204,
      0.2696456086286595,
      0.3153219837157661
    ],
    "bin_confidence": [
      0.05401431248898625,
      0.14981856273443608,
      0.2488482382313683,
      0.35236959727944417,
      0.44995453696252163,
      0.5500331467664656,
      0.6488008594533431,
      0.7485750747689788,
      0.8509915354762224,
      0.9875510980614373
    ],
    "bin_count": [
      310,
      336,
      333,
      406,
      443,
      603,
      595,
      598,
      649,
      2702
    ],
    "bin_edges": [
      0.0,
      0.1,
      0.2,
      0.30000000000000004,
      0.4,
      0.5,
      0.6000000000000001,
      0.7000000000000001,
      0.8,
      0.9,
      1.0
    ],
    "n_samples": 6975
  },
  "probas-min": {
    "score": 0.36540542307317453,
    "bin_accuracy": [
      0.14679715302491103,
      0.1875,
      0.19399538106235567,
      0.1934673366834171,
      0.2413793103448276,
      0.2505050505050505,
      0.25879396984924624,
      0.2596685082872928,
      0.30448717948717946,
      0.31459227467811157
    ],
    "bin_confidence": [
      0.04893483736861121,
      0.1409246677290521,
      0.24901185901867398,
      0.34934219949443207,
      0.4508954473573835,
      0.5486192514348567,
      0.6476696288457124,
      0.7480439889553695,
      0.8544765149709522,
      0.9922464661662399
    ],
    "bin_count": [
      1124,
      688,
      433,
      398,
      435,
      495,
      398,
      362,
      312,
      2330
    ],
    "bin_edges": [
      0.0,
      0.1,
      0.2,
      0.30000000000000004,
      0.4,
      0.5,
      0.6000000000000001,
      0.7000000000000001,
      0.8,
      0.9,
      1.0
    ],
    "n_samples": 6975
  },
  "token-sar": {
    "score": 0.41565604480985785,
    "bin_accuracy": [
      0.18691588785046728,
      0.16753926701570682,
      0.1649214659685864,
      0.17798594847775176,
      0.171875,
      0.1947565543071161,
      0.20353982300884957,
      0.23159784560143626,
      0.2529711375212224,
      0.32155172413793104
    ],
    "bin_confidence": [
      0.05436700115549967,
      0.1503752477777645,
      0.2503867128258758,
      0.3511166191703316,
      0.4484968693141761,
      0.5495140141303538,
      0.6479229397255635,
      0.7509688512858927,
      0.8503904801101755,
      0.9844432581858295
    ],
    "bin_count": [
      321,
      382,
      382,
      427,
      448,
      534,
      565,
      557,
      589,
      2320
    ],
    "bin_edges": [
      0.0,
      0.1,
      0.2,
      0.30000000000000004,
      0.4,
      0.5,
      0.6000000000000001,
      0.7000000000000001,
      0.8,
      0.9,
      1.0
    ],
    "n_samples": 6975
  },
  "p-true-bl": {
    "score": 0.5219588684736615,
    "bin_accuracy": [
      NaN,
      NaN,
      NaN,
      NaN,
      0.16666666666666666,
      0.24096385542168675,
      0.2092426187419769,
      0.22077282795963574,
      0.30601092896174864,
      0.3870967741935484
    ],
    "bin_confidence": [
      NaN,
      NaN,
      NaN,
      NaN,
      0.47544871270656586,
      0.5670150144990668,
      0.6665172109401885,
      0.7588614969015297,
      0.8290692759993298,
      0.914856364650111
    ],
    "bin_count": [
      0,
      0,
      0,
      0,
      6,
      83,
      779,
      4063,
      2013,
      31
    ],
    "bin_edges": [
      0.0,
      0.1,
      0.2,
      0.30000000000000004,
      0.4,
      0.5,
      0.6000000000000001,
      0.7000000000000001,
      0.8,
      0.9,
      1.0
    ],
    "n_samples": 6975
  },
  "p-true-allsteps": {
    "score": 0.5824463878652101,
    "bin_accuracy": [
      NaN,
      NaN,
      0.0,
      0.16666666666666666,
      0.23809523809523808,
      0.21978021978021978,
      0.1828793774319066,
      0.19400352733686066,
      0.2523495300939812,
      0.33189655172413796
    ],
    "bin_confidence": [
      NaN,
      NaN,
      0.2782568037509918,
      0.3526281764109929,
      0.4788829031444731,
      0.5627796545133485,
      0.659139491240802,
      0.7680054763217031,
      0.8485213395024128,
      0.9140684519862307
    ],
    "bin_count": [
      0,
      0,
      1,
      6,
      21,
      91,
      257,
      1134,
      5001,
      464
    ],
    "bin_edges": [
      0.0,
      0.1,
      0.2,
      0.30000000000000004,
      0.4,
      0.5,
      0.6000000000000001,
      0.7000000000000001,
      0.8,
      0.9,
      1.0
    ],
    "n_samples": 6975
  },
  "p-true-keystep": {
    "score": 0.5621540578462744,
    "bin_accuracy": [
      NaN,
      NaN,
      NaN,
      NaN,
      NaN,
      0.14285714285714285,
      0.2146118721461187,
      0.1971268954509178,
      0.27111650485436894,
      0.4224137931034483
    ],