{
  "probas-mean-bl": {
    "score": 0.4375520191209926,
    "bin_accuracy": [
      0.04081632653061224,
      0.2,
      0.1,
      0.11428571428571428,
      0.325,
      0.2608695652173913,
      0.3942307692307692,
      0.3900709219858156,
      0.3135593220338983,
      0.44214876033057854
    ],
    "bin_confidence": [
      0.04694532154470074,
      0.154170866864216,
      0.25235925995020403,
      0.35371882009928174,
      0.4529602717719639,
      0.5449186152836948,
      0.6507218496650293,
      0.7484229344816605,
      0.8526352084187353,
      0.9907843684314047
    ],
    "bin_count": [
      49,
      15,
      20,
      35,
      40,
      69,
      104,
      141,
      118,
      726
    ],
    "bin_edges": [
      0.0,
      0.1,
      0.2,
      0.30000000000000004,
      0.4,
      0.5,
      0.6000000000000001,
      0.7000000000000001,
      0.8,
      0.9,
      1.0
    ],
    "n_samples": 1317
  },
  "probas-min-bl": {
    "score": 0.3635636360342802,
    "bin_accuracy": [
      0.15675675675675677,
      0.35526315789473684,
      0.3013698630136986,
      0.4126984126984127,
      0.39285714285714285,
      0.3877551020408163,
      0.2777777777777778,
      0.3559322033898305,
      0.3492063492063492,
      0.4535768645357686
    ],
    "bin_confidence": [
      0.047854770030322916,
      0.1453475644321818,
      0.2495838573125944,
      0.34156940901090227,
      0.45562940569860594,
      0.550248962275836,
      0.6448037144210603,
      0.7557296308420473,
      0.8459534049034119,
      0.9937258113283364
    ],
    "bin_count": [
      185,
      76,
      73,
      63,
      56,
      49,
      36,
      59,
      63,
      657
    ],
    "bin_edges": [
      0.0,
      0.1,
      0.2,
      0.30000000000000004,
      0.4,
      0.5,
      0.6000000000000001,
      0.7000000000000001,
      0.8,
      0.9,
      1.0
    ],
    "n_samples": 1317
  },
  "token-sar-bl": {
    "score": 0.4558197729927385,
    "bin_accuracy": [
      0.1368421052631579,
      0.3829787234042553,
      0.23636363636363636,
      0.4878048780487805,
      0.36363636363636365,
      0.3902439024390244,
      0.23333333333333334,
      0.36585365853658536,
      0.26666666666666666,
      0.4168564920273349
    ],
    "bin_confidence": [
      0.05047136416756793,
      0.15397149324417114,
      0.25207024758512325,
      0.3366502814176606,
      0.45391738279299304,
      0.5491947110106306,
      0.6546153803666432,
      0.7537523115553507,
      0.8453980419370863,
      0.9968226795723335
    ],
    "bin_count": [
      95,
      47,
      55,
      41,
      44,
      41,
      30,
      41,
      45,
      878
    ],
    "bin_edges": [
      0.0,
      0.1,
      0.2,
      0.30000000000000004,
      0.4,
      0.5,
      0.6000000000000001,
      0.7000000000000001,
      0.8,
      0.9,
      1.0
    ],
    "n_samples": 1317
  },
  "probas-mean": {
    "score": 0.4171457664809023,
    "bin_accuracy": [
      0.25,
      0.3333333333333333,
      0.0,
      0.2857142857142857,
      0.2,
      0.2159090909090909,
      0.33727810650887574,
      0.31343283582089554,
      0.40181268882175225,
      0.4831168831168831
    ],
    "bin_confidence": [
      0.05845977272838354,
      0.17114710931976637,
      0.2584436624294384,
      0.3599981135388421,
      0.46099985069145344,
      0.558691255779038,
      0.6547624225518525,
      0.752167840589668,
      0.8506250968319725,
      0.961273771356544
    ],
    "bin_count": [
      4,
      3,
      3,
      21,
      45,
      88,
      169,
      268,
      331,
      385
    ],
    "bin_edges": [
      0.0,
      0.1,
      0.2,
      0.30000000000000004,
      0.4,
      0.5,
      0.6000000000000001,
      0.7000000000000001,
      0.8,
      0.9,
      1.0
    ],
    "n_samples": 1317
  },
  "probas-min": {
    "score": 0.2571625948678818,
    "bin_accuracy": [
      0.2641509433962264,
      0.34375,
      0.23711340206185566,
      0.33858267716535434,
      0.30303030303030304,
      0.3227848101265823,
      0.39644970414201186,
      0.389937106918239,
      0.5037037037037037,
      0.47533632286995514
    ],
    "bin_confidence": [
      0.05643677689684896,
      0.15090775106890897,
      0.2513849800913704,
      0.3450687942876372,
      0.45633067041605535,
      0.5478582889585617,
      0.6498126739219544,
      0.7464845913704059,
      0.849043423264312,
      0.9739766391470476
    ],
    "bin_count": [
      53,
      64,
      97,
      127,
      132,
      158,
      169,
      159,
      135,
      223
    ],
    "bin_edges": [
      0.0,
      0.1,
      0.2,
      0.30000000000000004,
      0.4,
      0.5,
      0.6000000000000001,
      0.7000000000000001,
      0.8,
      0.9,
      1.0
    ],
    "n_samples": 1317
  },
  "token-sar": {
    "score": 0.41726882931821707,
    "bin_accuracy": [
      0.25,
      0.3333333333333333,
      0.0,
      0.34782608695652173,
      0.13043478260869565,
      0.2087912087912088,
      0.3464052287581699,
      0.3110236220472441,
      0.38390092879256965,
      0.49385749385749383
    ],
    "bin_confidence": [
      0.05845977272838354,
      0.16719628523801244,
      0.2512541406007051,
      0.35640999565722276,
      0.4574486932251997,
      0.558245627848208,
      0.6561208024766975,
      0.7518054539323581,
      0.8514657234548014,
      0.9597378053547893
    ],
    "bin_count": [
      4,
      3,
      5,
      23,
      46,
      91,
      153,
      254,
      323,
      407
    ],
    "bin_edges": [
      0.0,
      0.1,
      0.2,
      0.30000000000000004,
      0.4,
      0.5,
      0.6000000000000001,
      0.7000000000000001,
      0.8,
      0.9,
      1.0
    ],
    "n_samples": 1317
  },
  "probas-mean-alltokens": {
    "score": 0.4039455515488286,
    "bin_accuracy": [
      NaN,
      NaN,
      NaN,
      NaN,
      0.0,
      0.24,
      0.2967032967032967,
      0.35634328358208955,
      0.3967611336032389,
      0.6282051282051282
    ],
    "bin_confidence": [
      NaN,
      NaN,
      NaN,
      NaN,
      0.4455887579528974,
      0.565567414036122,
      0.6619762883507272,
      0.753390722767658,
      0.8439140779768861,
      0.920195668193843
    ],
    "bin_count": [
      0,
      0,
      0,
      0,
      2,
      25,
      182,
      536,
      494,
      78
    ],
    "bin_edges": [
      0.0,
      0.1,
      0.2,
      0.30000000000000004,
      0.4,
      0.5,
      0.6000000000000001,
      0.7000000000000001,
      0.8,
      0.9,
      1.0
    ],
    "n_samples": 1317
  },
  "probas-min-alltokens": {
    "score": 0.346044489322902,
    "bin_accuracy": [
      0.3645833333333333,
      0.5272727272727272,
      0.8333333333333334,
      1.0,
      NaN,
      NaN,
      NaN,
      NaN,
      NaN,
      NaN
    ],
    "bin_confidence": [
      0.02340717146580573,
      0.1337835203517567,
      0.24540937691926956,
      0.3721257150173187,
      NaN,
      NaN,
      NaN,
      NaN,
      NaN,
      NaN
    ],
    "bin_count": [
      1248,
      55,
      12,
      2,
      0,
      0,
      0,
      0,
      0,
      0
    ],
    "bin_edges": [
      0.0,
      0.1,
      0.2,
      0.30000000000000004,
      0.4,
      0.5,
      0.6000000000000001,
      0.7000000000000001,
      0.8,
      0.9,
      1.0
    ],
    "n_samples": 1317
  },
  "token-sar-alltokens": {
    "score": 0.3235175728839635,
    "bin_accuracy": [
      0.2847682119205298,
      0.36134453781512604,
      0.37254901960784315,
      0.2923076923076923,
      0.4714285714285714,
      0.37681159420289856,
      0.2903225806451613,
      0.28205128205128205,
      0.5510204081632653,
      0.4051172707889126
    ],