{
  "probas-mean-bl": {
    "score": 0.22831786942655052,
    "bin_accuracy": [
      0.11538461538461539,
      0.07692307692307693,
      0.16666666666666666,
      0.20833333333333334,
      0.4444444444444444,
      0.6145833333333334,
      0.5723684210526315,
      0.5696969696969697,
      0.5766871165644172,
      0.7294344473007712
    ],
    "bin_confidence": [
      0.048808577888382554,
      0.15311587179222932,
      0.25679207467301574,
      0.3509296352605382,
      0.4521174169403609,
      0.5564229612472578,
      0.6531583051091817,
      0.748157269576254,
      0.8531321199615596,
      0.9949065978799588
    ],
    "bin_count": [
      26,
      13,
      18,
      24,
      36,
      96,
      152,
      165,
      163,
      1556
    ],
    "bin_edges": [
      0.0,
      0.1,
      0.2,
      0.30000000000000004,
      0.4,
      0.5,
      0.6000000000000001,
      0.7000000000000001,
      0.8,
      0.9,
      1.0
    ],
    "n_samples": 2249
  },
  "probas-min-bl": {
    "score": 0.2657583306486383,
    "bin_accuracy": [
      0.44565217391304346,
      0.5045045045045045,
      0.632183908045977,
      0.5064935064935064,
      0.5774647887323944,
      0.6326530612244898,
      0.49122807017543857,
      0.52,
      0.6091954022988506,
      0.7357723577235772
    ],
    "bin_confidence": [
      0.05697354450366338,
      0.14504357521329914,
      0.24847819887358566,
      0.343414123569216,
      0.45086242573362,
      0.5556892995931664,
      0.65548133536389,
      0.7520796442031861,
      0.8577340389120167,
      0.9966020824382622
    ],
    "bin_count": [
      184,
      111,
      87,
      77,
      71,
      49,
      57,
      50,
      87,
      1476
    ],
    "bin_edges": [
      0.0,
      0.1,
      0.2,
      0.30000000000000004,
      0.4,
      0.5,
      0.6000000000000001,
      0.7000000000000001,
      0.8,
      0.9,
      1.0
    ],
    "n_samples": 2249
  },
  "token-sar-bl": {
    "score": 0.28991411010274665,
    "bin_accuracy": [
      0.4050632911392405,
      0.6,
      0.6190476190476191,
      0.4745762711864407,
      0.6470588235294118,
      0.5675675675675675,
      0.2894736842105263,
      0.4722222222222222,
      0.6029411764705882,
      0.7053775743707094
    ],
    "bin_confidence": [
      0.05650130655805144,
      0.1527089545769351,
      0.25327212635486845,
      0.3477288711879213,
      0.45450203558977914,
      0.5516582598557344,
      0.6506576428287908,
      0.7492068641715579,
      0.8578212217373007,
      0.9978288843443519
    ],
    "bin_count": [
      79,
      70,
      63,
      59,
      51,
      37,
      38,
      36,
      68,
      1748
    ],
    "bin_edges": [
      0.0,
      0.1,
      0.2,
      0.30000000000000004,
      0.4,
      0.5,
      0.6000000000000001,
      0.7000000000000001,
      0.8,
      0.9,
      1.0
    ],
    "n_samples": 2249
  },
  "probas-mean": {
    "score": 0.15207698239390696,
    "bin_accuracy": [
      0.2,
      0.42857142857142855,
      0.25,
      0.3333333333333333,
      0.390625,
      0.46564885496183206,
      0.5038759689922481,
      0.6240963855421687,
      0.6638655462184874,
      0.8046511627906977
    ],
    "bin_confidence": [
      0.05719366232219797,
      0.15466766640068044,
      0.2588410916315283,
      0.3388114143668827,
      0.45349832153971426,
      0.5486235253963939,
      0.6537299916523281,
      0.7536983523169578,
      0.8519885169721814,
      0.970094627949958
    ],
    "bin_count": [
      5,
      7,
      12,
      21,
      64,
      131,
      258,
      415,
      476,
      860
    ],
    "bin_edges": [
      0.0,
      0.1,
      0.2,
      0.30000000000000004,
      0.4,
      0.5,
      0.6000000000000001,
      0.7000000000000001,
      0.8,
      0.9,
      1.0
    ],
    "n_samples": 2249
  },
  "probas-min": {
    "score": 0.14406816191800687,
    "bin_accuracy": [
      0.4479166666666667,
      0.42857142857142855,
      0.5119047619047619,
      0.5238095238095238,
      0.592391304347826,
      0.6261682242990654,
      0.6706827309236948,
      0.7276422764227642,
      0.683982683982684,
      0.8239202657807309
    ],
    "bin_confidence": [
      0.05876558900335591,
      0.1484546166883815,
      0.2488786340037613,
      0.3474160637640307,
      0.452935318135341,
      0.5500210824528871,
      0.6519954915856844,
      0.7532723877660208,
      0.8506647901168041,
      0.9796385304521527
    ],
    "bin_count": [
      96,
      112,
      168,
      147,
      184,
      214,
      249,
      246,
      231,
      602
    ],
    "bin_edges": [
      0.0,
      0.1,
      0.2,
      0.30000000000000004,
      0.4,
      0.5,
      0.6000000000000001,
      0.7000000000000001,
      0.8,
      0.9,
      1.0
    ],
    "n_samples": 2249
  },
  "token-sar": {
    "score": 0.1583095973406026,
    "bin_accuracy": [
      0.2,
      0.4,
      0.38461538461538464,
      0.2571428571428571,
      0.3611111111111111,
      0.5,
      0.48,
      0.5894428152492669,
      0.6477987421383647,
      0.8162162162162162
    ],
    "bin_confidence": [
      0.059159533642270244,
      0.1501756841945581,
      0.25121543689838116,
      0.3511078086115209,
      0.4501947370643706,
      0.5543821111280084,
      0.6531064418936077,
      0.7548106151926945,
      0.8534294855705666,
      0.9686623796654025
    ],
    "bin_count": [
      5,
      10,
      13,
      35,
      72,
      128,
      225,
      341,
      477,
      925
    ],
    "bin_edges": [
      0.0,
      0.1,
      0.2,
      0.30000000000000004,
      0.4,
      0.5,
      0.6000000000000001,
      0.7000000000000001,
      0.8,
      0.9,
      1.0
    ],
    "n_samples": 2249
  },
  "probas-mean-alltokens": {
    "score": 0.12198942254620014,
    "bin_accuracy": [
      NaN,
      NaN,
      NaN,
      NaN,
      0.6363636363636364,
      0.6349206349206349,
      0.5471698113207547,
      0.6160616061606161,
      0.7142857142857143,
      0.8928571428571429
    ],
    "bin_confidence": [
      NaN,
      NaN,
      NaN,
      NaN,
      0.46244786536332233,
      0.5645012221048149,
      0.6592264761256151,
      0.7563907255236966,
      0.8403438436621095,
      0.9270482581734447
    ],
    "bin_count": [
      0,
      0,
      0,
      0,
      11,
      63,
      265,
      909,
      833,
      168
    ],
    "bin_edges": [
      0.0,
      0.1,
      0.2,
      0.30000000000000004,
      0.4,
      0.5,
      0.6000000000000001,
      0.7000000000000001,
      0.8,
      0.9,
      1.0
    ],
    "n_samples": 2249
  },
  "probas-min-alltokens": {
    "score": 0.6294817772004757,
    "bin_accuracy": [
      0.6469159786304031,
      0.8561151079136691,
      0.9069767441860465,
      0.75,
      1.0,
      1.0,
      NaN,
      NaN,
      NaN,
      NaN
    ],
    "bin_confidence": [
      0.023567891164118313,
      0.13995101040215802,
      0.23331223878749582,
      0.3624129593372345,
      0.43423906962076825,
      0.531209409236908,
      NaN,
      NaN,
      NaN,
      NaN
    ],
    "bin_count": [
      2059,
      139,
      43,
      4,
      3,
      1,
      0,
      0,
      0,
      0
    ],
    "bin_edges": [
      0.0,
      0.1,
      0.2,
      0.30000000000000004,
      0.4,
      0.5,
      0.6000000000000001,
      0.7000000000000001,
      0.8,
      0.9,
      1.0
    ],
    "n_samples": 2249
  },
  "token-sar-alltokens": {
    "score": 0.3703688095841787,
    "bin_accuracy": [
      0.6948356807511737,
      0.6853582554517134,
      0.6462585034013606,
      0.6119402985074627,
      0.6588235294117647,
      0.7090909090909091,
      0.6481481481481481,
      0.6140350877192983,
      0.5303030303030303,
      0.6754491017964072
    ],