{
  "probas-mean-bl": {
    "score": 0.4535152073066597,
    "bin_accuracy": [
      0.0,
      0.1,
      0.05263157894736842,
      0.1,
      0.36363636363636365,
      0.35714285714285715,
      0.4578313253012048,
      0.37894736842105264,
      0.31868131868131866,
      0.4585365853658537
    ],
    "bin_confidence": [
      0.04318531567696482,
      0.1592508450616151,
      0.24737069428195818,
      0.3368422179615923,
      0.44191777991013714,
      0.5604651691133371,
      0.6541356996658183,
      0.7523355019888198,
      0.8491166293238895,
      0.9914430413796467
    ],
    "bin_count": [
      24,
      10,
      19,
      10,
      22,
      56,
      83,
      95,
      91,
      820
    ],
    "bin_edges": [
      0.0,
      0.1,
      0.2,
      0.30000000000000004,
      0.4,
      0.5,
      0.6000000000000001,
      0.7000000000000001,
      0.8,
      0.9,
      1.0
    ],
    "n_samples": 1230
  },
  "probas-min-bl": {
    "score": 0.4061989701920892,
    "bin_accuracy": [
      0.21641791044776118,
      0.2878787878787879,
      0.4307692307692308,
      0.46153846153846156,
      0.27586206896551724,
      0.5,
      0.44,
      0.2857142857142857,
      0.3611111111111111,
      0.46900269541778977
    ],
    "bin_confidence": [
      0.048562968622392684,
      0.1434819293067311,
      0.2468753097149042,
      0.3405896111940726,
      0.44360192890824945,
      0.5574957291285197,
      0.6560153698921204,
      0.7602011156933648,
      0.8619298156764772,
      0.9940668172592101
    ],
    "bin_count": [
      134,
      66,
      65,
      39,
      29,
      30,
      25,
      28,
      72,
      742
    ],
    "bin_edges": [
      0.0,
      0.1,
      0.2,
      0.30000000000000004,
      0.4,
      0.5,
      0.6000000000000001,
      0.7000000000000001,
      0.8,
      0.9,
      1.0
    ],
    "n_samples": 1230
  },
  "token-sar-bl": {
    "score": 0.4528761244659138,
    "bin_accuracy": [
      0.25,
      0.21875,
      0.3582089552238806,
      0.4444444444444444,
      0.32,
      0.5,
      0.38095238095238093,
      0.2727272727272727,
      0.18181818181818182,
      0.44481605351170567
    ],
    "bin_confidence": [
      0.051469485631541294,
      0.15158846392296255,
      0.25155286023865886,
      0.3360438857759748,
      0.4525804388523102,
      0.5554656138022741,
      0.649572471777598,
      0.7463792345740579,
      0.8544273322278803,
      0.9990177423658977
    ],
    "bin_count": [
      68,
      32,
      67,
      63,
      25,
      24,
      21,
      11,
      22,
      897
    ],
    "bin_edges": [
      0.0,
      0.1,
      0.2,
      0.30000000000000004,
      0.4,
      0.5,
      0.6000000000000001,
      0.7000000000000001,
      0.8,
      0.9,
      1.0
    ],
    "n_samples": 1230
  },
  "probas-mean": {
    "score": 0.43607604667733063,
    "bin_accuracy": [
      0.5,
      0.5,
      0.0,
      0.2,
      0.15,
      0.26,
      0.21978021978021978,
      0.3216374269005848,
      0.39057239057239057,
      0.518324607329843
    ],
    "bin_confidence": [
      0.06626496044918895,
      0.17546598274880257,
      0.26458717569974916,
      0.35509912648360287,
      0.46240328929309554,
      0.5522592199639943,
      0.6588567107057091,
      0.755150221877973,
      0.855696759551122,
      0.9663548326477504
    ],
    "bin_count": [
      4,
      2,
      7,
      15,
      20,
      50,
      91,
      171,
      297,
      573
    ],
    "bin_edges": [
      0.0,
      0.1,
      0.2,
      0.30000000000000004,
      0.4,
      0.5,
      0.6000000000000001,
      0.7000000000000001,
      0.8,
      0.9,
      1.0
    ],
    "n_samples": 1230
  },
  "probas-min": {
    "score": 0.280405997129944,
    "bin_accuracy": [
      0.13333333333333333,
      0.25806451612903225,
      0.15217391304347827,
      0.2698412698412698,
      0.32653061224489793,
      0.38524590163934425,
      0.34558823529411764,
      0.4678362573099415,
      0.49696969696969695,
      0.5384615384615384
    ],
    "bin_confidence": [
      0.051286270221986605,
      0.15369497446844654,
      0.25323748520411427,
      0.34423363656909045,
      0.4532075252251014,
      0.551723197522829,
      0.6492384893379999,
      0.7446392837843836,
      0.8508258483061519,
      0.9753398486715162
    ],
    "bin_count": [
      60,
      31,
      46,
      63,
      98,
      122,
      136,
      171,
      165,
      338
    ],
    "bin_edges": [
      0.0,
      0.1,
      0.2,
      0.30000000000000004,
      0.4,
      0.5,
      0.6000000000000001,
      0.7000000000000001,
      0.8,
      0.9,
      1.0
    ],
    "n_samples": 1230
  },
  "token-sar": {
    "score": 0.40643025674939853,
    "bin_accuracy": [
      0.2222222222222222,
      0.0,
      0.125,
      0.1875,
      0.15151515151515152,
      0.19642857142857142,
      0.24742268041237114,
      0.32432432432432434,
      0.43388429752066116,
      0.5080213903743316
    ],
    "bin_confidence": [
      0.04971673608654075,
      0.15021253970430956,
      0.24458509311490267,
      0.34890074369204005,
      0.4548711412147773,
      0.5613634672284855,
      0.6525369167955098,
      0.7509470766142182,
      0.8526018513040621,
      0.970682866124924
    ],
    "bin_count": [
      9,
      7,
      8,
      16,
      33,
      56,
      97,
      148,
      242,
      561
    ],
    "bin_edges": [
      0.0,
      0.1,
      0.2,
      0.30000000000000004,
      0.4,
      0.5,
      0.6000000000000001,
      0.7000000000000001,
      0.8,
      0.9,
      1.0
    ],
    "n_samples": 1230
  },
  "p-true-bl": {
    "score": 0.23744447170718902,
    "bin_accuracy": [
      NaN,
      NaN,
      NaN,
      0.5,
      0.3333333333333333,
      0.39215686274509803,
      0.44072948328267475,
      0.39705882352941174,
      0.2,
      0.0
    ],
    "bin_confidence": [
      NaN,
      NaN,
      NaN,
      0.36057063937187195,
      0.462159405152003,
      0.5658252673990586,
      0.6526091731065675,
      0.7314875242026413,
      0.8237974345684052,
      0.9648298025131226
    ],
    "bin_count": [
      0,
      0,
      0,
      2,
      21,
      255,
      658,
      272,
      20,
      2
    ],
    "bin_edges": [
      0.0,
      0.1,
      0.2,
      0.30000000000000004,
      0.4,
      0.5,
      0.6000000000000001,
      0.7000000000000001,
      0.8,
      0.9,
      1.0
    ],
    "n_samples": 1230
  },
  "p-true-allsteps": {
    "score": 0.28347598638960986,
    "bin_accuracy": [
      NaN,
      NaN,
      NaN,
      0.4,
      0.21739130434782608,
      0.35374149659863946,
      0.4341801385681293,
      0.42424242424242425,
      0.4258064516129032,
      0.2
    ],
    "bin_confidence": [
      NaN,
      NaN,
      NaN,
      0.37497673034667967,
      0.46503138283024664,
      0.5630944363113974,
      0.6576866997582257,
      0.7450286742154654,
      0.8352103075673504,
      0.9281113624572754
    ],
    "bin_count": [
      0,
      0,
      0,
      5,
      23,
      147,
      433,
      462,
      155,
      5
    ],
    "bin_edges": [
      0.0,
      0.1,
      0.2,
      0.30000000000000004,
      0.4,
      0.5,
      0.6000000000000001,
      0.7000000000000001,
      0.8,
      0.9,
      1.0
    ],
    "n_samples": 1230
  },
  "p-true-keystep": {
    "score": 0.3103739114311653,
    "bin_accuracy": [
      NaN,
      NaN,
      NaN,
      NaN,
      0.125,
      0.38202247191011235,
      0.4231974921630094,
      0.4079601990049751,
      0.455,
      0.2727272727272727
    ],
    "bin_confidence": [
      NaN,
      NaN,
      NaN,
      NaN,
      0.48158615827560425,
      0.5659840863742186,
      0.6574894372946043,
      0.7475654686465983,
      0.834549800157547,
      0.9185063622214578
    ],
    "bin_count": [
      0,
      0,
      0,
      0,
      8,
      89,
      319,
      603,
      200,
      11
    ],