{
  "probas-mean-bl": {
    "score": 0.44932759771713915,
    "n_samples": 1317
  },
  "probas-min-bl": {
    "score": 0.398834351421994,
    "n_samples": 1317
  },
  "token-sar-bl": {
    "score": 0.4784644094830698,
    "n_samples": 1317
  },
  "probas-mean": {
    "score": 0.40585151425046373,
    "n_samples": 1317
  },
  "probas-min": {
    "score": 0.3037201302378349,
    "n_samples": 1317
  },
  "token-sar": {
    "score": 0.4096029724212634,
    "n_samples": 1317
  },
  "probas-mean-alltokens": {
    "score": 0.3942357523694539,
    "n_samples": 1317
  },
  "probas-min-alltokens": {
    "score": 0.34903881569089296,
    "n_samples": 1317
  },
  "token-sar-alltokens": {
    "score": 0.39206059049491954,
    "n_samples": 1317
  },
  "p-true-bl": {
    "score": 0.3819810902968068,
    "n_samples": 1317
  },
  "p-true-allsteps": {
    "score": 0.36829126721680977,
    "n_samples": 1317
  },
  "p-true-keystep": {
    "score": 0.4013814156449629,
    "n_samples": 1317
  },
  "p-true-allkeywords": {
    "score": 0.3638876851310994,
    "n_samples": 1317
  },
  "p-true-keykeywords": {
    "score": 0.36328692377292954,
    "n_samples": 1317
  },
  "self-probing-bl": {
    "score": 0.4016561980585424,
    "n_samples": 1317
  },
  "self-probing-allsteps": {
    "score": 0.4322680487776006,
    "n_samples": 1317
  },
  "self-probing-keystep": {
    "score": 0.4267590289453152,
    "n_samples": 1317
  },
  "self-probing-allkeywords": {
    "score": 0.4279900449238371,
    "n_samples": 1317
  },
  "self-probing-keykeywords": {
    "score": 0.43759274225612466,
    "n_samples": 1317
  }
}