{
  "probas-mean-bl": {
    "score": 0.44348990453856857,
    "bin_accuracy": [
      0.0,
      0.041666666666666664,
      0.047619047619047616,
      0.2,
      0.14285714285714285,
      0.20833333333333334,
      0.4358974358974359,
      0.3225806451612903,
      0.33098591549295775,
      0.47058823529411764
    ],
    "bin_confidence": [
      0.051504955447658346,
      0.14447237353564965,
      0.2478523043696283,
      0.34759320346793776,
      0.45000447570853136,
      0.5545414098872148,
      0.6539999127557435,
      0.7542356665893056,
      0.8544371333412397,
      0.9906369434137959
    ],
    "bin_count": [
      45,
      24,
      21,
      20,
      42,
      72,
      78,
      124,
      142,
      748
    ],
    "bin_edges": [
      0.0,
      0.1,
      0.2,
      0.30000000000000004,
      0.4,
      0.5,
      0.6000000000000001,
      0.7000000000000001,
      0.8,
      0.9,
      1.0
    ],
    "n_samples": 1316
  },
  "probas-min-bl": {
    "score": 0.3522850779340939,
    "bin_accuracy": [
      0.12025316455696203,
      0.26436781609195403,
      0.30952380952380953,
      0.3170731707317073,
      0.36538461538461536,
      0.2916666666666667,
      0.3157894736842105,
      0.43859649122807015,
      0.3026315789473684,
      0.482962962962963
    ],
    "bin_confidence": [
      0.04928789785296857,
      0.14405906380250535,
      0.24718751119715826,
      0.3451256577561541,
      0.4574033726866429,
      0.5504953240354856,
      0.6553503274917603,
      0.7539913947122139,
      0.857462297144689,
      0.9944958229418154
    ],
    "bin_count": [
      158,
      87,
      84,
      41,
      52,
      48,
      38,
      57,
      76,
      675
    ],
    "bin_edges": [
      0.0,
      0.1,
      0.2,
      0.30000000000000004,
      0.4,
      0.5,
      0.6000000000000001,
      0.7000000000000001,
      0.8,
      0.9,
      1.0
    ],
    "n_samples": 1316
  },
  "token-sar-bl": {
    "score": 0.45633413246195864,
    "bin_accuracy": [
      0.08433734939759036,
      0.2222222222222222,
      0.36538461538461536,
      0.3939393939393939,
      0.2702702702702703,
      0.21875,
      0.2962962962962963,
      0.4888888888888889,
      0.21153846153846154,
      0.4318681318681319
    ],
    "bin_confidence": [
      0.053353779938027084,
      0.14820108628935283,
      0.24699230549427179,
      0.34294752370227466,
      0.456051920716827,
      0.5530854612588882,
      0.6506642323953135,
      0.7549410223960876,
      0.8525989663142425,
      0.9970834249978537
    ],
    "bin_count": [
      83,
      45,
      52,
      33,
      37,
      32,
      27,
      45,
      52,
      910
    ],
    "bin_edges": [
      0.0,
      0.1,
      0.2,
      0.30000000000000004,
      0.4,
      0.5,
      0.6000000000000001,
      0.7000000000000001,
      0.8,
      0.9,
      1.0
    ],
    "n_samples": 1316
  },
  "probas-mean": {
    "score": 0.41384599663617005,
    "bin_accuracy": [
      0.0,
      0.2857142857142857,
      0.2,
      0.05263157894736842,
      0.24324324324324326,
      0.26506024096385544,
      0.28994082840236685,
      0.3358208955223881,
      0.39941690962099125,
      0.4934725848563969
    ],
    "bin_confidence": [
      0.0597629957881413,
      0.16814133410481175,
      0.2580222201289936,
      0.3629032949202203,
      0.45701336079862737,
      0.55804548502855,
      0.6500984399611368,
      0.7523766529286213,
      0.8511341421488311,
      0.9577641292792621
    ],
    "bin_count": [
      2,
      7,
      5,
      19,
      37,
      83,
      169,
      268,
      343,
      383
    ],
    "bin_edges": [
      0.0,
      0.1,
      0.2,
      0.30000000000000004,
      0.4,
      0.5,
      0.6000000000000001,
      0.7000000000000001,
      0.8,
      0.9,
      1.0
    ],
    "n_samples": 1316
  },
  "probas-min": {
    "score": 0.2463196626436552,
    "bin_accuracy": [
      0.14285714285714285,
      0.27631578947368424,
      0.25925925925925924,
      0.3333333333333333,
      0.24,
      0.3806818181818182,
      0.37575757575757573,
      0.44785276073619634,
      0.4726027397260274,
      0.5136363636363637
    ],
    "bin_confidence": [
      0.05331970877378535,
      0.15302005928644333,
      0.24884848916764854,
      0.354708781893514,
      0.4489061168496864,
      0.5524309813235699,
      0.6503509819050456,
      0.7534074094982718,
      0.8470712979508243,
      0.970424712871371
    ],
    "bin_count": [
      56,
      76,
      81,
      108,
      125,
      176,
      165,
      163,
      146,
      220
    ],
    "bin_edges": [
      0.0,
      0.1,
      0.2,
      0.30000000000000004,
      0.4,
      0.5,
      0.6000000000000001,
      0.7000000000000001,
      0.8,
      0.9,
      1.0
    ],
    "n_samples": 1316
  },
  "token-sar": {
    "score": 0.4124205357109373,
    "bin_accuracy": [
      0.0,
      0.4,
      0.125,
      0.08333333333333333,
      0.21428571428571427,
      0.2857142857142857,
      0.3231707317073171,
      0.2719665271966527,
      0.4059701492537313,
      0.5074257425742574
    ],
    "bin_confidence": [
      0.07301144842814784,
      0.1395934835282284,
      0.26720585006202635,
      0.36120112200565835,
      0.45422988381620355,
      0.5548736292246012,
      0.6528353318995038,
      0.7531074232531516,
      0.8529961233071806,
      0.9577214714535736
    ],
    "bin_count": [
      3,
      5,
      8,
      24,
      42,
      84,
      164,
      239,
      335,
      404
    ],
    "bin_edges": [
      0.0,
      0.1,
      0.2,
      0.30000000000000004,
      0.4,
      0.5,
      0.6000000000000001,
      0.7000000000000001,
      0.8,
      0.9,
      1.0
    ],
    "n_samples": 1316
  },
  "probas-mean-alltokens": {
    "score": 0.40246491765556286,
    "bin_accuracy": [
      NaN,
      NaN,
      NaN,
      NaN,
      NaN,
      0.38461538461538464,
      0.23333333333333334,
      0.3683206106870229,
      0.4127906976744186,
      0.6
    ],
    "bin_confidence": [
      NaN,
      NaN,
      NaN,
      NaN,
      NaN,
      0.5623268581268192,
      0.6647464943779781,
      0.7541380864465064,
      0.84439788297395,
      0.9213042774694261
    ],
    "bin_count": [
      0,
      0,
      0,
      0,
      0,
      26,
      180,
      524,
      516,
      70
    ],
    "bin_edges": [
      0.0,
      0.1,
      0.2,
      0.30000000000000004,
      0.4,
      0.5,
      0.6000000000000001,
      0.7000000000000001,
      0.8,
      0.9,
      1.0
    ],
    "n_samples": 1316
  },
  "probas-min-alltokens": {
    "score": 0.34794212356499915,
    "bin_accuracy": [
      0.3696529459241324,
      0.5172413793103449,
      0.5882352941176471,
      1.0,
      1.0,
      NaN,
      NaN,
      NaN,
      NaN,
      NaN
    ],
    "bin_confidence": [
      0.02386271648516366,
      0.13411500202170734,
      0.23613039798596325,
      0.3062646687030792,
      0.44310811161994934,
      NaN,
      NaN,
      NaN,
      NaN,
      NaN
    ],
    "bin_count": [
      1239,
      58,
      17,
      1,
      1,
      0,
      0,
      0,
      0,
      0
    ],
    "bin_edges": [
      0.0,
      0.1,
      0.2,
      0.30000000000000004,
      0.4,
      0.5,
      0.6000000000000001,
      0.7000000000000001,
      0.8,
      0.9,
      1.0
    ],
    "n_samples": 1316
  },
  "token-sar-alltokens": {
    "score": 0.3186952192060321,
    "bin_accuracy": [
      0.362962962962963,
      0.34146341463414637,
      0.3848797250859107,
      0.3382352941176471,
      0.25274725274725274,
      0.3787878787878788,
      0.4,
      0.4166666666666667,
      0.23529411764705882,
      0.44
    ],