{
  "probas-mean-bl": {
    "score": 0.6196015504377851,
    "bin_accuracy": [
      0.0,
      0.2222222222222222,
      0.14814814814814814,
      0.17142857142857143,
      0.3116883116883117,
      0.24170616113744076,
      0.2554347826086957,
      0.2545676004872107,
      0.27809965237543455,
      0.281825303564434
    ],
    "bin_confidence": [
      0.07667639482921611,
      0.1436636053531626,
      0.24534094800492598,
      0.35218860777839384,
      0.4558837337974707,
      0.5523126188827039,
      0.6571294659274765,
      0.7551956029175929,
      0.8558784630141862,
      0.9788659371699239
    ],
    "bin_count": [
      8,
      18,
      27,
      35,
      77,
      211,
      368,
      821,
      1726,
      5106
    ],
    "bin_edges": [
      0.0,
      0.1,
      0.2,
      0.30000000000000004,
      0.4,
      0.5,
      0.6000000000000001,
      0.7000000000000001,
      0.8,
      0.9,
      1.0
    ],
    "n_samples": 8397
  },
  "probas-min-bl": {
    "score": 0.41353144070352726,
    "bin_accuracy": [
      0.214123006833713,
      0.2654494382022472,
      0.28698553948832034,
      0.284452296819788,
      0.2653927813163482,
      0.25,
      0.22509225092250923,
      0.23822714681440443,
      0.2523364485981308,
      0.30155586987270155
    ],
    "bin_confidence": [
      0.054976551416425504,
      0.14883744293886625,
      0.2479786789987456,
      0.34605626424925906,
      0.4501505032213377,
      0.5546674626892891,
      0.6537188922787065,
      0.7563973158350281,
      0.8556365915269495,
      0.9938306498561249
    ],
    "bin_count": [
      878,
      712,
      899,
      566,
      471,
      276,
      271,
      361,
      428,
      3535
    ],
    "bin_edges": [
      0.0,
      0.1,
      0.2,
      0.30000000000000004,
      0.4,
      0.5,
      0.6000000000000001,
      0.7000000000000001,
      0.8,
      0.9,
      1.0
    ],
    "n_samples": 8397
  },
  "token-sar-bl": {
    "score": 0.5482348686406238,
    "bin_accuracy": [
      0.22426470588235295,
      0.22950819672131148,
      0.3022636484687084,
      0.2570356472795497,
      0.375,
      0.36470588235294116,
      0.1891891891891892,
      0.21052631578947367,
      0.24358974358974358,
      0.27093180283592166
    ],
    "bin_confidence": [
      0.05567648957880652,
      0.16510044926869089,
      0.25112525104841443,
      0.34624743165263094,
      0.4443031738583858,
      0.5334524743697222,
      0.6557379107217531,
      0.7623945913816753,
      0.8585123939391894,
      0.9995181545323412
    ],
    "bin_count": [
      272,
      244,
      751,
      533,
      416,
      85,
      37,
      57,
      78,
      5924
    ],
    "bin_edges": [
      0.0,
      0.1,
      0.2,
      0.30000000000000004,
      0.4,
      0.5,
      0.6000000000000001,
      0.7000000000000001,
      0.8,
      0.9,
      1.0
    ],
    "n_samples": 8397
  },
  "probas-mean": {
    "score": 0.45697749265419635,
    "bin_accuracy": [
      1.0,
      0.0,
      0.10714285714285714,
      0.15748031496062992,
      0.12919896640826872,
      0.17763157894736842,
      0.19988770353733856,
      0.29545454545454547,
      0.3375506072874494,
      0.4147121535181237
    ],
    "bin_confidence": [
      0.07116806507110596,
      0.17697877909659385,
      0.2686524689391658,
      0.3605881073326166,
      0.4600802411068853,
      0.5554748016262686,
      0.6526719401223163,
      0.7521453779179769,
      0.8479381112144613,
      0.9403737155932268
    ],
    "bin_count": [
      1,
      3,
      28,
      127,
      387,
      912,
      1781,
      2244,
      1976,
      938
    ],
    "bin_edges": [
      0.0,
      0.1,
      0.2,
      0.30000000000000004,
      0.4,
      0.5,
      0.6000000000000001,
      0.7000000000000001,
      0.8,
      0.9,
      1.0
    ],
    "n_samples": 8397
  },
  "probas-min": {
    "score": 0.2850767094391763,
    "bin_accuracy": [
      0.044444444444444446,
      0.1497326203208556,
      0.11218568665377177,
      0.1472457627118644,
      0.2064032697547684,
      0.265906362545018,
      0.3254324151185138,
      0.3894736842105263,
      0.4521452145214521,
      0.42585551330798477
    ],
    "bin_confidence": [
      0.07084845494084864,
      0.15914324298452984,
      0.2561571430650313,
      0.3546936591870319,
      0.4524609106062226,
      0.55133230322515,
      0.6484095673398452,
      0.7455851369148094,
      0.8455270811795738,
      0.9403842934406903
    ],
    "bin_count": [
      45,
      187,
      517,
      944,
      1468,
      1666,
      1561,
      1140,
      606,
      263
    ],
    "bin_edges": [
      0.0,
      0.1,
      0.2,
      0.30000000000000004,
      0.4,
      0.5,
      0.6000000000000001,
      0.7000000000000001,
      0.8,
      0.9,
      1.0
    ],
    "n_samples": 8397
  },
  "token-sar": {
    "score": 0.44812433695550175,
    "bin_accuracy": [
      1.0,
      0.0,
      0.08163265306122448,
      0.13529411764705881,
      0.16024340770791076,
      0.19644527595884004,
      0.22414823670053796,
      0.2831858407079646,
      0.3320589841616603,
      0.40619136960600377
    ],
    "bin_confidence": [
      0.07116806507110596,
      0.17960549073443108,
      0.2628526807080855,
      0.35830392614760104,
      0.4583220635250528,
      0.5557575420435817,
      0.6519072931394936,
      0.7514879952055279,
      0.8474035724412676,
      0.9424393434754935
    ],
    "bin_count": [
      1,
      4,
      49,
      170,
      493,
      1069,
      1673,
      2034,
      1831,
      1066
    ],
    "bin_edges": [
      0.0,
      0.1,
      0.2,
      0.30000000000000004,
      0.4,
      0.5,
      0.6000000000000001,
      0.7000000000000001,
      0.8,
      0.9,
      1.0
    ],
    "n_samples": 8397
  },
  "p-true-bl": {
    "score": 0.4881476003850118,
    "bin_accuracy": [
      NaN,
      0.0,
      NaN,
      0.5,
      0.5333333333333333,
      0.3492063492063492,
      0.2707749766573296,
      0.24931737030035706,
      0.3212045169385194,
      0.43333333333333335
    ],
    "bin_confidence": [
      NaN,
      0.13296423852443695,
      NaN,
      0.3557748794555664,
      0.4728087147076925,
      0.5626564006956797,
      0.6653614731507252,
      0.7576322587215958,
      0.8287755661258035,
      0.915323668718338
    ],
    "bin_count": [
      0,
      1,
      0,
      2,
      15,
      126,
      1071,
      4761,
      2391,
      30
    ],
    "bin_edges": [
      0.0,
      0.1,
      0.2,
      0.30000000000000004,
      0.4,
      0.5,
      0.6000000000000001,
      0.7000000000000001,
      0.8,
      0.9,
      1.0
    ],
    "n_samples": 8397
  },
  "p-true-allsteps": {
    "score": 0.5468702938168536,
    "bin_accuracy": [
      NaN,
      NaN,
      0.6666666666666666,
      0.5714285714285714,
      0.5121951219512195,
      0.4473684210526316,
      0.28690807799442897,
      0.2266042780748663,
      0.27728512960436563,
      0.31157894736842107
    ],
    "bin_confidence": [
      NaN,
      NaN,
      0.2483833134174347,
      0.36654968772615704,
      0.4651327125909852,
      0.5598590103419203,
      0.6547948709769501,
      0.7679437125589759,
      0.8472525165359125,
      0.9139975093540392
    ],
    "bin_count": [
      0,
      0,
      3,
      7,
      41,
      152,
      359,
      1496,
      5864,
      475
    ],
    "bin_edges": [
      0.0,
      0.1,
      0.2,
      0.30000000000000004,
      0.4,
      0.5,
      0.6000000000000001,
      0.7000000000000001,
      0.8,
      0.9,
      1.0
    ],
    "n_samples": 8397
  },
  "p-true-keystep": {
    "score": 0.5343592165906869,
    "bin_accuracy": [
      NaN,
      NaN,
      NaN,
      0.5,
      1.0,
      0.2857142857142857,
      0.2996742671009772,
      0.22812051649928264,
      0.29422100741897694,
      0.4294478527607362
    ],