{
  "probas-mean-bl": {
    "score": 0.2896443985451928,
    "bin_accuracy": [
      0.09523809523809523,
      0.1111111111111111,
      0.0,
      0.0,
      0.21739130434782608,
      0.625,
      0.49295774647887325,
      0.5882352941176471,
      0.5875,
      0.6462480857580398
    ],
    "bin_confidence": [
      0.03679253537917421,
      0.14563486807876164,
      0.26076875658084947,
      0.359847945251709,
      0.44433296625965174,
      0.5560745898530716,
      0.6496556525571817,
      0.7564884308744712,
      0.8485124801174864,
      0.9953120966275697
    ],
    "bin_count": [
      21,
      9,
      6,
      12,
      23,
      40,
      71,
      85,
      80,
      653
    ],
    "bin_edges": [
      0.0,
      0.1,
      0.2,
      0.30000000000000004,
      0.4,
      0.5,
      0.6000000000000001,
      0.7000000000000001,
      0.8,
      0.9,
      1.0
    ],
    "n_samples": 1000
  },
  "probas-min-bl": {
    "score": 0.2940893825469539,
    "bin_accuracy": [
      0.25,
      0.5344827586206896,
      0.5813953488372093,
      0.4642857142857143,
      0.48148148148148145,
      0.5925925925925926,
      0.5161290322580645,
      0.6470588235294118,
      0.5757575757575758,
      0.6523125996810207
    ],
    "bin_confidence": [
      0.04627961111659913,
      0.14212290531602398,
      0.245212578149729,
      0.3481450836573328,
      0.4511067205005222,
      0.5557834439807467,
      0.6411518243051344,
      0.7563370343516854,
      0.8518180648485819,
      0.9973960303994077
    ],
    "bin_count": [
      92,
      58,
      43,
      28,
      27,
      27,
      31,
      34,
      33,
      627
    ],
    "bin_edges": [
      0.0,
      0.1,
      0.2,
      0.30000000000000004,
      0.4,
      0.5,
      0.6000000000000001,
      0.7000000000000001,
      0.8,
      0.9,
      1.0
    ],
    "n_samples": 1000
  },
  "token-sar-bl": {
    "score": 0.31926685811765493,
    "bin_accuracy": [
      0.18604651162790697,
      0.42857142857142855,
      0.5555555555555556,
      0.6071428571428571,
      0.4,
      0.5384615384615384,
      0.6818181818181818,
      0.6428571428571429,
      0.5333333333333333,
      0.625170998632011
    ],
    "bin_confidence": [
      0.04712394308731999,
      0.1441980031984193,
      0.25139659201657333,
      0.3517805625285421,
      0.4508590002854665,
      0.5492022748176868,
      0.6329146271402185,
      0.7585059063775199,
      0.8566216409206391,
      0.9974828448080332
    ],
    "bin_count": [
      43,
      35,
      27,
      28,
      30,
      26,
      22,
      28,
      30,
      731
    ],
    "bin_edges": [
      0.0,
      0.1,
      0.2,
      0.30000000000000004,
      0.4,
      0.5,
      0.6000000000000001,
      0.7000000000000001,
      0.8,
      0.9,
      1.0
    ],
    "n_samples": 1000
  },
  "probas-mean": {
    "score": 0.23702653056208214,
    "bin_accuracy": [
      0.0,
      0.5,
      0.5714285714285714,
      0.2857142857142857,
      0.391304347826087,
      0.42105263157894735,
      0.4649122807017544,
      0.5536723163841808,
      0.5411255411255411,
      0.7192513368983957
    ],
    "bin_confidence": [
      0.031568221747875214,
      0.1650784146040678,
      0.24993749229777684,
      0.36861330423411165,
      0.456552085740595,
      0.563536825901657,
      0.6576742931278711,
      0.7557858995642206,
      0.8532866227042822,
      0.9690738364272395
    ],
    "bin_count": [
      1,
      2,
      7,
      14,
      23,
      57,
      114,
      177,
      231,
      374
    ],
    "bin_edges": [
      0.0,
      0.1,
      0.2,
      0.30000000000000004,
      0.4,
      0.5,
      0.6000000000000001,
      0.7000000000000001,
      0.8,
      0.9,
      1.0
    ],
    "n_samples": 1000
  },
  "probas-min": {
    "score": 0.18385580013065583,
    "bin_accuracy": [
      0.4857142857142857,
      0.5,
      0.49122807017543857,
      0.38235294117647056,
      0.5764705882352941,
      0.5445544554455446,
      0.49056603773584906,
      0.5735294117647058,
      0.592,
      0.7569721115537849
    ],
    "bin_confidence": [
      0.05361068341755309,
      0.1489448479694833,
      0.2513021413172535,
      0.3492751591580425,
      0.45056382881065155,
      0.5554498872767288,
      0.6471975419969338,
      0.7460398841093301,
      0.8489433848880577,
      0.9808140298303053
    ],
    "bin_count": [
      35,
      36,
      57,
      68,
      85,
      101,
      106,
      136,
      125,
      251
    ],
    "bin_edges": [
      0.0,
      0.1,
      0.2,
      0.30000000000000004,
      0.4,
      0.5,
      0.6000000000000001,
      0.7000000000000001,
      0.8,
      0.9,
      1.0
    ],
    "n_samples": 1000
  },
  "token-sar": {
    "score": 0.24214303456338465,
    "bin_accuracy": [
      0.0,
      0.3333333333333333,
      0.5,
      0.3333333333333333,
      0.4,
      0.32653061224489793,
      0.45918367346938777,
      0.5481927710843374,
      0.5133928571428571,
      0.7245657568238213
    ],
    "bin_confidence": [
      0.031568221747875214,
      0.17175570666353934,
      0.25051649209687415,
      0.3620183382701669,
      0.44635325286861105,
      0.5592886169727403,
      0.6547508699908443,
      0.7557738015462444,
      0.8506424367214631,
      0.9673000754239627
    ],
    "bin_count": [
      1,
      3,
      6,
      12,
      30,
      49,
      98,
      166,
      224,
      403
    ],
    "bin_edges": [
      0.0,
      0.1,
      0.2,
      0.30000000000000004,
      0.4,
      0.5,
      0.6000000000000001,
      0.7000000000000001,
      0.8,
      0.9,
      1.0
    ],
    "n_samples": 1000
  },
  "probas-mean-alltokens": {
    "score": 0.1978106860199606,
    "bin_accuracy": [
      NaN,
      NaN,
      NaN,
      NaN,
      1.0,
      0.375,
      0.6016949152542372,
      0.5417661097852029,
      0.6066838046272494,
      0.8723404255319149
    ],
    "bin_confidence": [
      NaN,
      NaN,
      NaN,
      NaN,
      0.48513487221339896,
      0.557281605997793,
      0.6603734176796442,
      0.7563140948817269,
      0.8454000905688244,
      0.9193835706327559
    ],
    "bin_count": [
      0,
      0,
      0,
      0,
      3,
      24,
      118,
      419,
      389,
      47
    ],
    "bin_edges": [
      0.0,
      0.1,
      0.2,
      0.30000000000000004,
      0.4,
      0.5,
      0.6000000000000001,
      0.7000000000000001,
      0.8,
      0.9,
      1.0
    ],
    "n_samples": 1000
  },
  "probas-min-alltokens": {
    "score": 0.5534596603796818,
    "bin_accuracy": [
      0.5732758620689655,
      0.6938775510204082,
      0.9,
      1.0,
      1.0,
      NaN,
      NaN,
      NaN,
      NaN,
      NaN
    ],
    "bin_confidence": [
      0.022889393126363223,
      0.1347570942372692,
      0.23048282861709596,
      0.3087189793586731,
      0.4687906503677368,
      NaN,
      NaN,
      NaN,
      NaN,
      NaN
    ],
    "bin_count": [
      928,
      49,
      20,
      2,
      1,
      0,
      0,
      0,
      0,
      0
    ],
    "bin_edges": [
      0.0,
      0.1,
      0.2,
      0.30000000000000004,
      0.4,
      0.5,
      0.6000000000000001,
      0.7000000000000001,
      0.8,
      0.9,
      1.0
    ],
    "n_samples": 1000
  },
  "token-sar-alltokens": {
    "score": 0.32212048370810226,
    "bin_accuracy": [
      0.48484848484848486,
      0.5912408759124088,
      0.574585635359116,
      0.5,
      0.5111111111111111,
      0.625,
      0.6956521739130435,
      0.6666666666666666,
      0.5666666666666667,
      0.6212534059945504
    ],
    "bin_confidence": [
      0.059685860652326034,
      0.1621587473328096,
      0.24227412267284498,
      0.35176326099194977,
      0.45647112329800926,
      0.5475777068308422,
      0.6583964228630066,
      0.755234514673551,
      0.8607876896858215,
      0.9941775564926522
    ],