{
  "probas-mean-bl": {
    "score": 0.2775561541699053,
    "bin_accuracy": [
      0.07692307692307693,
      0.6363636363636364,
      0.25,
      0.6428571428571429,
      0.4864864864864865,
      0.7010309278350515,
      0.5943396226415094,
      0.5343511450381679,
      0.54,
      0.6865127582017011
    ],
    "bin_confidence": [
      0.0435066819190979,
      0.14562380957332524,
      0.25080922173543113,
      0.3529925518802234,
      0.44721502464197516,
      0.559416937615822,
      0.6501147490519781,
      0.7584298300001012,
      0.8501556971781404,
      0.9954205351061219
    ],
    "bin_count": [
      13,
      11,
      12,
      14,
      37,
      97,
      106,
      131,
      150,
      1646
    ],
    "bin_edges": [
      0.0,
      0.1,
      0.2,
      0.30000000000000004,
      0.4,
      0.5,
      0.6000000000000001,
      0.7000000000000001,
      0.8,
      0.9,
      1.0
    ],
    "n_samples": 2217
  },
  "probas-min-bl": {
    "score": 0.31604080741706675,
    "bin_accuracy": [
      0.5517241379310345,
      0.644927536231884,
      0.5308641975308642,
      0.5614035087719298,
      0.6333333333333333,
      0.5,
      0.5,
      0.5952380952380952,
      0.43283582089552236,
      0.6943203573707721
    ],
    "bin_confidence": [
      0.05737720768384892,
      0.1457229197241258,
      0.25272073440345716,
      0.3418736876102916,
      0.45042884250481924,
      0.5529596550124032,
      0.6515341003735861,
      0.7541343399456569,
      0.859299402628372,
      0.9973307775705578
    ],
    "bin_count": [
      145,
      138,
      81,
      57,
      30,
      42,
      48,
      42,
      67,
      1567
    ],
    "bin_edges": [
      0.0,
      0.1,
      0.2,
      0.30000000000000004,
      0.4,
      0.5,
      0.6000000000000001,
      0.7000000000000001,
      0.8,
      0.9,
      1.0
    ],
    "n_samples": 2217
  },
  "token-sar-bl": {
    "score": 0.3296094885147204,
    "bin_accuracy": [
      0.6436781609195402,
      0.7432432432432432,
      0.5714285714285714,
      0.5681818181818182,
      0.5357142857142857,
      0.5263157894736842,
      0.42857142857142855,
      0.4642857142857143,
      0.3170731707317073,
      0.6792562463683904
    ],
    "bin_confidence": [
      0.05846383225643772,
      0.14752570439029383,
      0.25824128188096085,
      0.3366760601374236,
      0.44158001031194416,
      0.5497871762827823,
      0.6506832497460502,
      0.7411597520112991,
      0.8574546851762911,
      0.9988668577952277
    ],
    "bin_count": [
      87,
      74,
      77,
      88,
      28,
      38,
      35,
      28,
      41,
      1721
    ],
    "bin_edges": [
      0.0,
      0.1,
      0.2,
      0.30000000000000004,
      0.4,
      0.5,
      0.6000000000000001,
      0.7000000000000001,
      0.8,
      0.9,
      1.0
    ],
    "n_samples": 2217
  },
  "probas-mean": {
    "score": 0.23721026113512608,
    "bin_accuracy": [
      0.2,
      0.6,
      0.25,
      0.5,
      0.45161290322580644,
      0.425531914893617,
      0.3963963963963964,
      0.5051020408163265,
      0.6059907834101382,
      0.7339246119733924
    ],
    "bin_confidence": [
      0.055317632667720315,
      0.13679263718702175,
      0.2549937643115459,
      0.351771707120754,
      0.44600119820951817,
      0.5571010229491702,
      0.656858371794366,
      0.7543117497468095,
      0.8558065194831785,
      0.9755137704333016
    ],
    "bin_count": [
      10,
      5,
      12,
      18,
      31,
      47,
      111,
      196,
      434,
      1353
    ],
    "bin_edges": [
      0.0,
      0.1,
      0.2,
      0.30000000000000004,
      0.4,
      0.5,
      0.6000000000000001,
      0.7000000000000001,
      0.8,
      0.9,
      1.0
    ],
    "n_samples": 2217
  },
  "probas-min": {
    "score": 0.17781400086352953,
    "bin_accuracy": [
      0.38636363636363635,
      0.5111111111111111,
      0.25,
      0.5483870967741935,
      0.5098039215686274,
      0.5310344827586206,
      0.5497382198952879,
      0.6342412451361867,
      0.6794871794871795,
      0.7467853610286844
    ],
    "bin_confidence": [
      0.06336315139178138,
      0.14389160754274544,
      0.2555948456080657,
      0.3492079397682594,
      0.4492850097810919,
      0.5527344388705432,
      0.6529102312467705,
      0.7531025397837399,
      0.8522267901241499,
      0.9815941568167214
    ],
    "bin_count": [
      44,
      45,
      48,
      62,
      102,
      145,
      191,
      257,
      312,
      1011
    ],
    "bin_edges": [
      0.0,
      0.1,
      0.2,
      0.30000000000000004,
      0.4,
      0.5,
      0.6000000000000001,
      0.7000000000000001,
      0.8,
      0.9,
      1.0
    ],
    "n_samples": 2217
  },
  "token-sar": {
    "score": 0.23398003956891755,
    "bin_accuracy": [
      0.2,
      0.625,
      0.2631578947368421,
      0.4375,
      0.4117647058823529,
      0.41818181818181815,
      0.42,
      0.5397727272727273,
      0.5621301775147929,
      0.7170805116629044
    ],
    "bin_confidence": [
      0.055317632667720315,
      0.1475037915636285,
      0.25766370490422824,
      0.3494090880401812,
      0.4441531112335517,
      0.5568965554725047,
      0.6611293406311014,
      0.752434902148956,
      0.8554551468253134,
      0.9748211266998411
    ],
    "bin_count": [
      10,
      8,
      19,
      16,
      34,
      55,
      100,
      176,
      338,
      1329
    ],
    "bin_edges": [
      0.0,
      0.1,
      0.2,
      0.30000000000000004,
      0.4,
      0.5,
      0.6000000000000001,
      0.7000000000000001,
      0.8,
      0.9,
      1.0
    ],
    "n_samples": 2217
  },
  "p-true-bl": {
    "score": 0.12222889333250934,
    "bin_accuracy": [
      NaN,
      NaN,
      NaN,
      NaN,
      NaN,
      0.5,
      0.6866952789699571,
      0.6875,
      0.5963172804532578,
      0.3181818181818182
    ],
    "bin_confidence": [
      NaN,
      NaN,
      NaN,
      NaN,
      NaN,
      0.5626971051096916,
      0.6706159347628319,
      0.7569444121267551,
      0.8326746116447719,
      0.918113196438009
    ],
    "bin_count": [
      0,
      0,
      0,
      0,
      0,
      8,
      233,
      1248,
      706,
      22
    ],
    "bin_edges": [
      0.0,
      0.1,
      0.2,
      0.30000000000000004,
      0.4,
      0.5,
      0.6000000000000001,
      0.7000000000000001,
      0.8,
      0.9,
      1.0
    ],
    "n_samples": 2217
  },
  "p-true-allsteps": {
    "score": 0.08549779902237944,
    "bin_accuracy": [
      NaN,
      NaN,
      NaN,
      NaN,
      0.5,
      0.6268656716417911,
      0.6828571428571428,
      0.6540240518038853,
      0.6105263157894737,
      0.0
    ],
    "bin_confidence": [
      NaN,
      NaN,
      NaN,
      NaN,
      0.4661089586360114,
      0.5654043662014292,
      0.6603966638871601,
      0.7468861044831677,
      0.8279760479927063,
      0.9196476737658182
    ],
    "bin_count": [
      0,
      0,
      0,
      0,
      14,
      134,
      700,
      1081,
      285,
      3
    ],
    "bin_edges": [
      0.0,
      0.1,
      0.2,
      0.30000000000000004,
      0.4,
      0.5,
      0.6000000000000001,
      0.7000000000000001,
      0.8,
      0.9,
      1.0
    ],
    "n_samples": 2217
  },
  "p-true-keystep": {
    "score": 0.12437094005314579,
    "bin_accuracy": [
      NaN,
      NaN,
      NaN,
      NaN,
      NaN,
      0.55,
      0.5612648221343873,
      0.6866666666666666,
      0.6504739336492891,
      0.5434782608695652
    ],
    "bin_confidence": [
      NaN,
      NaN,
      NaN,
      NaN,
      NaN,
      0.5647230714559555,
      0.6665714211143524,
      0.7580999281860533,
      0.8360903212950693,
      0.9158301599647688
    ],
    "bin_count": [
      0,
      0,
      0,
      0,
      0,
      20,
      253,
      1050,
      844,
      46
    ],