{
  "probas-mean-bl": {
    "score": 0.7495924355661032,
    "bin_accuracy": [
      0.0,
      0.0,
      0.0,
      0.09090909090909091,
      0.0,
      0.023255813953488372,
      0.058823529411764705,
      0.043010752688172046,
      0.014925373134328358,
      0.011695906432748537
    ],
    "bin_confidence": [
      0.027603962717370856,
      0.11490121646784246,
      0.24885189531895754,
      0.3608657350013782,
      0.45286926644510095,
      0.5555406756185691,
      0.656439872225048,
      0.7553537169505029,
      0.8504658415802069,
      0.9552686071801388
    ],
    "bin_count": [
      3,
      2,
      12,
      11,
      23,
      43,
      68,
      93,
      134,
      171
    ],
    "bin_edges": [
      0.0,
      0.1,
      0.2,
      0.30000000000000004,
      0.4,
      0.5,
      0.6000000000000001,
      0.7000000000000001,
      0.8,
      0.9,
      1.0
    ],
    "n_samples": 560
  },
  "probas-min-bl": {
    "score": 0.28383075126829294,
    "bin_accuracy": [
      0.03765690376569038,
      0.029411764705882353,
      0.022727272727272728,
      0.0,
      0.0,
      0.0,
      0.0,
      0.0,
      0.0,
      0.0392156862745098
    ],
    "bin_confidence": [
      0.042673309421299266,
      0.14043763258001385,
      0.24782949956980618,
      0.35040197679490753,
      0.449656063860113,
      0.5481111000884663,
      0.6512505975034502,
      0.756022918791998,
      0.8503068147167083,
      0.9779054884817086
    ],
    "bin_count": [
      239,
      68,
      44,
      33,
      33,
      22,
      18,
      21,
      31,
      51
    ],
    "bin_edges": [
      0.0,
      0.1,
      0.2,
      0.30000000000000004,
      0.4,
      0.5,
      0.6000000000000001,
      0.7000000000000001,
      0.8,
      0.9,
      1.0
    ],
    "n_samples": 560
  },
  "token-sar-bl": {
    "score": 0.6117103629346404,
    "bin_accuracy": [
      0.028985507246376812,
      0.022727272727272728,
      0.01694915254237288,
      0.045454545454545456,
      0.0,
      0.16666666666666666,
      0.0,
      0.0,
      0.2,
      0.017857142857142856
    ],
    "bin_confidence": [
      0.055796108815980995,
      0.15383841436017642,
      0.250352801912922,
      0.3498815738342025,
      0.44910134657009226,
      0.5499385992685953,
      0.6248964667320251,
      0.7531807199120522,
      0.8267991244792938,
      0.9988888182810375
    ],
    "bin_count": [
      69,
      44,
      59,
      44,
      37,
      6,
      3,
      8,
      10,
      280
    ],
    "bin_edges": [
      0.0,
      0.1,
      0.2,
      0.30000000000000004,
      0.4,
      0.5,
      0.6000000000000001,
      0.7000000000000001,
      0.8,
      0.9,
      1.0
    ],
    "n_samples": 560
  },
  "probas-mean": {
    "score": 0.6430801751364068,
    "bin_accuracy": [
      0.07894736842105263,
      0.0,
      0.0,
      0.0,
      0.027777777777777776,
      0.0,
      0.014925373134328358,
      0.012195121951219513,
      0.05555555555555555,
      0.023255813953488372
    ],
    "bin_confidence": [
      0.049005758457340336,
      0.15184772632684493,
      0.2608295857311719,
      0.34776170956968583,
      0.46034593920113015,
      0.5533745199867992,
      0.6470542775736141,
      0.748283122474877,
      0.8474012089959805,
      0.9747441141862146
    ],
    "bin_count": [
      38,
      24,
      18,
      18,
      36,
      58,
      67,
      82,
      90,
      129
    ],
    "bin_edges": [
      0.0,
      0.1,
      0.2,
      0.30000000000000004,
      0.4,
      0.5,
      0.6000000000000001,
      0.7000000000000001,
      0.8,
      0.9,
      1.0
    ],
    "n_samples": 560
  },
  "probas-min": {
    "score": 0.3787437612191216,
    "bin_accuracy": [
      0.03870967741935484,
      0.0,
      0.0,
      0.02702702702702703,
      0.023809523809523808,
      0.03225806451612903,
      0.034482758620689655,
      0.0,
      0.06896551724137931,
      0.023255813953488372
    ],
    "bin_confidence": [
      0.045188150622117465,
      0.14856699489249262,
      0.2451888972692438,
      0.3461247572595556,
      0.45530028599835454,
      0.5475968687411937,
      0.6454699038542985,
      0.7621636057426054,
      0.8486916045852563,
      0.9845657490379207
    ],
    "bin_count": [
      155,
      75,
      52,
      37,
      42,
      31,
      29,
      24,
      29,
      86
    ],
    "bin_edges": [
      0.0,
      0.1,
      0.2,
      0.30000000000000004,
      0.4,
      0.5,
      0.6000000000000001,
      0.7000000000000001,
      0.8,
      0.9,
      1.0
    ],
    "n_samples": 560
  },
  "token-sar": {
    "score": 0.6276829513623351,
    "bin_accuracy": [
      0.07894736842105263,
      0.0,
      0.0,
      0.0,
      0.02564102564102564,
      0.0,
      0.015873015873015872,
      0.05714285714285714,
      0.023529411764705882,
      0.022388059701492536
    ],
    "bin_confidence": [
      0.048979693371225194,
      0.15052950685061767,
      0.2546466568518275,
      0.36037057610859974,
      0.4499465905084006,
      0.5515042874900298,
      0.6511401763319393,
      0.7518119387771683,
      0.8500370982666023,
      0.9695143014191688
    ],
    "bin_count": [
      38,
      21,
      26,
      28,
      39,
      51,
      63,
      70,
      85,
      134
    ],
    "bin_edges": [
      0.0,
      0.1,
      0.2,
      0.30000000000000004,
      0.4,
      0.5,
      0.6000000000000001,
      0.7000000000000001,
      0.8,
      0.9,
      1.0
    ],
    "n_samples": 560
  },
  "probas-mean-alltokens": {
    "score": 0.6973279435175467,
    "bin_accuracy": [
      NaN,
      NaN,
      NaN,
      NaN,
      0.0,
      0.02631578947368421,
      0.023529411764705882,
      0.02575107296137339,
      0.02727272727272727,
      0.0
    ],
    "bin_confidence": [
      NaN,
      NaN,
      NaN,
      NaN,
      0.4657776752211222,
      0.5643152509390167,
      0.6572201616302532,
      0.7485908061443418,
      0.8307006969651582,
      0.9129469359582022
    ],
    "bin_count": [
      0,
      0,
      0,
      0,
      6,
      38,
      170,
      233,
      110,
      3
    ],
    "bin_edges": [
      0.0,
      0.1,
      0.2,
      0.30000000000000004,
      0.4,
      0.5,
      0.6000000000000001,
      0.7000000000000001,
      0.8,
      0.9,
      1.0
    ],
    "n_samples": 560
  },
  "probas-min-alltokens": {
    "score": 0.010808504756174184,
    "bin_accuracy": [
      0.025,
      NaN,
      NaN,
      NaN,
      NaN,
      NaN,
      NaN,
      NaN,
      NaN,
      NaN
    ],
    "bin_confidence": [
      0.014191495243825817,
      NaN,
      NaN,
      NaN,
      NaN,
      NaN,
      NaN,
      NaN,
      NaN,
      NaN
    ],
    "bin_count": [
      560,
      0,
      0,
      0,
      0,
      0,
      0,
      0,
      0,
      0
    ],
    "bin_edges": [
      0.0,
      0.1,
      0.2,
      0.30000000000000004,
      0.4,
      0.5,
      0.6000000000000001,
      0.7000000000000001,
      0.8,
      0.9,
      1.0
    ],
    "n_samples": 560
  },
  "token-sar-alltokens": {
    "score": 0.46221708325735694,
    "bin_accuracy": [
      0.04,
      0.03896103896103896,
      0.012345679012345678,
      0.015625,
      0.047619047619047616,
      0.1,
      0.0,
      0.0,
      0.0,
      0.012658227848101266
    ],
    "bin_confidence": [
      0.05422494771579901,
      0.150068724890808,
      0.24834796915083757,
      0.35136965569108725,
      0.44465919666820103,
      0.5387963771820068,
      0.6634676814079284,
      0.7304908871650696,
      0.8450943742479596,
      0.9981415592416932
    ],
    "bin_count": [
      75,
      77,
      81,
      64,
      63,
      10,
      10,
      15,
      7,
      158
    ],
    "bin_edges": [
      0.0,
      0.1,
      0.2,
      0.30000000000000004,
      0.4,
      0.5,
      0.6000000000000001,
      0.7000000000000001,
      0.8,
      0.9,
      1.0
    ],
    "n_samples": 560
  },