{
  "probas-mean-bl": {
    "score": 0.3033754553553812,
    "bin_accuracy": [
      0.18181818181818182,
      0.0,
      0.25,
      0.25,
      0.5555555555555556,
      0.5652173913043478,
      0.54,
      0.5555555555555556,
      0.4925373134328358,
      0.6466575716234653
    ],
    "bin_confidence": [
      0.05462095958434723,
      0.15542836487293243,
      0.23917758092284203,
      0.3581420373160481,
      0.4513234386427535,
      0.5619645535670685,
      0.649527065507236,
      0.7542513936725843,
      0.8443532451173963,
      0.9956778306146328
    ],
    "bin_count": [
      11,
      1,
      4,
      8,
      9,
      46,
      50,
      63,
      67,
      733
    ],
    "bin_edges": [
      0.0,
      0.1,
      0.2,
      0.30000000000000004,
      0.4,
      0.5,
      0.6000000000000001,
      0.7000000000000001,
      0.8,
      0.9,
      1.0
    ],
    "n_samples": 992
  },
  "probas-min-bl": {
    "score": 0.33870315008408075,
    "bin_accuracy": [
      0.44285714285714284,
      0.6176470588235294,
      0.475,
      0.5714285714285714,
      0.5,
      0.5333333333333333,
      0.4375,
      0.375,
      0.28125,
      0.663323782234957
    ],
    "bin_confidence": [
      0.06165479351766408,
      0.14539289671708555,
      0.24270960837602615,
      0.34077754332905724,
      0.44675236381590366,
      0.5524324337641399,
      0.6551603078842163,
      0.7637498527765274,
      0.8545681219547987,
      0.9983862449753933
    ],
    "bin_count": [
      70,
      68,
      40,
      21,
      16,
      15,
      16,
      16,
      32,
      698
    ],
    "bin_edges": [
      0.0,
      0.1,
      0.2,
      0.30000000000000004,
      0.4,
      0.5,
      0.6000000000000001,
      0.7000000000000001,
      0.8,
      0.9,
      1.0
    ],
    "n_samples": 992
  },
  "token-sar-bl": {
    "score": 0.3506269102719906,
    "bin_accuracy": [
      0.4594594594594595,
      0.5945945945945946,
      0.5675675675675675,
      0.4864864864864865,
      0.5384615384615384,
      0.5,
      0.42857142857142855,
      0.38461538461538464,
      0.4,
      0.6374045801526718
    ],
    "bin_confidence": [
      0.061756314621684516,
      0.15075096548409075,
      0.24729905378174138,
      0.34056297266805496,
      0.44104383083490223,
      0.5569894850254059,
      0.6632074458258492,
      0.7621844456746028,
      0.8556232492129008,
      0.9990000453310766
    ],
    "bin_count": [
      37,
      37,
      37,
      37,
      13,
      10,
      7,
      13,
      15,
      786
    ],
    "bin_edges": [
      0.0,
      0.1,
      0.2,
      0.30000000000000004,
      0.4,
      0.5,
      0.6000000000000001,
      0.7000000000000001,
      0.8,
      0.9,
      1.0
    ],
    "n_samples": 992
  },
  "probas-mean": {
    "score": 0.28448296521973226,
    "bin_accuracy": [
      0.2,
      0.75,
      0.3333333333333333,
      0.375,
      0.4444444444444444,
      0.2777777777777778,
      0.4883720930232558,
      0.3977272727272727,
      0.5765765765765766,
      0.6824324324324325
    ],
    "bin_confidence": [
      0.03220466841012239,
      0.1676105852238834,
      0.2484232968829497,
      0.3487450995094453,
      0.46133691592557174,
      0.5542857541872503,
      0.6647411107901501,
      0.7506593436153863,
      0.8539372605197881,
      0.9750484125192921
    ],
    "bin_count": [
      5,
      4,
      3,
      8,
      9,
      18,
      43,
      88,
      222,
      592
    ],
    "bin_edges": [
      0.0,
      0.1,
      0.2,
      0.30000000000000004,
      0.4,
      0.5,
      0.6000000000000001,
      0.7000000000000001,
      0.8,
      0.9,
      1.0
    ],
    "n_samples": 992
  },
  "probas-min": {
    "score": 0.21210653110631025,
    "bin_accuracy": [
      0.14285714285714285,
      0.5882352941176471,
      0.3333333333333333,
      0.38461538461538464,
      0.37777777777777777,
      0.5915492957746479,
      0.5384615384615384,
      0.5596330275229358,
      0.5785714285714286,
      0.7092511013215859
    ],
    "bin_confidence": [
      0.03916191445760332,
      0.14770436567265258,
      0.25249321078137854,
      0.34695108456683355,
      0.4612205868138474,
      0.5527202672542749,
      0.6523746556513337,
      0.7544970367359749,
      0.8494929728346743,
      0.9779551140617434
    ],
    "bin_count": [
      14,
      17,
      12,
      26,
      45,
      71,
      104,
      109,
      140,
      454
    ],
    "bin_edges": [
      0.0,
      0.1,
      0.2,
      0.30000000000000004,
      0.4,
      0.5,
      0.6000000000000001,
      0.7000000000000001,
      0.8,
      0.9,
      1.0
    ],
    "n_samples": 992
  },
  "token-sar": {
    "score": 0.27681635075070593,
    "bin_accuracy": [
      0.2,
      0.4,
      0.5,
      0.4,
      0.36363636363636365,
      0.47368421052631576,
      0.35,
      0.5,
      0.48148148148148145,
      0.6759098786828422
    ],
    "bin_confidence": [
      0.03220466841012239,
      0.1716625323523764,
      0.25916585953291094,
      0.3342655513290107,
      0.4571891563020589,
      0.5592267642754616,
      0.6620776905666907,
      0.7512086449295593,
      0.8571199237110896,
      0.9726554466648721
    ],
    "bin_count": [
      5,
      5,
      4,
      5,
      11,
      19,
      40,
      96,
      162,
      577
    ],
    "bin_edges": [
      0.0,
      0.1,
      0.2,
      0.30000000000000004,
      0.4,
      0.5,
      0.6000000000000001,
      0.7000000000000001,
      0.8,
      0.9,
      1.0
    ],
    "n_samples": 992
  },
  "p-true-bl": {
    "score": 0.17357551360562923,
    "bin_accuracy": [
      NaN,
      NaN,
      NaN,
      NaN,
      NaN,
      0.25,
      0.5076923076923077,
      0.6121673003802282,
      0.6356589147286822,
      0.3
    ],
    "bin_confidence": [
      NaN,
      NaN,
      NaN,
      NaN,
      NaN,
      0.5779069811105728,
      0.6719871346767132,
      0.7604537413600733,
      0.8323594285536182,
      0.9074351012706756
    ],
    "bin_count": [
      0,
      0,
      0,
      0,
      0,
      4,
      65,
      526,
      387,
      10
    ],
    "bin_edges": [
      0.0,
      0.1,
      0.2,
      0.30000000000000004,
      0.4,
      0.5,
      0.6000000000000001,
      0.7000000000000001,
      0.8,
      0.9,
      1.0
    ],
    "n_samples": 992
  },
  "p-true-allsteps": {
    "score": 0.11681437086794644,
    "bin_accuracy": [
      NaN,
      NaN,
      NaN,
      0.5,
      0.7142857142857143,
      0.5094339622641509,
      0.5921985815602837,
      0.6178861788617886,
      0.6516129032258065,
      0.0
    ],
    "bin_confidence": [
      NaN,
      NaN,
      NaN,
      0.3849387764930725,
      0.47551811167172026,
      0.5592259697194369,
      0.6597931721109025,
      0.7473389828592781,
      0.8301826565496383,
      0.9086179733276367
    ],
    "bin_count": [
      0,
      0,
      0,
      2,
      7,
      53,
      282,
      492,
      155,
      1
    ],
    "bin_edges": [
      0.0,
      0.1,
      0.2,
      0.30000000000000004,
      0.4,
      0.5,
      0.6000000000000001,
      0.7000000000000001,
      0.8,
      0.9,
      1.0
    ],
    "n_samples": 992
  },
  "p-true-keystep": {
    "score": 0.17972238241664826,
    "bin_accuracy": [
      NaN,
      NaN,
      NaN,
      NaN,
      0.0,
      0.4444444444444444,
      0.5526315789473685,
      0.6058558558558559,
      0.6372093023255814,
      0.5
    ],
    "bin_confidence": [
      NaN,
      NaN,
      NaN,
      NaN,
      0.46490156650543213,
      0.5716379351086087,
      0.6680394693424827,
      0.7580451574679967,
      0.8394136951413266,
      0.9182506836950779
    ],
    "bin_count": [
      0,
      0,
      0,
      0,
      1,
      9,
      76,
      444,
      430,
      32
    ],