{
  "probas-mean-bl": {
    "score": 0.3215897155428712,
    "bin_accuracy": [
      0.3333333333333333,
      0.0,
      0.2857142857142857,
      0.7142857142857143,
      0.6923076923076923,
      0.5957446808510638,
      0.5208333333333334,
      0.4927536231884058,
      0.5131578947368421,
      0.6353591160220995
    ],
    "bin_confidence": [
      0.06542625154058139,
      0.1608518585562706,
      0.22839293143312847,
      0.3544317707419396,
      0.4438508294570523,
      0.5630373405883317,
      0.6543932818140695,
      0.7475737100515636,
      0.8478804779177901,
      0.9973178737315503
    ],
    "bin_count": [
      3,
      2,
      7,
      7,
      13,
      47,
      48,
      69,
      76,
      724
    ],
    "bin_edges": [
      0.0,
      0.1,
      0.2,
      0.30000000000000004,
      0.4,
      0.5,
      0.6000000000000001,
      0.7000000000000001,
      0.8,
      0.9,
      1.0
    ],
    "n_samples": 996
  },
  "probas-min-bl": {
    "score": 0.36695040728855716,
    "bin_accuracy": [
      0.5769230769230769,
      0.5217391304347826,
      0.5897435897435898,
      0.5714285714285714,
      0.6666666666666666,
      0.4166666666666667,
      0.6428571428571429,
      0.058823529411764705,
      0.391304347826087,
      0.6405135520684736
    ],
    "bin_confidence": [
      0.06325690236945565,
      0.14265794458164685,
      0.2404008706410726,
      0.34176674698080334,
      0.44241852561632794,
      0.5590805063645045,
      0.6602676510810852,
      0.7533100387629341,
      0.8614028873650924,
      0.9989588769118218
    ],
    "bin_count": [
      78,
      69,
      39,
      28,
      15,
      12,
      14,
      17,
      23,
      701
    ],
    "bin_edges": [
      0.0,
      0.1,
      0.2,
      0.30000000000000004,
      0.4,
      0.5,
      0.6000000000000001,
      0.7000000000000001,
      0.8,
      0.9,
      1.0
    ],
    "n_samples": 996
  },
  "token-sar-bl": {
    "score": 0.3839203723571656,
    "bin_accuracy": [
      0.6571428571428571,
      0.5833333333333334,
      0.5652173913043478,
      0.6818181818181818,
      0.5333333333333333,
      0.3333333333333333,
      0.75,
      0.18181818181818182,
      0.5,
      0.6131105398457584
    ],
    "bin_confidence": [
      0.06431035521839346,
      0.14412205459343064,
      0.2549605988289999,
      0.33543553203344345,
      0.4330733756224314,
      0.550393647617764,
      0.6520484536886215,
      0.7419908155094493,
      0.8660230423722949,
      0.9997223934355003
    ],
    "bin_count": [
      35,
      36,
      46,
      44,
      15,
      9,
      8,
      11,
      14,
      778
    ],
    "bin_edges": [
      0.0,
      0.1,
      0.2,
      0.30000000000000004,
      0.4,
      0.5,
      0.6000000000000001,
      0.7000000000000001,
      0.8,
      0.9,
      1.0
    ],
    "n_samples": 996
  },
  "probas-mean": {
    "score": 0.29095697471002613,
    "bin_accuracy": [
      0.0,
      0.0,
      0.0,
      0.3333333333333333,
      0.3333333333333333,
      0.5882352941176471,
      0.45454545454545453,
      0.4387755102040816,
      0.5524861878453039,
      0.671875
    ],
    "bin_confidence": [
      0.04918666137382388,
      0.15814483859999615,
      0.24034944602864838,
      0.34770280575635387,
      0.45565825379619307,
      0.5609701669097135,
      0.6515076997601666,
      0.7577114171995257,
      0.8538490466575229,
      0.9738456684412953
    ],
    "bin_count": [
      2,
      3,
      7,
      3,
      12,
      17,
      33,
      98,
      181,
      640
    ],
    "bin_edges": [
      0.0,
      0.1,
      0.2,
      0.30000000000000004,
      0.4,
      0.5,
      0.6000000000000001,
      0.7000000000000001,
      0.8,
      0.9,
      1.0
    ],
    "n_samples": 996
  },
  "probas-min": {
    "score": 0.2311204284469487,
    "bin_accuracy": [
      0.08333333333333333,
      0.3181818181818182,
      0.5263157894736842,
      0.5,
      0.5714285714285714,
      0.4528301886792453,
      0.4742268041237113,
      0.5701754385964912,
      0.6985294117647058,
      0.6701902748414377
    ],
    "bin_confidence": [
      0.04697728524094119,
      0.146621962278902,
      0.26161900718638487,
      0.34488562511904364,
      0.45084627361443663,
      0.5550687313220595,
      0.6549402951352111,
      0.7490450906856707,
      0.8572348766128813,
      0.9801808129221268
    ],
    "bin_count": [
      12,
      22,
      19,
      28,
      42,
      53,
      97,
      114,
      136,
      473
    ],
    "bin_edges": [
      0.0,
      0.1,
      0.2,
      0.30000000000000004,
      0.4,
      0.5,
      0.6000000000000001,
      0.7000000000000001,
      0.8,
      0.9,
      1.0
    ],
    "n_samples": 996
  },
  "token-sar": {
    "score": 0.27998104266062895,
    "bin_accuracy": [
      0.0,
      0.0,
      0.125,
      0.2,
      0.5,
      0.3684210526315789,
      0.40540540540540543,
      0.41975308641975306,
      0.5562913907284768,
      0.6634146341463415
    ],
    "bin_confidence": [
      0.07060578864511824,
      0.12118334543298591,
      0.2517104189296348,
      0.36619251892549,
      0.4549484524355095,
      0.5611203585892192,
      0.6563849825539092,
      0.7599464868980319,
      0.8545333709709347,
      0.9734050605718795
    ],
    "bin_count": [
      5,
      1,
      8,
      5,
      8,
      19,
      37,
      81,
      151,
      615
    ],
    "bin_edges": [
      0.0,
      0.1,
      0.2,
      0.30000000000000004,
      0.4,
      0.5,
      0.6000000000000001,
      0.7000000000000001,
      0.8,
      0.9,
      1.0
    ],
    "n_samples": 996
  },
  "p-true-bl": {
    "score": 0.17672445945232268,
    "bin_accuracy": [
      NaN,
      NaN,
      NaN,
      NaN,
      NaN,
      0.0,
      0.5555555555555556,
      0.6214689265536724,
      0.5974683544303797,
      0.3333333333333333
    ],
    "bin_confidence": [
      NaN,
      NaN,
      NaN,
      NaN,
      NaN,
      0.5698526501655579,
      0.6694058009556362,
      0.7580395220812207,
      0.8311417923697942,
      0.9091915488243103
    ],
    "bin_count": [
      0,
      0,
      0,
      0,
      0,
      1,
      63,
      531,
      395,
      6
    ],
    "bin_edges": [
      0.0,
      0.1,
      0.2,
      0.30000000000000004,
      0.4,
      0.5,
      0.6000000000000001,
      0.7000000000000001,
      0.8,
      0.9,
      1.0
    ],
    "n_samples": 996
  },
  "p-true-allsteps": {
    "score": 0.11357401993619393,
    "bin_accuracy": [
      NaN,
      NaN,
      NaN,
      NaN,
      0.625,
      0.5441176470588235,
      0.5901060070671378,
      0.6057692307692307,
      0.6695652173913044,
      1.0
    ],
    "bin_confidence": [
      NaN,
      NaN,
      NaN,
      NaN,
      0.4815965071320534,
      0.5579358076348024,
      0.6565634315510942,
      0.7486942280943577,
      0.8237982138343479,
      0.9161916673183441
    ],
    "bin_count": [
      0,
      0,
      0,
      0,
      8,
      68,
      283,
      520,
      115,
      2
    ],
    "bin_edges": [
      0.0,
      0.1,
      0.2,
      0.30000000000000004,
      0.4,
      0.5,
      0.6000000000000001,
      0.7000000000000001,
      0.8,
      0.9,
      1.0
    ],
    "n_samples": 996
  },
  "p-true-keystep": {
    "score": 0.1830419588639554,
    "bin_accuracy": [
      NaN,
      NaN,
      NaN,
      NaN,
      NaN,
      0.2,
      0.6195652173913043,
      0.5864332603938731,
      0.6234718826405868,
      0.6666666666666666
    ],
    "bin_confidence": [
      NaN,
      NaN,
      NaN,
      NaN,
      NaN,
      0.5681430459022522,
      0.6709422397872676,
      0.7617192453576387,
      0.8369591708288217,
      0.9187998103372979
    ],
    "bin_count": [
      0,
      0,
      0,
      0,
      0,
      5,
      92,
      457,
      409,
      33
    ],