{
  "probas-mean-bl": {
    "score": 0.4571321102736477,
    "bin_accuracy": [
      0.06666666666666667,
      0.3333333333333333,
      0.0,
      0.21428571428571427,
      0.13636363636363635,
      0.3269230769230769,
      0.4943820224719101,
      0.4725274725274725,
      0.36,
      0.449079754601227
    ],
    "bin_confidence": [
      0.054900017598023015,
      0.14616098943062955,
      0.25206129971775226,
      0.35554463730588776,
      0.45535202962205273,
      0.5494051196232662,
      0.6578364401481298,
      0.7508972089993777,
      0.8521346818963362,
      0.992338704132534
    ],
    "bin_count": [
      15,
      9,
      8,
      14,
      22,
      52,
      89,
      91,
      75,
      815
    ],
    "bin_edges": [
      0.0,
      0.1,
      0.2,
      0.30000000000000004,
      0.4,
      0.5,
      0.6000000000000001,
      0.7000000000000001,
      0.8,
      0.9,
      1.0
    ],
    "n_samples": 1190
  },
  "probas-min-bl": {
    "score": 0.42204279230923214,
    "bin_accuracy": [
      0.28205128205128205,
      0.39655172413793105,
      0.35555555555555557,
      0.425,
      0.42857142857142855,
      0.5,
      0.5185185185185185,
      0.3191489361702128,
      0.5,
      0.450402144772118
    ],
    "bin_confidence": [
      0.05118716202485256,
      0.14155203810539738,
      0.25541303753852845,
      0.34929759949445727,
      0.45749183744192123,
      0.5550576696793238,
      0.6569328131499114,
      0.7545842160569861,
      0.8565407179552933,
      0.9944801185150248
    ],
    "bin_count": [
      117,
      58,
      45,
      40,
      28,
      24,
      27,
      47,
      58,
      746
    ],
    "bin_edges": [
      0.0,
      0.1,
      0.2,
      0.30000000000000004,
      0.4,
      0.5,
      0.6000000000000001,
      0.7000000000000001,
      0.8,
      0.9,
      1.0
    ],
    "n_samples": 1190
  },
  "token-sar-bl": {
    "score": 0.46708345903287163,
    "bin_accuracy": [
      0.3611111111111111,
      0.34210526315789475,
      0.25,
      0.46511627906976744,
      0.34782608695652173,
      0.5,
      0.5,
      0.2857142857142857,
      0.35,
      0.44594594594594594
    ],
    "bin_confidence": [
      0.056163757340982556,
      0.14293497291050458,
      0.2607602898031473,
      0.34265634625457053,
      0.4593391690565192,
      0.5558651477098465,
      0.6511850621965196,
      0.7504370638302394,
      0.847863158583641,
      0.9991390891037546
    ],
    "bin_count": [
      72,
      38,
      40,
      43,
      23,
      20,
      18,
      28,
      20,
      888
    ],
    "bin_edges": [
      0.0,
      0.1,
      0.2,
      0.30000000000000004,
      0.4,
      0.5,
      0.6000000000000001,
      0.7000000000000001,
      0.8,
      0.9,
      1.0
    ],
    "n_samples": 1190
  },
  "probas-mean": {
    "score": 0.43513573444650827,
    "bin_accuracy": [
      0.15384615384615385,
      0.14285714285714285,
      0.07692307692307693,
      0.0,
      0.19047619047619047,
      0.13793103448275862,
      0.2898550724637681,
      0.31343283582089554,
      0.4314516129032258,
      0.5038639876352395
    ],
    "bin_confidence": [
      0.05206738036269179,
      0.1501020380225377,
      0.26951581323321255,
      0.3576735539830278,
      0.44624988341336175,
      0.5610717324635802,
      0.6516296560146945,
      0.7555339838152104,
      0.8522227975796227,
      0.974524476696909
    ],
    "bin_count": [
      13,
      7,
      13,
      9,
      21,
      29,
      69,
      134,
      248,
      647
    ],
    "bin_edges": [
      0.0,
      0.1,
      0.2,
      0.30000000000000004,
      0.4,
      0.5,
      0.6000000000000001,
      0.7000000000000001,
      0.8,
      0.9,
      1.0
    ],
    "n_samples": 1190
  },
  "probas-min": {
    "score": 0.33261089017575934,
    "bin_accuracy": [
      0.11904761904761904,
      0.37142857142857144,
      0.2777777777777778,
      0.3469387755102041,
      0.42857142857142855,
      0.38028169014084506,
      0.29838709677419356,
      0.4435483870967742,
      0.4177215189873418,
      0.519916142557652
    ],
    "bin_confidence": [
      0.049279152844437166,
      0.14847342508211903,
      0.25427592468897364,
      0.34874255988873487,
      0.45447487529964453,
      0.5477516030148668,
      0.6517305198710333,
      0.7494717240226504,
      0.8488136033177802,
      0.9822079323003963
    ],
    "bin_count": [
      42,
      35,
      54,
      49,
      56,
      71,
      124,
      124,
      158,
      477
    ],
    "bin_edges": [
      0.0,
      0.1,
      0.2,
      0.30000000000000004,
      0.4,
      0.5,
      0.6000000000000001,
      0.7000000000000001,
      0.8,
      0.9,
      1.0
    ],
    "n_samples": 1190
  },
  "token-sar": {
    "score": 0.4091686817674208,
    "bin_accuracy": [
      0.15384615384615385,
      0.1111111111111111,
      0.06666666666666667,
      0.09090909090909091,
      0.25,
      0.1111111111111111,
      0.23809523809523808,
      0.3025210084033613,
      0.4298642533936652,
      0.5040387722132472
    ],
    "bin_confidence": [
      0.05044059078038699,
      0.14488598058840788,
      0.25969837824409503,
      0.35187468704580177,
      0.4536232391603853,
      0.5640727825302447,
      0.6491254880426125,
      0.7536454258366112,
      0.8509209644134996,
      0.9721279814250796
    ],
    "bin_count": [
      13,
      9,
      15,
      11,
      24,
      27,
      63,
      119,
      221,
      619
    ],
    "bin_edges": [
      0.0,
      0.1,
      0.2,
      0.30000000000000004,
      0.4,
      0.5,
      0.6000000000000001,
      0.7000000000000001,
      0.8,
      0.9,
      1.0
    ],
    "n_samples": 1190
  },
  "p-true-bl": {
    "score": 0.32575583808562336,
    "bin_accuracy": [
      NaN,
      NaN,
      NaN,
      NaN,
      0.0,
      0.34545454545454546,
      0.42452830188679247,
      0.4368421052631579,
      0.42939481268011526,
      0.0
    ],
    "bin_confidence": [
      NaN,
      NaN,
      NaN,
      NaN,
      0.4804787039756775,
      0.5751804546876387,
      0.6574315591803137,
      0.7535836166457126,
      0.8329697125926828,
      0.9150802612304687
    ],
    "bin_count": [
      0,
      0,
      0,
      0,
      1,
      55,
      212,
      570,
      347,
      5
    ],
    "bin_edges": [
      0.0,
      0.1,
      0.2,
      0.30000000000000004,
      0.4,
      0.5,
      0.6000000000000001,
      0.7000000000000001,
      0.8,
      0.9,
      1.0
    ],
    "n_samples": 1190
  },
  "p-true-allsteps": {
    "score": 0.2751687096197064,
    "bin_accuracy": [
      NaN,
      NaN,
      NaN,
      NaN,
      0.125,
      0.3333333333333333,
      0.39316239316239315,
      0.46313799621928164,
      0.5113636363636364,
      0.0
    ],
    "bin_confidence": [
      NaN,
      NaN,
      NaN,
      NaN,
      0.4730236493051052,
      0.5621873537699381,
      0.6605398440972353,
      0.7445615135654384,
      0.8271241709589958,
      0.9039745330810547
    ],
    "bin_count": [
      0,
      0,
      0,
      0,
      8,
      96,
      468,
      529,
      88,
      1
    ],
    "bin_edges": [
      0.0,
      0.1,
      0.2,
      0.30000000000000004,
      0.4,
      0.5,
      0.6000000000000001,
      0.7000000000000001,
      0.8,
      0.9,
      1.0
    ],
    "n_samples": 1190
  },
  "p-true-keystep": {
    "score": 0.3223639089019359,
    "bin_accuracy": [
      NaN,
      NaN,
      NaN,
      NaN,
      0.5,
      0.3076923076923077,
      0.42292490118577075,
      0.4469964664310954,
      0.4158415841584158,
      0.2857142857142857
    ],
    "bin_confidence": [
      NaN,
      NaN,
      NaN,
      NaN,
      0.4931645095348358,
      0.5600777291334592,
      0.6637658163492859,
      0.7548835796728572,
      0.8330705130454337,
      0.9184368295328957
    ],