{
  "probas-mean-bl": {
    "score": 0.9004283893254096,
    "bin_accuracy": [
      NaN,
      NaN,
      0.0,
      NaN,
      0.0,
      0.0,
      0.0,
      0.0,
      0.0,
      0.07727272727272727
    ],
    "bin_confidence": [
      NaN,
      NaN,
      0.25267472863197327,
      NaN,
      0.4299898386001587,
      0.5526417835846995,
      0.6756940348581835,
      0.7465589190863239,
      0.8564250534210279,
      0.9917433321561319
    ],
    "bin_count": [
      0,
      0,
      1,
      0,
      1,
      6,
      1,
      9,
      31,
      440
    ],
    "bin_edges": [
      0.0,
      0.1,
      0.2,
      0.30000000000000004,
      0.4,
      0.5,
      0.6000000000000001,
      0.7000000000000001,
      0.8,
      0.9,
      1.0
    ],
    "n_samples": 489
  },
  "probas-min-bl": {
    "score": 0.7873830495874544,
    "bin_accuracy": [
      0.0,
      0.0,
      0.08333333333333333,
      0.1,
      0.0,
      0.0,
      0.125,
      0.0,
      0.1875,
      0.07427055702917772
    ],
    "bin_confidence": [
      0.04329669025416175,
      0.1523020247166807,
      0.2649776687224706,
      0.33539752662181854,
      0.4393803094114576,
      0.558236226439476,
      0.6263907924294472,
      0.7422027349472046,
      0.8589330613613129,
      0.9968295658614971
    ],
    "bin_count": [
      30,
      11,
      12,
      10,
      7,
      8,
      8,
      10,
      16,
      377
    ],
    "bin_edges": [
      0.0,
      0.1,
      0.2,
      0.30000000000000004,
      0.4,
      0.5,
      0.6000000000000001,
      0.7000000000000001,
      0.8,
      0.9,
      1.0
    ],
    "n_samples": 489
  },
  "token-sar-bl": {
    "score": 0.8627831556687631,
    "bin_accuracy": [
      0.0,
      0.0,
      0.125,
      0.1,
      0.0,
      NaN,
      0.0,
      NaN,
      0.0,
      0.07174887892376682
    ],
    "bin_confidence": [
      0.03980180474796465,
      0.1731935977935791,
      0.26952836103737354,
      0.3189437836408615,
      0.415940560400486,
      NaN,
      0.622459352016449,
      NaN,
      0.8933094143867493,
      0.9998936639772937
    ],
    "bin_count": [
      14,
      5,
      8,
      10,
      4,
      0,
      1,
      0,
      1,
      446
    ],
    "bin_edges": [
      0.0,
      0.1,
      0.2,
      0.30000000000000004,
      0.4,
      0.5,
      0.6000000000000001,
      0.7000000000000001,
      0.8,
      0.9,
      1.0
    ],
    "n_samples": 489
  },
  "probas-mean": {
    "score": 0.4885595933729144,
    "bin_accuracy": [
      0.022727272727272728,
      0.0,
      0.08333333333333333,
      0.13157894736842105,
      0.041666666666666664,
      0.018518518518518517,
      0.02631578947368421,
      0.175,
      0.05555555555555555,
      0.11320754716981132
    ],
    "bin_confidence": [
      0.06382755638005462,
      0.14454511882965065,
      0.24618345222271745,
      0.3563471902059227,
      0.449338381967524,
      0.5438762287343868,
      0.6462902204440782,
      0.7496121638631962,
      0.8617280536456479,
      0.9821456301829505
    ],
    "bin_count": [
      44,
      49,
      36,
      38,
      48,
      54,
      38,
      40,
      36,
      106
    ],
    "bin_edges": [
      0.0,
      0.1,
      0.2,
      0.30000000000000004,
      0.4,
      0.5,
      0.6000000000000001,
      0.7000000000000001,
      0.8,
      0.9,
      1.0
    ],
    "n_samples": 489
  },
  "probas-min": {
    "score": 0.327491283937706,
    "bin_accuracy": [
      0.041916167664670656,
      0.06382978723404255,
      0.034482758620689655,
      0.08571428571428572,
      0.07894736842105263,
      0.10256410256410256,
      0.0,
      0.058823529411764705,
      0.15789473684210525,
      0.10714285714285714
    ],
    "bin_confidence": [
      0.047519360293961775,
      0.13961652527841795,
      0.25253888845654976,
      0.3562343514929808,
      0.45271260471443375,
      0.5501590298590306,
      0.6403769143508878,
      0.7457473284265198,
      0.8533229384483713,
      0.9921226138396868
    ],
    "bin_count": [
      167,
      47,
      29,
      35,
      38,
      39,
      14,
      17,
      19,
      84
    ],
    "bin_edges": [
      0.0,
      0.1,
      0.2,
      0.30000000000000004,
      0.4,
      0.5,
      0.6000000000000001,
      0.7000000000000001,
      0.8,
      0.9,
      1.0
    ],
    "n_samples": 489
  },
  "token-sar": {
    "score": 0.4714117818237971,
    "bin_accuracy": [
      0.02127659574468085,
      0.0,
      0.10526315789473684,
      0.12195121951219512,
      0.021739130434782608,
      0.017241379310344827,
      0.05555555555555555,
      0.16,
      0.125,
      0.10679611650485436
    ],
    "bin_confidence": [
      0.06532955954493773,
      0.14170261972375447,
      0.2511714147378915,
      0.355390554795023,
      0.4503679011618527,
      0.5504729265434708,
      0.6443942035964564,
      0.7464138020113964,
      0.8568497222834184,
      0.9824168040475051
    ],
    "bin_count": [
      47,
      52,
      38,
      41,
      46,
      58,
      36,
      25,
      40,
      103
    ],
    "bin_edges": [
      0.0,
      0.1,
      0.2,
      0.30000000000000004,
      0.4,
      0.5,
      0.6000000000000001,
      0.7000000000000001,
      0.8,
      0.9,
      1.0
    ],
    "n_samples": 489
  },
  "p-true-bl": {
    "score": 0.691059247847715,
    "bin_accuracy": [
      NaN,
      NaN,
      NaN,
      NaN,
      NaN,
      NaN,
      0.0,
      0.07339449541284404,
      0.05405405405405406,
      NaN
    ],
    "bin_confidence": [
      NaN,
      NaN,
      NaN,
      NaN,
      NaN,
      NaN,
      0.6783386878669262,
      0.758777710959452,
      0.8174992219821827,
      NaN
    ],
    "bin_count": [
      0,
      0,
      0,
      0,
      0,
      0,
      16,
      436,
      37,
      0
    ],
    "bin_edges": [
      0.0,
      0.1,
      0.2,
      0.30000000000000004,
      0.4,
      0.5,
      0.6000000000000001,
      0.7000000000000001,
      0.8,
      0.9,
      1.0
    ],
    "n_samples": 489
  },
  "p-true-allsteps": {
    "score": 0.7774028910937241,
    "bin_accuracy": [
      NaN,
      NaN,
      NaN,
      NaN,
      NaN,
      NaN,
      0.16666666666666666,
      0.045454545454545456,
      0.06981981981981981,
      0.058823529411764705
    ],
    "bin_confidence": [
      NaN,
      NaN,
      NaN,
      NaN,
      NaN,
      NaN,
      0.681147704521815,
      0.7708439230918884,
      0.8505017780237369,
      0.910692456890555
    ],
    "bin_count": [
      0,
      0,
      0,
      0,
      0,
      0,
      6,
      22,
      444,
      17
    ],
    "bin_edges": [
      0.0,
      0.1,
      0.2,
      0.30000000000000004,
      0.4,
      0.5,
      0.6000000000000001,
      0.7000000000000001,
      0.8,
      0.9,
      1.0
    ],
    "n_samples": 489
  },
  "p-true-keystep": {
    "score": 0.7071525461834632,
    "bin_accuracy": [
      NaN,
      NaN,
      NaN,
      NaN,
      NaN,
      NaN,
      0.0,
      0.07758620689655173,
      0.0546875,
      0.0
    ],
    "bin_confidence": [
      NaN,
      NaN,
      NaN,
      NaN,
      NaN,
      NaN,
      0.6752683222293854,
      0.7643358188456503,
      0.8187673129141331,
      0.9032942056655884
    ],
    "bin_count": [
      0,
      0,
      0,
      0,
      0,
      0,
      12,
      348,
      128,
      1
    ],
    "bin_edges": [
      0.0,
      0.1,
      0.2,
      0.30000000000000004,
      0.4,
      0.5,
      0.6000000000000001,
      0.7000000000000001,
      0.8,
      0.9,
      1.0
    ],
    "n_samples": 489
  },
  "p-true-allkeywords": {
    "score": 0.7076107886427507,
    "bin_accuracy": [
      NaN,
      NaN,
      NaN,
      NaN,
      NaN,
      0.0,
      0.15384615384615385,
      0.06609195402298851,
      0.07086614173228346,
      NaN
    ],