{
  "probas-mean-bl": {
    "score": 0.4464547298293525,
    "bin_accuracy": [
      0.07894736842105263,
      0.045454545454545456,
      0.05263157894736842,
      0.06666666666666667,
      0.10526315789473684,
      0.3188405797101449,
      0.2980769230769231,
      0.3119266055045872,
      0.4315068493150685,
      0.45479082321187586
    ],
    "bin_confidence": [
      0.052976970340272315,
      0.15125992549159986,
      0.24787762797470284,
      0.35239534179376997,
      0.4486372720230303,
      0.5515506857255834,
      0.6557643338336987,
      0.7477731722599301,
      0.8523425024424665,
      0.9901272743301391
    ],
    "bin_count": [
      38,
      22,
      19,
      30,
      38,
      69,
      104,
      109,
      146,
      741
    ],
    "bin_edges": [
      0.0,
      0.1,
      0.2,
      0.30000000000000004,
      0.4,
      0.5,
      0.6000000000000001,
      0.7000000000000001,
      0.8,
      0.9,
      1.0
    ],
    "n_samples": 1316
  },
  "probas-min-bl": {
    "score": 0.35100942550688463,
    "bin_accuracy": [
      0.15853658536585366,
      0.25263157894736843,
      0.1935483870967742,
      0.21818181818181817,
      0.36363636363636365,
      0.3333333333333333,
      0.5869565217391305,
      0.40350877192982454,
      0.34177215189873417,
      0.47234678624813153
    ],
    "bin_confidence": [
      0.05124088789608965,
      0.1508701194273798,
      0.24606585310351464,
      0.34868605949661946,
      0.45285948094996537,
      0.551272541946835,
      0.6523536003154257,
      0.7449508549874289,
      0.8505794315398494,
      0.9922741909910924
    ],
    "bin_count": [
      164,
      95,
      62,
      55,
      44,
      45,
      46,
      57,
      79,
      669
    ],
    "bin_edges": [
      0.0,
      0.1,
      0.2,
      0.30000000000000004,
      0.4,
      0.5,
      0.6000000000000001,
      0.7000000000000001,
      0.8,
      0.9,
      1.0
    ],
    "n_samples": 1316
  },
  "token-sar-bl": {
    "score": 0.4455066083783233,
    "bin_accuracy": [
      0.1411764705882353,
      0.21052631578947367,
      0.23255813953488372,
      0.25,
      0.3333333333333333,
      0.35714285714285715,
      0.4782608695652174,
      0.2727272727272727,
      0.3275862068965517,
      0.43318485523385303
    ],
    "bin_confidence": [
      0.053561690471628134,
      0.1516935940374408,
      0.24435404774754546,
      0.3525297438556498,
      0.4434153735637665,
      0.5547372315611158,
      0.6572205061497896,
      0.7414860305461016,
      0.8512064917334194,
      0.9965038006183565
    ],
    "bin_count": [
      85,
      57,
      43,
      44,
      36,
      28,
      23,
      44,
      58,
      898
    ],
    "bin_edges": [
      0.0,
      0.1,
      0.2,
      0.30000000000000004,
      0.4,
      0.5,
      0.6000000000000001,
      0.7000000000000001,
      0.8,
      0.9,
      1.0
    ],
    "n_samples": 1316
  },
  "probas-mean": {
    "score": 0.417523140051854,
    "bin_accuracy": [
      0.0,
      0.4,
      0.14285714285714285,
      0.2,
      0.15384615384615385,
      0.19101123595505617,
      0.27672955974842767,
      0.3705179282868526,
      0.4138817480719794,
      0.4712328767123288
    ],
    "bin_confidence": [
      0.029967159343262512,
      0.16191454405585926,
      0.24881039240449063,
      0.3617462358648747,
      0.45639357354664134,
      0.5531587601787534,
      0.6524953566564479,
      0.7521772772505803,
      0.852078941896035,
      0.9593733020682277
    ],
    "bin_count": [
      3,
      5,
      14,
      15,
      26,
      89,
      159,
      251,
      389,
      365
    ],
    "bin_edges": [
      0.0,
      0.1,
      0.2,
      0.30000000000000004,
      0.4,
      0.5,
      0.6000000000000001,
      0.7000000000000001,
      0.8,
      0.9,
      1.0
    ],
    "n_samples": 1316
  },
  "probas-min": {
    "score": 0.24961750388796147,
    "bin_accuracy": [
      0.14285714285714285,
      0.2631578947368421,
      0.2625,
      0.3106796116504854,
      0.3333333333333333,
      0.35374149659863946,
      0.4079601990049751,
      0.43575418994413406,
      0.4166666666666667,
      0.4951923076923077
    ],
    "bin_confidence": [
      0.05846959176933935,
      0.1549826857137776,
      0.25457737511787315,
      0.35180685584787597,
      0.45177907593441946,
      0.5499787209847999,
      0.6517705344122243,
      0.7456344302959743,
      0.84910615455763,
      0.9778765077315372
    ],
    "bin_count": [
      49,
      76,
      80,
      103,
      129,
      147,
      201,
      179,
      144,
      208
    ],
    "bin_edges": [
      0.0,
      0.1,
      0.2,
      0.30000000000000004,
      0.4,
      0.5,
      0.6000000000000001,
      0.7000000000000001,
      0.8,
      0.9,
      1.0
    ],
    "n_samples": 1316
  },
  "token-sar": {
    "score": 0.41594002101608607,
    "bin_accuracy": [
      0.0,
      0.5,
      0.11764705882352941,
      0.2222222222222222,
      0.21212121212121213,
      0.18604651162790697,
      0.2913907284768212,
      0.3306122448979592,
      0.43213296398891965,
      0.4652956298200514
    ],
    "bin_confidence": [
      0.029967159343262512,
      0.156070320867002,
      0.23763997221729696,
      0.3567477877183425,
      0.46245550796951024,
      0.5536944610151064,
      0.654047239980976,
      0.7527800006486749,
      0.8523091008626641,
      0.9580862044684211
    ],
    "bin_count": [
      3,
      4,
      17,
      18,
      33,
      86,
      151,
      245,
      361,
      389
    ],
    "bin_edges": [
      0.0,
      0.1,
      0.2,
      0.30000000000000004,
      0.4,
      0.5,
      0.6000000000000001,
      0.7000000000000001,
      0.8,
      0.9,
      1.0
    ],
    "n_samples": 1316
  },
  "probas-mean-alltokens": {
    "score": 0.40537276132528005,
    "bin_accuracy": [
      NaN,
      NaN,
      NaN,
      NaN,
      NaN,
      0.2222222222222222,
      0.2994350282485876,
      0.331511839708561,
      0.42857142857142855,
      0.6323529411764706
    ],
    "bin_confidence": [
      NaN,
      NaN,
      NaN,
      NaN,
      NaN,
      0.5604923549935363,
      0.6621346886166507,
      0.7571159968159324,
      0.8453932820857873,
      0.9183669883213821
    ],
    "bin_count": [
      0,
      0,
      0,
      0,
      0,
      18,
      177,
      549,
      504,
      68
    ],
    "bin_edges": [
      0.0,
      0.1,
      0.2,
      0.30000000000000004,
      0.4,
      0.5,
      0.6000000000000001,
      0.7000000000000001,
      0.8,
      0.9,
      1.0
    ],
    "n_samples": 1316
  },
  "probas-min-alltokens": {
    "score": 0.34688955774257596,
    "bin_accuracy": [
      0.36326860841423947,
      0.5737704918032787,
      0.7222222222222222,
      1.0,
      NaN,
      NaN,
      NaN,
      NaN,
      NaN,
      NaN
    ],
    "bin_confidence": [
      0.023520934445599644,
      0.129209823784281,
      0.2312292837434345,
      0.3775406777858734,
      NaN,
      NaN,
      NaN,
      NaN,
      NaN,
      NaN
    ],
    "bin_count": [
      1236,
      61,
      18,
      1,
      0,
      0,
      0,
      0,
      0,
      0
    ],
    "bin_edges": [
      0.0,
      0.1,
      0.2,
      0.30000000000000004,
      0.4,
      0.5,
      0.6000000000000001,
      0.7000000000000001,
      0.8,
      0.9,
      1.0
    ],
    "n_samples": 1316
  },
  "token-sar-alltokens": {
    "score": 0.32218218714743285,
    "bin_accuracy": [
      0.323943661971831,
      0.36363636363636365,
      0.36042402826855124,
      0.3387096774193548,
      0.375,
      0.4406779661016949,
      0.35714285714285715,
      0.2903225806451613,
      0.3018867924528302,
      0.42483660130718953
    ],