{
  "probas-mean-bl": {
    "score": 0.3068305667880063,
    "bin_accuracy": [
      0.0,
      0.0,
      0.5,
      0.6666666666666666,
      0.3684210526315789,
      0.62,
      0.6491228070175439,
      0.6031746031746031,
      0.5862068965517241,
      0.6239782016348774
    ],
    "bin_confidence": [
      0.05248166744907697,
      0.16004689120584062,
      0.26358521869406104,
      0.35012957639992237,
      0.4571444509751665,
      0.5546947102356437,
      0.6544635977167639,
      0.7483932268411922,
      0.8472878501272841,
      0.9967898524766907
    ],
    "bin_count": [
      6,
      3,
      4,
      6,
      19,
      50,
      57,
      63,
      58,
      734
    ],
    "bin_edges": [
      0.0,
      0.1,
      0.2,
      0.30000000000000004,
      0.4,
      0.5,
      0.6000000000000001,
      0.7000000000000001,
      0.8,
      0.9,
      1.0
    ],
    "n_samples": 1000
  },
  "probas-min-bl": {
    "score": 0.36617702875006936,
    "bin_accuracy": [
      0.4878048780487805,
      0.625,
      0.5833333333333334,
      0.6666666666666666,
      0.5789473684210527,
      0.45454545454545453,
      0.8181818181818182,
      0.47058823529411764,
      0.5142857142857142,
      0.6319543509272468
    ],
    "bin_confidence": [
      0.054955004407774385,
      0.13976058701518923,
      0.24609302977720895,
      0.34109655519326526,
      0.44455008600887497,
      0.534606315872886,
      0.6477944417433306,
      0.7534358606618994,
      0.8685573884419032,
      0.9987978400415428
    ],
    "bin_count": [
      82,
      64,
      36,
      24,
      19,
      11,
      11,
      17,
      35,
      701
    ],
    "bin_edges": [
      0.0,
      0.1,
      0.2,
      0.30000000000000004,
      0.4,
      0.5,
      0.6000000000000001,
      0.7000000000000001,
      0.8,
      0.9,
      1.0
    ],
    "n_samples": 1000
  },
  "token-sar-bl": {
    "score": 0.37172594855725766,
    "bin_accuracy": [
      0.47058823529411764,
      0.5897435897435898,
      0.7419354838709677,
      0.6511627906976745,
      0.5,
      0.5,
      0.7777777777777778,
      0.25,
      0.6153846153846154,
      0.6198453608247423
    ],
    "bin_confidence": [
      0.05807522888861451,
      0.14212307582298914,
      0.25312405343978633,
      0.3364943265914917,
      0.4467903733253479,
      0.536629444360733,
      0.6435378922356499,
      0.7500336766242981,
      0.873288801083198,
      0.9994265684454712
    ],
    "bin_count": [
      51,
      39,
      31,
      43,
      20,
      10,
      9,
      8,
      13,
      776
    ],
    "bin_edges": [
      0.0,
      0.1,
      0.2,
      0.30000000000000004,
      0.4,
      0.5,
      0.6000000000000001,
      0.7000000000000001,
      0.8,
      0.9,
      1.0
    ],
    "n_samples": 1000
  },
  "probas-mean": {
    "score": 0.28754746268086,
    "bin_accuracy": [
      1.0,
      1.0,
      0.5,
      0.25,
      0.36363636363636365,
      0.4166666666666667,
      0.4,
      0.4605263157894737,
      0.5648148148148148,
      0.672
    ],
    "bin_confidence": [
      0.04801400881260633,
      0.1920422911643982,
      0.2595764175057411,
      0.3572366097586136,
      0.4459005728549485,
      0.5565983201903587,
      0.6597652945994802,
      0.7579257202345147,
      0.8548811337842589,
      0.967947468754622
    ],
    "bin_count": [
      1,
      1,
      2,
      4,
      11,
      24,
      40,
      76,
      216,
      625
    ],
    "bin_edges": [
      0.0,
      0.1,
      0.2,
      0.30000000000000004,
      0.4,
      0.5,
      0.6000000000000001,
      0.7000000000000001,
      0.8,
      0.9,
      1.0
    ],
    "n_samples": 1000
  },
  "probas-min": {
    "score": 0.19171996752813414,
    "bin_accuracy": [
      0.28,
      0.5625,
      0.3888888888888889,
      0.45161290322580644,
      0.48214285714285715,
      0.5797101449275363,
      0.4672897196261682,
      0.6785714285714286,
      0.621301775147929,
      0.6964769647696477
    ],
    "bin_confidence": [
      0.056956860033627155,
      0.14953803045951242,
      0.24826909415932802,
      0.353337524199885,
      0.45311330989432985,
      0.5565689683318759,
      0.6519748532627768,
      0.752315065576094,
      0.8498222526015374,
      0.9729838196773527
    ],
    "bin_count": [
      25,
      16,
      18,
      31,
      56,
      69,
      107,
      140,
      169,
      369
    ],
    "bin_edges": [
      0.0,
      0.1,
      0.2,
      0.30000000000000004,
      0.4,
      0.5,
      0.6000000000000001,
      0.7000000000000001,
      0.8,
      0.9,
      1.0
    ],
    "n_samples": 1000
  },
  "token-sar": {
    "score": 0.27713106128465015,
    "bin_accuracy": [
      0.25,
      1.0,
      0.5,
      0.2857142857142857,
      0.4444444444444444,
      0.2857142857142857,
      0.4444444444444444,
      0.5194805194805194,
      0.6139240506329114,
      0.6383333333333333
    ],
    "bin_confidence": [
      0.05525805142859886,
      0.1920422911643982,
      0.2568713839252374,
      0.359422096724698,
      0.4559316617999444,
      0.5424999811034275,
      0.6558056493852307,
      0.7593777696041836,
      0.8536431307996833,
      0.9700017903673116
    ],
    "bin_count": [
      4,
      1,
      4,
      7,
      9,
      28,
      54,
      77,
      158,
      600
    ],
    "bin_edges": [
      0.0,
      0.1,
      0.2,
      0.30000000000000004,
      0.4,
      0.5,
      0.6000000000000001,
      0.7000000000000001,
      0.8,
      0.9,
      1.0
    ],
    "n_samples": 1000
  },
  "p-true-bl": {
    "score": 0.07722029504179959,
    "bin_accuracy": [
      NaN,
      NaN,
      NaN,
      0.0,
      0.7407407407407407,
      0.6033519553072626,
      0.6365546218487395,
      0.5743944636678201,
      0.5185185185185185,
      NaN
    ],
    "bin_confidence": [
      NaN,
      NaN,
      NaN,
      0.38174696266651154,
      0.4714791951356111,
      0.5631660655890097,
      0.6511078190152385,
      0.7363107913918149,
      0.8249009097063983,
      NaN
    ],
    "bin_count": [
      0,
      0,
      0,
      2,
      27,
      179,
      476,
      289,
      27,
      0
    ],
    "bin_edges": [
      0.0,
      0.1,
      0.2,
      0.30000000000000004,
      0.4,
      0.5,
      0.6000000000000001,
      0.7000000000000001,
      0.8,
      0.9,
      1.0
    ],
    "n_samples": 1000
  },
  "p-true-allsteps": {
    "score": 0.13002083671092982,
    "bin_accuracy": [
      NaN,
      NaN,
      NaN,
      0.0,
      0.8571428571428571,
      0.5208333333333334,
      0.5789473684210527,
      0.631578947368421,
      0.6139534883720931,
      0.7142857142857143
    ],
    "bin_confidence": [
      NaN,
      NaN,
      NaN,
      0.3415825068950653,
      0.45863654358046396,
      0.56242702404658,
      0.6613440602897149,
      0.7481824827194213,
      0.8360273854677067,
      0.9155232565743583
    ],
    "bin_count": [
      0,
      0,
      0,
      1,
      7,
      48,
      247,
      475,
      215,
      7
    ],
    "bin_edges": [
      0.0,
      0.1,
      0.2,
      0.30000000000000004,
      0.4,
      0.5,
      0.6000000000000001,
      0.7000000000000001,
      0.8,
      0.9,
      1.0
    ],
    "n_samples": 1000
  },
  "p-true-keystep": {
    "score": 0.14676615974307064,
    "bin_accuracy": [
      NaN,
      NaN,
      NaN,
      NaN,
      0.25,
      0.5909090909090909,
      0.5759162303664922,
      0.6288659793814433,
      0.607773851590106,
      0.6666666666666666
    ],
    "bin_confidence": [
      NaN,
      NaN,
      NaN,
      NaN,
      0.4677249416708946,
      0.5705622949383475,
      0.6609046415508729,
      0.753977400494605,
      0.8368157380040038,
      0.9144633889198304
    ],
    "bin_count": [
      0,
      0,
      0,
      0,
      4,
      22,
      191,
      485,
      283,
      15
    ],